2025-11-02 17:16:54:1654 [32minfo[39m: [32mMongoDB Connected: ac-wv4zg3h-shard-00-01.2dxthwg.mongodb.net[39m
2025-11-02 17:16:54:1654 [32minfo[39m: [32m🚀 Server running on port 3000 in development mode[39m
2025-11-02 17:16:54:1654 [32minfo[39m: [32m📋 Health check: http://localhost:3000/health[39m
2025-11-02 17:16:54:1654 [32minfo[39m: [32m📚 API documentation: http://localhost:3000/api/docs[39m
2025-11-02 17:18:17:1817 [35mhttp[39m: [35mPOST /api/auth/login 401 55 - 2845.030 ms anonymous[39m
2025-11-02 17:19:52:1952 [32minfo[39m: [32mMongoDB Connected: ac-wv4zg3h-shard-00-02.2dxthwg.mongodb.net[39m
2025-11-02 17:19:52:1952 [32minfo[39m: [32m🚀 Server running on port 3000 in development mode[39m
2025-11-02 17:19:52:1952 [32minfo[39m: [32m📋 Health check: http://localhost:3000/health[39m
2025-11-02 17:19:52:1952 [32minfo[39m: [32m📚 API documentation: http://localhost:3000/api/docs[39m
2025-11-02 17:22:42:2242 [35mhttp[39m: [35mPOST /api/auth/login 401 55 - 158218.384 ms anonymous[39m
2025-11-02 17:24:01:241 [31merror[39m: [31mRegistration error: secretOrPrivateKey must have a value[39m
2025-11-02 17:24:01:241 [35mhttp[39m: [35mPOST /api/auth/register 500 95 - 341.462 ms anonymous[39m
2025-11-02 17:25:58:2558 [35mhttp[39m: [35mPOST /api/auth/register 400 65 - 75894.951 ms anonymous[39m
2025-11-02 17:26:36:2636 [35mhttp[39m: [35mPOST /api/auth/register 400 65 - 4991.106 ms anonymous[39m
2025-11-02 17:33:54:3354 [35mhttp[39m: [35mPOST /api/auth/register 400 65 - 26077.997 ms anonymous[39m
2025-11-02 17:43:01:431 [31merror[39m: [31mRegistration error: secretOrPrivateKey must have a value[39m
2025-11-02 17:43:01:431 [35mhttp[39m: [35mPOST /api/auth/register 500 95 - 15914.313 ms anonymous[39m
2025-11-02 17:45:21:4521 [35mhttp[39m: [35mPOST /api/auth/register 400 65 - 31081.382 ms anonymous[39m
2025-11-02 17:45:49:4549 [31merror[39m: [31mError: Route /auth/register not found[39m
2025-11-02 17:45:49:4549 [35mhttp[39m: [35mPOST /auth/register 404 1445 - 1.615 ms anonymous[39m
2025-11-02 17:46:29:4629 [35mhttp[39m: [35mPOST /api/auth/register 400 65 - 2368.462 ms anonymous[39m
2025-11-02 17:46:41:4641 [31merror[39m: [31mRegistration error: secretOrPrivateKey must have a value[39m
2025-11-02 17:46:41:4641 [35mhttp[39m: [35mPOST /api/auth/register 500 95 - 2428.624 ms anonymous[39m
2025-11-02 17:48:15:4815 [32minfo[39m: [32mSIGTERM received. Starting graceful shutdown...[39m
2025-11-02 17:50:18:5018 [32minfo[39m: [32mMongoDB Connected: ac-wv4zg3h-shard-00-00.2dxthwg.mongodb.net[39m
2025-11-02 17:50:18:5018 [32minfo[39m: [32m🚀 Server running on port 3000 in development mode[39m
2025-11-02 17:50:18:5018 [32minfo[39m: [32m📋 Health check: http://localhost:3000/health[39m
2025-11-02 17:50:18:5018 [32minfo[39m: [32m📚 API documentation: http://localhost:3000/api/docs[39m
2025-11-02 17:51:02:512 [32minfo[39m: [32mMongoDB Connected: ac-wv4zg3h-shard-00-00.2dxthwg.mongodb.net[39m
2025-11-02 17:51:02:512 [32minfo[39m: [32m🚀 Server running on port 3000 in development mode[39m
2025-11-02 17:51:02:512 [32minfo[39m: [32m📋 Health check: http://localhost:3000/health[39m
2025-11-02 17:51:02:512 [32minfo[39m: [32m📚 API documentation: http://localhost:3000/api/docs[39m
2025-11-02 17:51:15:5115 [31merror[39m: [31mRegistration error: secretOrPrivateKey must have a value[39m
2025-11-02 17:51:15:5115 [35mhttp[39m: [35mPOST /api/auth/register 500 95 - 6621.807 ms anonymous[39m
2025-11-02 17:51:58:5158 [32minfo[39m: [32mSIGTERM received. Starting graceful shutdown...[39m
2025-11-02 17:52:07:527 [32minfo[39m: [32mMongoDB Connected: ac-wv4zg3h-shard-00-01.2dxthwg.mongodb.net[39m
2025-11-02 17:52:07:527 [32minfo[39m: [32m🚀 Server running on port 3000 in development mode[39m
2025-11-02 17:52:07:527 [32minfo[39m: [32m📋 Health check: http://localhost:3000/health[39m
2025-11-02 17:52:07:527 [32minfo[39m: [32m📚 API documentation: http://localhost:3000/api/docs[39m
2025-11-02 17:52:33:5233 [32minfo[39m: [32mUser registered successfully: chandra.test.fixed@gmail.com[39m
2025-11-02 17:52:33:5233 [35mhttp[39m: [35mPOST /api/auth/register 201 628 - 3652.777 ms anonymous[39m
2025-11-02 18:05:21:521 [32minfo[39m: [32mMongoDB Connected: ac-wv4zg3h-shard-00-00.2dxthwg.mongodb.net[39m
2025-11-02 18:05:21:521 [32minfo[39m: [32m🚀 Server running on port 3000 in development mode[39m
2025-11-02 18:05:21:521 [32minfo[39m: [32m📋 Health check: http://localhost:3000/health[39m
2025-11-02 18:05:21:521 [32minfo[39m: [32m📚 API documentation: http://localhost:3000/api/docs[39m
2025-11-02 18:07:21:721 [31merror[39m: [31mRegistration error: secretOrPrivateKey must have a value[39m
2025-11-02 18:07:21:721 [35mhttp[39m: [35mPOST /api/auth/register 500 95 - 105705.512 ms anonymous[39m
2025-11-02 18:07:39:739 [32minfo[39m: [32mMongoDB Connected: ac-wv4zg3h-shard-00-02.2dxthwg.mongodb.net[39m
2025-11-02 18:07:40:740 [32minfo[39m: [32m🚀 Server running on port 3000 in development mode[39m
2025-11-02 18:07:40:740 [32minfo[39m: [32m📋 Health check: http://localhost:3000/health[39m
2025-11-02 18:07:40:740 [32minfo[39m: [32m📚 API documentation: http://localhost:3000/api/docs[39m
2025-11-02 18:07:55:755 [32minfo[39m: [32mUser registered successfully: chandraqedcc@gmail.com[39m
2025-11-02 18:07:55:755 [35mhttp[39m: [35mPOST /api/auth/register 201 622 - 3680.095 ms anonymous[39m
2025-11-02 18:09:36:936 [32minfo[39m: [32mUser registered successfully: chandra@gmail.com[39m
2025-11-02 18:09:36:936 [35mhttp[39m: [35mPOST /api/auth/register 201 654 - 6847.334 ms anonymous[39m
2025-11-02 18:10:37:1037 [31merror[39m: [31mAuthentication error: invalid signature[39m
2025-11-02 18:10:37:1037 [35mhttp[39m: [35mPOST /api/auth/logout 401 65 - 13.645 ms anonymous[39m
2025-11-02 18:10:43:1043 [35mhttp[39m: [35mPOST /api/auth/login 401 55 - 2660.486 ms anonymous[39m
2025-11-02 18:11:41:1141 [32minfo[39m: [32mUser registered successfully: chandra@gmail.com[39m
2025-11-02 18:11:41:1141 [35mhttp[39m: [35mPOST /api/auth/register 201 645 - 7615.177 ms anonymous[39m
2025-11-02 18:26:46:2646 [31merror[39m: [31mError: Route /auth/login not found[39m
2025-11-02 18:26:46:2646 [35mhttp[39m: [35mPOST /auth/login 404 - - 13.745 ms anonymous[39m
2025-11-02 18:28:05:285 [35mhttp[39m: [35mPOST /api/auth/login 401 55 - 2523.311 ms anonymous[39m
2025-11-02 18:28:19:2819 [35mhttp[39m: [35mPOST /api/auth/login 401 55 - 1233.147 ms anonymous[39m
2025-11-02 18:28:28:2828 [35mhttp[39m: [35mPOST /api/auth/login 401 55 - 76.632 ms anonymous[39m
2025-11-02 18:28:31:2831 [35mhttp[39m: [35mPOST /api/auth/login 401 55 - 75.305 ms anonymous[39m
2025-11-02 18:28:53:2853 [35mhttp[39m: [35mPOST /api/auth/login - - - - ms anonymous[39m
2025-11-02 18:31:19:3119 [32minfo[39m: [32mUser registered successfully: chandra@gmail.com[39m
2025-11-02 18:31:20:3120 [35mhttp[39m: [35mPOST /api/auth/register 201 647 - 4779.748 ms anonymous[39m
2025-11-02 18:31:25:3125 [31merror[39m: [31mAuthentication error: invalid signature[39m
2025-11-02 18:31:25:3125 [35mhttp[39m: [35mPOST /api/auth/logout 401 65 - 13.496 ms anonymous[39m
2025-11-02 18:31:29:3129 [35mhttp[39m: [35mPOST /api/auth/login 401 55 - 2209.442 ms anonymous[39m
2025-11-02 18:32:39:3239 [32minfo[39m: [32mMongoDB Connected: ac-wv4zg3h-shard-00-00.2dxthwg.mongodb.net[39m
2025-11-02 18:32:39:3239 [32minfo[39m: [32m🚀 Server running on port 3000 in development mode[39m
2025-11-02 18:32:39:3239 [32minfo[39m: [32m📋 Health check: http://localhost:3000/health[39m
2025-11-02 18:32:39:3239 [32minfo[39m: [32m📚 API documentation: http://localhost:3000/api/docs[39m
2025-11-02 18:33:01:331 [35mhttp[39m: [35mPOST /api/auth/login - - - - ms anonymous[39m
2025-11-02 18:33:01:331 [32minfo[39m: [32mUser logged in successfully: undefined[39m
2025-11-02 18:33:07:337 [32minfo[39m: [32mUser logged in successfully: undefined[39m
2025-11-02 18:33:07:337 [35mhttp[39m: [35mPOST /api/auth/login 200 371 - 1767.004 ms anonymous[39m
2025-11-02 18:33:20:3320 [32minfo[39m: [32mUser logged in successfully: undefined[39m
2025-11-02 18:33:20:3320 [35mhttp[39m: [35mPOST /api/auth/login 200 371 - 1924.479 ms anonymous[39m
2025-11-02 18:37:57:3757 [32minfo[39m: [32mUser logged in successfully: undefined[39m
2025-11-02 18:37:57:3757 [35mhttp[39m: [35mPOST /api/auth/login 200 371 - 2835.348 ms anonymous[39m
2025-11-02 18:41:57:4157 [32minfo[39m: [32mMongoDB Connected: ac-wv4zg3h-shard-00-00.2dxthwg.mongodb.net[39m
2025-11-02 18:41:57:4157 [32minfo[39m: [32m🚀 Server running on port 3000 in development mode[39m
2025-11-02 18:41:57:4157 [32minfo[39m: [32m📋 Health check: http://localhost:3000/health[39m
2025-11-02 18:41:57:4157 [32minfo[39m: [32m📚 API documentation: http://localhost:3000/api/docs[39m
2025-11-02 18:45:46:4546 [32minfo[39m: [32mMongoDB Connected: ac-wv4zg3h-shard-00-00.2dxthwg.mongodb.net[39m
2025-11-02 18:45:47:4547 [32minfo[39m: [32m🚀 Server running on port 3000 in development mode[39m
2025-11-02 18:45:47:4547 [32minfo[39m: [32m📋 Health check: http://localhost:3000/health[39m
2025-11-02 18:45:47:4547 [32minfo[39m: [32m📚 API documentation: http://localhost:3000/api/docs[39m
2025-11-02 18:46:04:464 [31merror[39m: [31mError: Route /auth/logout not found[39m
2025-11-02 18:46:04:464 [35mhttp[39m: [35mPOST /auth/logout 404 - - 5.926 ms anonymous[39m
2025-11-02 18:51:34:5134 [32minfo[39m: [32mUser logged in successfully: chandra@gmail.com[39m
2025-11-02 18:51:34:5134 [35mhttp[39m: [35mPOST /api/auth/login 200 635 - 2849.185 ms anonymous[39m
2025-11-02 18:54:21:5421 [31merror[39m: [31mAuthentication error: invalid signature[39m
2025-11-02 18:54:21:5421 [35mhttp[39m: [35mPOST /api/auth/logout 401 65 - 21.141 ms anonymous[39m
2025-11-02 18:55:08:558 [33mwarn[39m: [33mValidation error:[39m
2025-11-02 18:55:08:558 [35mhttp[39m: [35mPOST /api/auth/register 400 226 - 13.724 ms anonymous[39m
2025-11-02 18:55:53:5553 [32minfo[39m: [32mMongoDB Connected: ac-wv4zg3h-shard-00-00.2dxthwg.mongodb.net[39m
2025-11-02 18:55:53:5553 [32minfo[39m: [32m🚀 Server running on port 3000 in development mode[39m
2025-11-02 18:55:53:5553 [32minfo[39m: [32m📋 Health check: http://localhost:3000/health[39m
2025-11-02 18:55:53:5553 [32minfo[39m: [32m📚 API documentation: http://localhost:3000/api/docs[39m
2025-11-02 19:00:47:047 [32minfo[39m: [32mMongoDB Connected: ac-wv4zg3h-shard-00-00.2dxthwg.mongodb.net[39m
2025-11-02 19:00:47:047 [32minfo[39m: [32m🚀 Server running on port 3000 in development mode[39m
2025-11-02 19:00:47:047 [32minfo[39m: [32m📋 Health check: http://localhost:3000/health[39m
2025-11-02 19:00:47:047 [32minfo[39m: [32m📚 API documentation: http://localhost:3000/api/docs[39m
2025-11-02 19:03:22:322 [35mhttp[39m: [35mPOST /api/auth/register - - - - ms anonymous[39m
2025-11-02 19:03:22:322 [32minfo[39m: [32mUser registered successfully: test.fieldmatch@gmail.com[39m
2025-11-02 19:03:45:345 [32minfo[39m: [32mUser registered successfully: chandra@gmail.com[39m
2025-11-02 19:03:45:345 [35mhttp[39m: [35mPOST /api/auth/register 201 652 - 2219.928 ms anonymous[39m
2025-11-02 19:05:25:525 [31merror[39m: [31mAuthentication error: invalid signature[39m
2025-11-02 19:05:25:525 [35mhttp[39m: [35mPOST /api/auth/logout 401 65 - 13.958 ms anonymous[39m
2025-11-02 19:05:26:526 [35mhttp[39m: [35mPOST /api/auth/login 401 55 - 38.803 ms anonymous[39m
2025-11-02 19:05:28:528 [35mhttp[39m: [35mPOST /api/auth/login 401 55 - 56.068 ms anonymous[39m
2025-11-02 19:05:47:547 [32minfo[39m: [32mMongoDB Connected: ac-wv4zg3h-shard-00-02.2dxthwg.mongodb.net[39m
2025-11-02 19:05:47:547 [32minfo[39m: [32m🚀 Server running on port 3000 in development mode[39m
2025-11-02 19:05:47:547 [32minfo[39m: [32m📋 Health check: http://localhost:3000/health[39m
2025-11-02 19:05:47:547 [32minfo[39m: [32m📚 API documentation: http://localhost:3000/api/docs[39m
2025-11-02 19:05:56:556 [35mhttp[39m: [35mPOST /api/auth/login 401 55 - 59.397 ms anonymous[39m
2025-11-02 19:06:11:611 [35mhttp[39m: [35mPOST /api/auth/login 401 55 - 27.081 ms anonymous[39m
2025-11-02 19:06:14:614 [35mhttp[39m: [35mPOST /api/auth/login 401 55 - 34.211 ms anonymous[39m
2025-11-02 19:06:42:642 [35mhttp[39m: [35mPOST /api/auth/login 401 55 - 4030.553 ms anonymous[39m
2025-11-02 19:07:17:717 [32minfo[39m: [32mRegistration request received:[39m
2025-11-02 19:07:31:731 [32minfo[39m: [32mCreating user with data:[39m
2025-11-02 19:07:31:731 [35mhttp[39m: [35mPOST /api/auth/register - - - - ms anonymous[39m
2025-11-02 19:07:35:735 [32minfo[39m: [32mUser created successfully:[39m
2025-11-02 19:07:41:741 [32minfo[39m: [32mUser registered successfully: chandra@gmail.com[39m
2025-11-02 19:08:12:812 [32minfo[39m: [32mUser logged in successfully: chandra@gmail.com[39m
2025-11-02 19:08:12:812 [35mhttp[39m: [35mPOST /api/auth/login 200 624 - 2345.834 ms anonymous[39m
2025-11-02 19:09:11:911 [31merror[39m: [31mAuthentication error: invalid signature[39m
2025-11-02 19:09:11:911 [35mhttp[39m: [35mPOST /api/auth/logout 401 65 - 11.306 ms anonymous[39m
2025-11-02 19:12:54:1254 [32minfo[39m: [32mMongoDB Connected: ac-wv4zg3h-shard-00-00.2dxthwg.mongodb.net[39m
2025-11-02 19:12:54:1254 [32minfo[39m: [32m🚀 Server running on port 3000 in development mode[39m
2025-11-02 19:12:54:1254 [32minfo[39m: [32m📋 Health check: http://localhost:3000/health[39m
2025-11-02 19:12:54:1254 [32minfo[39m: [32m📚 API documentation: http://localhost:3000/api/docs[39m
2025-11-02 19:13:01:131 [32minfo[39m: [32mUser logged in successfully: chandra@gmail.com[39m
2025-11-02 19:13:01:131 [35mhttp[39m: [35mPOST /api/auth/login 200 764 - 3001.521 ms anonymous[39m
2025-11-02 19:15:50:1550 [31merror[39m: [31mAuthentication error: invalid signature[39m
2025-11-02 19:15:50:1550 [35mhttp[39m: [35mPOST /api/auth/logout 401 65 - 15.015 ms anonymous[39m
2025-11-02 19:16:01:161 [32minfo[39m: [32mUser logged in successfully: chandra@gmail.com[39m
2025-11-02 19:16:01:161 [35mhttp[39m: [35mPOST /api/auth/login 200 764 - 2408.760 ms anonymous[39m
2025-11-02 19:18:34:1834 [31merror[39m: [31mAuthentication error: invalid signature[39m
2025-11-02 19:18:34:1834 [35mhttp[39m: [35mPOST /api/auth/logout 401 65 - 17.985 ms anonymous[39m
2025-11-02 19:18:41:1841 [32minfo[39m: [32mUser logged in successfully: chandra@gmail.com[39m
2025-11-02 19:18:41:1841 [35mhttp[39m: [35mPOST /api/auth/login 200 764 - 2514.904 ms anonymous[39m
2025-11-02 19:25:05:255 [33mwarn[39m: [33mMongoDB disconnected[39m
2025-11-02 19:25:44:2544 [31merror[39m: [31mAuthentication error: invalid signature[39m
2025-11-02 19:25:44:2544 [35mhttp[39m: [35mPOST /api/auth/logout 401 65 - 14.226 ms anonymous[39m
2025-11-02 19:25:54:2554 [32minfo[39m: [32mUser logged in successfully: chandra@gmail.com[39m
2025-11-02 19:25:54:2554 [35mhttp[39m: [35mPOST /api/auth/login 200 764 - 7693.497 ms anonymous[39m
2025-11-02 19:26:41:2641 [31merror[39m: [31mAuthentication error: invalid signature[39m
2025-11-02 19:26:41:2641 [35mhttp[39m: [35mPUT /api/auth/profile 401 65 - 10.895 ms anonymous[39m
2025-11-02 19:27:10:2710 [31merror[39m: [31mAuthentication error: invalid signature[39m
2025-11-02 19:27:10:2710 [35mhttp[39m: [35mPUT /api/auth/profile 401 65 - 7.881 ms anonymous[39m
2025-11-02 19:27:44:2744 [31merror[39m: [31mAuthentication error: invalid signature[39m
2025-11-02 19:27:44:2744 [35mhttp[39m: [35mPUT /api/auth/profile 401 65 - 9.489 ms anonymous[39m
2025-11-02 19:39:31:3931 [31merror[39m: [31mAuthentication error: invalid signature[39m
2025-11-02 19:39:31:3931 [35mhttp[39m: [35mPUT /api/auth/profile 401 65 - 17.877 ms anonymous[39m
2025-11-02 19:39:44:3944 [31merror[39m: [31mAuthentication error: invalid signature[39m
2025-11-02 19:39:44:3944 [35mhttp[39m: [35mPUT /api/auth/profile 401 65 - 6.049 ms anonymous[39m
2025-11-02 19:40:51:4051 [31merror[39m: [31mAuthentication error: invalid signature[39m
2025-11-02 19:40:51:4051 [35mhttp[39m: [35mPUT /api/auth/profile 401 65 - 6.272 ms anonymous[39m
2025-11-02 19:46:16:4616 [31merror[39m: [31mAuthentication error: invalid signature[39m
2025-11-02 19:46:16:4616 [35mhttp[39m: [35mPUT /api/auth/profile 401 65 - 6.352 ms anonymous[39m
2025-11-02 19:55:23:5523 [31merror[39m: [31mAuthentication error: invalid signature[39m
2025-11-02 19:55:57:5557 [35mhttp[39m: [35mPUT /api/auth/profile 401 65 - 24152.287 ms anonymous[39m
2025-11-02 20:01:18:118 [31merror[39m: [31mAuthentication error: invalid signature[39m
2025-11-02 20:01:18:118 [35mhttp[39m: [35mPUT /api/auth/profile 401 65 - 310158.750 ms anonymous[39m
2025-11-02 20:01:45:145 [31merror[39m: [31mAuthentication error: invalid signature[39m
2025-11-02 20:01:45:145 [35mhttp[39m: [35mPOST /api/auth/logout 401 65 - 2529.743 ms anonymous[39m
2025-11-02 20:03:03:33 [32minfo[39m: [32mRegistration request received:[39m
2025-11-02 20:03:03:33 [32minfo[39m: [32mCreating user with data:[39m
2025-11-02 20:03:03:33 [32minfo[39m: [32mUser created successfully:[39m
2025-11-02 20:03:03:33 [32minfo[39m: [32mUser registered successfully: chandra@gmail.com[39m
2025-11-02 20:03:03:33 [35mhttp[39m: [35mPOST /api/auth/register 201 779 - 6168.278 ms anonymous[39m
2025-11-02 20:07:43:743 [32minfo[39m: [32mMongoDB Connected: ac-wv4zg3h-shard-00-00.2dxthwg.mongodb.net[39m
2025-11-02 20:07:43:743 [32minfo[39m: [32m🚀 Server running on port 3000 in development mode[39m
2025-11-02 20:07:43:743 [32minfo[39m: [32m📋 Health check: http://localhost:3000/health[39m
2025-11-02 20:07:43:743 [32minfo[39m: [32m📚 API documentation: http://localhost:3000/api/docs[39m
2025-11-02 20:07:52:752 [32minfo[39m: [32mUser logged in successfully: chandra@gmail.com[39m
2025-11-02 20:07:52:752 [35mhttp[39m: [35mPOST /api/auth/login 200 767 - 309.751 ms anonymous[39m
2025-11-02 20:08:38:838 [31merror[39m: [31mUnhandled Promise Rejection: token is not defined[39m
2025-11-02 20:10:39:1039 [32minfo[39m: [32mMongoDB Connected: ac-wv4zg3h-shard-00-01.2dxthwg.mongodb.net[39m
2025-11-02 20:10:39:1039 [32minfo[39m: [32m🚀 Server running on port 3000 in development mode[39m
2025-11-02 20:10:39:1039 [32minfo[39m: [32m📋 Health check: http://localhost:3000/health[39m
2025-11-02 20:10:39:1039 [32minfo[39m: [32m📚 API documentation: http://localhost:3000/api/docs[39m
2025-11-02 20:10:51:1051 [32minfo[39m: [32mUser logged in successfully: chandra@gmail.com[39m
2025-11-02 20:10:51:1051 [35mhttp[39m: [35mPOST /api/auth/login 200 767 - 325.636 ms anonymous[39m
2025-11-02 20:11:05:115 [31merror[39m: [31mAuthentication error: invalid signature[39m
2025-11-02 20:11:14:1114 [35mhttp[39m: [35mPOST /api/auth/logout 401 74 - 16946.137 ms anonymous[39m
2025-11-02 20:16:37:1637 [32minfo[39m: [32mMongoDB Connected: ac-wv4zg3h-shard-00-01.2dxthwg.mongodb.net[39m
2025-11-02 20:16:37:1637 [32minfo[39m: [32m🚀 Server running on port 3000 in development mode[39m
2025-11-02 20:16:37:1637 [32minfo[39m: [32m📋 Health check: http://localhost:3000/health[39m
2025-11-02 20:16:37:1637 [32minfo[39m: [32m📚 API documentation: http://localhost:3000/api/docs[39m
2025-11-02 20:16:43:1643 [32minfo[39m: [32mUser logged in successfully: chandra@gmail.com[39m
2025-11-02 20:16:43:1643 [35mhttp[39m: [35mPOST /api/auth/login 200 767 - 307.459 ms anonymous[39m
2025-11-02 20:17:02:172 [31merror[39m: [31mAuthentication error: invalid signature[39m
2025-11-02 20:17:02:172 [35mhttp[39m: [35mPOST /api/auth/logout 401 74 - 14598.162 ms anonymous[39m
2025-11-02 20:17:46:1746 [32minfo[39m: [32mRegistration request received:[39m
2025-11-02 20:17:46:1746 [32minfo[39m: [32mCreating user with data:[39m
2025-11-02 20:17:46:1746 [32minfo[39m: [32mUser created successfully:[39m
2025-11-02 20:17:46:1746 [31merror[39m: [31mRegistration error: newUser is not defined[39m
2025-11-02 20:17:46:1746 [35mhttp[39m: [35mPOST /api/auth/register 500 81 - 326.866 ms anonymous[39m
2025-11-02 20:17:56:1756 [32minfo[39m: [32mRegistration request received:[39m
2025-11-02 20:17:56:1756 [35mhttp[39m: [35mPOST /api/auth/register 400 65 - 39.610 ms anonymous[39m
2025-11-02 20:18:16:1816 [32minfo[39m: [32mRegistration request received:[39m
2025-11-02 20:18:16:1816 [32minfo[39m: [32mCreating user with data:[39m
2025-11-02 20:18:16:1816 [32minfo[39m: [32mUser created successfully:[39m
2025-11-02 20:18:16:1816 [31merror[39m: [31mRegistration error: newUser is not defined[39m
2025-11-02 20:18:16:1816 [35mhttp[39m: [35mPOST /api/auth/register 500 81 - 319.669 ms anonymous[39m
2025-11-02 20:20:19:2019 [32minfo[39m: [32mMongoDB Connected: ac-wv4zg3h-shard-00-00.2dxthwg.mongodb.net[39m
2025-11-02 20:20:19:2019 [32minfo[39m: [32m🚀 Server running on port 3000 in development mode[39m
2025-11-02 20:20:19:2019 [32minfo[39m: [32m📋 Health check: http://localhost:3000/health[39m
2025-11-02 20:20:19:2019 [32minfo[39m: [32m📚 API documentation: http://localhost:3000/api/docs[39m
2025-11-02 20:20:31:2031 [32minfo[39m: [32mRegistration request received:[39m
2025-11-02 20:20:36:2036 [32minfo[39m: [32mCreating user with data:[39m
2025-11-02 20:20:37:2037 [35mhttp[39m: [35mPOST /api/auth/register - - - - ms anonymous[39m
2025-11-02 20:20:39:2039 [32minfo[39m: [32mUser created successfully:[39m
2025-11-02 20:33:14:3314 [31merror[39m: [31mRegistration error: newUser is not defined[39m
2025-11-02 20:33:54:3354 [33mwarn[39m: [33mMongoDB disconnected[39m
2025-11-02 20:34:02:342 [32minfo[39m: [32mRegistration request received:[39m
2025-11-02 20:34:06:346 [32minfo[39m: [32mCreating user with data:[39m
2025-11-02 20:34:08:348 [32minfo[39m: [32mUser created successfully:[39m
2025-11-02 20:35:27:3527 [31merror[39m: [31mRegistration error: newUser is not defined[39m
2025-11-02 20:35:27:3527 [35mhttp[39m: [35mPOST /api/auth/register 500 81 - 88156.826 ms anonymous[39m
2025-11-02 20:37:19:3719 [32minfo[39m: [32mMongoDB Connected: ac-wv4zg3h-shard-00-01.2dxthwg.mongodb.net[39m
2025-11-02 20:37:19:3719 [32minfo[39m: [32m🚀 Server running on port 3000 in development mode[39m
2025-11-02 20:37:19:3719 [32minfo[39m: [32m📋 Health check: http://localhost:3000/health[39m
2025-11-02 20:37:19:3719 [32minfo[39m: [32m📚 API documentation: http://localhost:3000/api/docs[39m
2025-11-02 20:37:29:3729 [32minfo[39m: [32mRegistration request received:[39m
2025-11-02 20:37:29:3729 [35mhttp[39m: [35mPOST /api/auth/register 400 65 - 1837.149 ms anonymous[39m
2025-11-02 20:37:49:3749 [32minfo[39m: [32mRegistration request received:[39m
2025-11-02 20:37:52:3752 [32minfo[39m: [32mCreating user with data:[39m
2025-11-02 20:37:53:3753 [32minfo[39m: [32mUser created successfully:[39m
2025-11-02 20:37:57:3757 [32minfo[39m: [32mUser registered successfully: chandra@gmail.com[39m
2025-11-02 20:37:57:3757 [35mhttp[39m: [35mPOST /api/auth/register 201 775 - 9935.545 ms anonymous[39m
2025-11-02 20:39:20:3920 [31merror[39m: [31mAuthentication error: invalid signature[39m
2025-11-02 20:39:26:3926 [35mhttp[39m: [35mPOST /api/auth/logout 401 74 - 77455.816 ms anonymous[39m
2025-11-02 20:42:34:4234 [32minfo[39m: [32mRegistration request received:[39m
2025-11-02 20:42:34:4234 [35mhttp[39m: [35mPOST /api/auth/register 400 65 - 2231.158 ms anonymous[39m
2025-11-02 20:42:50:4250 [32minfo[39m: [32mRegistration request received:[39m
2025-11-02 20:42:53:4253 [32minfo[39m: [32mCreating user with data:[39m
2025-11-02 20:42:55:4255 [32minfo[39m: [32mUser created successfully:[39m
2025-11-02 20:42:55:4255 [32minfo[39m: [32mUser registered successfully: chandra@gmail.com[39m
2025-11-02 20:42:55:4255 [35mhttp[39m: [35mPOST /api/auth/register 201 773 - 7046.671 ms anonymous[39m
2025-11-02 20:43:45:4345 [32minfo[39m: [32mUser logged out: 6908089d2c0101698b11aa0a[39m
2025-11-02 20:43:45:4345 [35mhttp[39m: [35mPOST /api/auth/logout 200 52 - 23997.109 ms -[39m
2025-11-02 20:43:50:4350 [32minfo[39m: [32mUser logged in successfully: chandra@gmail.com[39m
2025-11-02 20:43:50:4350 [35mhttp[39m: [35mPOST /api/auth/login 200 761 - 305.274 ms anonymous[39m
2025-11-02 20:44:28:4428 [33mwarn[39m: [33mValidation error:[39m
2025-11-02 20:44:28:4428 [35mhttp[39m: [35mPUT /api/auth/profile 400 150 - 2219.599 ms -[39m
2025-11-02 20:45:05:455 [33mwarn[39m: [33mValidation error:[39m
2025-11-02 20:45:07:457 [35mhttp[39m: [35mPUT /api/auth/profile 400 150 - 10409.986 ms -[39m
2025-11-02 20:55:15:5515 [33mwarn[39m: [33mValidation error:[39m
2025-11-02 20:55:15:5515 [35mhttp[39m: [35mPUT /api/auth/profile 400 150 - 529928.082 ms -[39m
2025-11-02 20:55:20:5520 [32minfo[39m: [32mUser profile updated: chandra@gmail.com[39m
2025-11-02 20:55:20:5520 [35mhttp[39m: [35mPUT /api/auth/profile 200 668 - 4952.748 ms -[39m
2025-11-02 20:55:56:5556 [32minfo[39m: [32mUser logged out: 6908089d2c0101698b11aa0a[39m
2025-11-02 20:55:56:5556 [35mhttp[39m: [35mPOST /api/auth/logout 200 52 - 2143.634 ms -[39m
2025-11-02 20:56:45:5645 [32minfo[39m: [32mRegistration request received:[39m
2025-11-02 20:56:46:5646 [32minfo[39m: [32mCreating user with data:[39m
2025-11-02 20:56:48:5648 [32minfo[39m: [32mUser created successfully:[39m
2025-11-02 20:56:48:5648 [32minfo[39m: [32mUser registered successfully: chandra@gmail.com[39m
2025-11-02 20:56:48:5648 [35mhttp[39m: [35mPOST /api/auth/register 201 774 - 4984.602 ms anonymous[39m
2025-11-02 20:57:59:5759 [35mhttp[39m: [35mPUT /api/auth/profile - - - - ms -[39m
2025-11-02 20:58:17:5817 [32minfo[39m: [32mUser profile updated: chandra@gmail.com[39m
2025-11-02 20:59:42:5942 [32minfo[39m: [32mUser profile updated: chandra@gmail.com[39m
2025-11-02 20:59:42:5942 [35mhttp[39m: [35mPUT /api/auth/profile 200 669 - 3957.081 ms -[39m
2025-11-02 21:00:16:016 [35mhttp[39m: [35mGET /api/tenants 403 66 - 6175.550 ms -[39m
2025-11-02 21:00:16:016 [35mhttp[39m: [35mGET /api/tenants 403 66 - 38.356 ms -[39m
2025-11-02 21:00:45:045 [35mhttp[39m: [35mGET /api/tenants 403 66 - 57.507 ms -[39m
2025-11-02 21:01:24:124 [35mhttp[39m: [35mGET /api/tenants 403 66 - 29858.476 ms -[39m
2025-11-02 21:04:34:434 [35mhttp[39m: [35mGET /api/tenants - - - - ms anonymous[39m
2025-11-02 21:04:36:436 [35mhttp[39m: [35mGET /api/tenants 403 66 - 2064.787 ms -[39m
2025-11-02 21:05:10:510 [35mhttp[39m: [35mGET /api/tenants - - - - ms anonymous[39m
2025-11-02 21:09:40:940 [32minfo[39m: [32mMongoDB Connected: ac-wv4zg3h-shard-00-01.2dxthwg.mongodb.net[39m
2025-11-02 21:09:40:940 [32minfo[39m: [32m🚀 Server running on port 3000 in development mode[39m
2025-11-02 21:09:40:940 [32minfo[39m: [32m📋 Health check: http://localhost:3000/health[39m
2025-11-02 21:09:40:940 [32minfo[39m: [32m📚 API documentation: http://localhost:3000/api/docs[39m
2025-11-02 21:10:39:1039 [31merror[39m: [31mGet tenants error: buildQuery is not a function[39m
2025-11-02 21:10:41:1041 [35mhttp[39m: [35mGET /api/tenants 500 94 - 16197.231 ms -[39m
2025-11-02 21:10:59:1059 [35mhttp[39m: [35mGET /api/tenants - - - - ms anonymous[39m
2025-11-02 21:10:59:1059 [31merror[39m: [31mGet tenants error: buildQuery is not a function[39m
2025-11-02 21:11:33:1133 [35mhttp[39m: [35mGET /api/tenants - - - - ms anonymous[39m
2025-11-02 21:11:34:1134 [31merror[39m: [31mGet tenants error: buildQuery is not a function[39m
2025-11-02 21:11:34:1134 [35mhttp[39m: [35mGET /api/tenants - - - - ms anonymous[39m
2025-11-02 21:11:34:1134 [31merror[39m: [31mGet tenants error: buildQuery is not a function[39m
2025-11-02 21:24:39:2439 [32minfo[39m: [32mMongoDB Connected: ac-wv4zg3h-shard-00-00.2dxthwg.mongodb.net[39m
2025-11-02 21:24:39:2439 [32minfo[39m: [32m🚀 Server running on port 3000 in development mode[39m
2025-11-02 21:24:39:2439 [32minfo[39m: [32m📋 Health check: http://localhost:3000/health[39m
2025-11-02 21:24:39:2439 [32minfo[39m: [32m📚 API documentation: http://localhost:3000/api/docs[39m
2025-11-02 21:27:16:2716 [35mhttp[39m: [35mGET /api/tenants - - - - ms -[39m
2025-11-02 21:27:39:2739 [35mhttp[39m: [35mGET /api/tenants 200 136 - 3594.100 ms -[39m
2025-11-02 23:29:21:2921 [35mhttp[39m: [35mGET /api/tenants - - - - ms anonymous[39m
2025-11-02 23:29:21:2921 [33mwarn[39m: [33mMongoDB disconnected[39m
2025-11-02 23:29:22:2922 [35mhttp[39m: [35mGET /api/tenants - - - - ms anonymous[39m
2025-11-02 23:31:35:3135 [33mwarn[39m: [33mValidation error:[39m
2025-11-02 23:31:35:3135 [35mhttp[39m: [35mPOST /api/tenants 400 280 - 4289.939 ms -[39m
2025-11-02 23:32:03:323 [33mwarn[39m: [33mValidation error:[39m
2025-11-02 23:32:06:326 [35mhttp[39m: [35mPOST /api/tenants 400 280 - 10108.813 ms -[39m
2025-11-30 17:03:34:334 [32minfo[39m: [32mMongoDB Connected: ac-wv4zg3h-shard-00-02.2dxthwg.mongodb.net[39m
2025-11-30 17:03:34:334 [32minfo[39m: [32m🚀 Server running on port 3000 in development mode[39m
2025-11-30 17:03:34:334 [32minfo[39m: [32m📋 Health check: http://localhost:3000/health[39m
2025-11-30 17:03:34:334 [32minfo[39m: [32m📚 API documentation: http://localhost:3000/api/docs[39m
2025-11-30 19:06:20:620 [33mwarn[39m: [33mMongoDB disconnected[39m
2025-11-30 19:32:37:3237 [33mwarn[39m: [33mMongoDB disconnected[39m
2025-11-30 19:46:33:4633 [33mwarn[39m: [33mMongoDB disconnected[39m
2025-11-30 23:07:33:733 [32minfo[39m: [32mSIGINT received. Starting graceful shutdown...[39m
2026-01-17 18:54:28:5428 [31merror[39m: [31mDatabase connection failed: querySrv ENOTFOUND _mongodb._tcp.tenanttracker.2dxthwg.mongodb.net[39m
2026-01-17 19:04:07:47 [32minfo[39m: [32mMongoDB Connected: ac-wv4zg3h-shard-00-01.2dxthwg.mongodb.net[39m
2026-01-17 19:04:07:47 [32minfo[39m: [32m🚀 Server running on port 3000 in development mode[39m
2026-01-17 19:04:07:47 [32minfo[39m: [32m📋 Health check: http://localhost:3000/health[39m
2026-01-17 19:04:07:47 [32minfo[39m: [32m📚 API documentation: http://localhost:3000/api/docs[39m
2026-01-17 19:05:29:529 [35mhttp[39m: [35mGET /health 200 113 - 2.556 ms anonymous[39m
2026-01-17 19:05:30:530 [35mhttp[39m: [35mGET /health 200 113 - 0.382 ms anonymous[39m
2026-01-17 19:06:50:650 [32minfo[39m: [32mMongoDB Connected: ac-wv4zg3h-shard-00-02.2dxthwg.mongodb.net[39m
2026-01-17 19:06:50:650 [32minfo[39m: [32m🚀 Server running on port 3000 in development mode[39m
2026-01-17 19:06:50:650 [32minfo[39m: [32m📋 Health check: http://localhost:3000/health[39m
2026-01-17 19:06:50:650 [32minfo[39m: [32m📚 API documentation: http://localhost:3000/api/docs[39m
2026-01-17 19:15:29:1529 [32minfo[39m: [32mMongoDB Connected: ac-wv4zg3h-shard-00-00.2dxthwg.mongodb.net[39m
2026-01-17 19:15:29:1529 [32minfo[39m: [32m🚀 Server running on port 3000 in development mode[39m
2026-01-17 19:15:29:1529 [32minfo[39m: [32m📋 Health check: http://localhost:3000/health[39m
2026-01-17 19:15:29:1529 [32minfo[39m: [32m📚 API documentation: http://localhost:3000/api/docs[39m
2026-01-17 19:27:48:2748 [35mhttp[39m: [35mGET /health 200 113 - 23609.271 ms anonymous[39m
2026-01-17 19:28:25:2825 [35mhttp[39m: [35mGET /api/health 200 102 - 3345.006 ms anonymous[39m
2026-01-17 19:32:49:3249 [32minfo[39m: [32mSIGINT received. Starting graceful shutdown...[39m
2026-02-08 17:30:07:307 [32minfo[39m: [32mMongoDB Connected: ac-wv4zg3h-shard-00-00.2dxthwg.mongodb.net[39m
2026-02-08 17:30:07:307 [32minfo[39m: [32m🚀 Server running on port 3000 in development mode[39m
2026-02-08 17:30:07:307 [32minfo[39m: [32m📋 Health check: http://localhost:3000/health[39m
2026-02-08 17:30:07:307 [32minfo[39m: [32m📚 API documentation: http://localhost:3000/api/docs[39m
2026-02-08 17:42:29:4229 [35mhttp[39m: [35mGET /api/auth/profile 401 69 - 6.881 ms anonymous[39m
2026-02-08 17:42:29:4229 [35mhttp[39m: [35mGET /api/auth/profile 401 69 - 0.540 ms anonymous[39m
2026-02-08 17:42:30:4230 [35mhttp[39m: [35mGET /api/auth/profile 401 69 - 0.176 ms anonymous[39m
2026-02-08 17:42:30:4230 [35mhttp[39m: [35mGET /api/auth/profile 401 69 - 0.252 ms anonymous[39m
2026-02-08 17:42:30:4230 [35mhttp[39m: [35mGET /api/auth/profile 401 69 - 0.292 ms anonymous[39m
2026-02-08 17:42:30:4230 [35mhttp[39m: [35mGET /api/auth/profile 401 69 - 0.285 ms anonymous[39m
2026-02-08 17:42:30:4230 [35mhttp[39m: [35mGET /api/auth/profile 401 69 - 0.245 ms anonymous[39m
2026-02-08 17:42:30:4230 [35mhttp[39m: [35mGET /api/auth/profile 401 69 - 0.171 ms anonymous[39m
2026-02-08 17:42:30:4230 [35mhttp[39m: [35mGET /api/auth/profile 401 69 - 0.346 ms anonymous[39m
2026-02-08 17:42:30:4230 [35mhttp[39m: [35mGET /api/auth/profile 401 69 - 0.330 ms anonymous[39m
2026-02-08 17:42:31:4231 [31merror[39m: [31mAuthentication error: jwt expired[39m
2026-02-08 17:42:31:4231 [35mhttp[39m: [35mGET /api/auth/profile 401 69 - 42.150 ms anonymous[39m
2026-02-08 17:42:31:4231 [35mhttp[39m: [35mGET /api/auth/profile 401 69 - 1.042 ms anonymous[39m
2026-02-08 17:42:31:4231 [31merror[39m: [31mAuthentication error: jwt expired[39m
2026-02-08 17:42:31:4231 [35mhttp[39m: [35mGET /api/auth/profile 401 69 - 6.432 ms anonymous[39m
2026-02-08 17:42:31:4231 [31merror[39m: [31mAuthentication error: jwt expired[39m
2026-02-08 17:42:31:4231 [35mhttp[39m: [35mGET /api/auth/profile 401 69 - 21.712 ms anonymous[39m
2026-02-08 17:42:31:4231 [35mhttp[39m: [35mGET /api/auth/profile 401 69 - 0.140 ms anonymous[39m
2026-02-08 17:42:31:4231 [31merror[39m: [31mAuthentication error: jwt expired[39m
2026-02-08 17:42:31:4231 [35mhttp[39m: [35mGET /api/auth/profile 401 69 - 11.713 ms anonymous[39m
2026-02-08 17:42:31:4231 [35mhttp[39m: [35mGET /api/auth/profile 401 69 - 0.233 ms anonymous[39m
2026-02-08 17:42:31:4231 [31merror[39m: [31mAuthentication error: jwt expired[39m
2026-02-08 17:42:31:4231 [35mhttp[39m: [35mGET /api/auth/profile 401 69 - 36.988 ms anonymous[39m
2026-02-08 17:42:31:4231 [31merror[39m: [31mAuthentication error: jwt expired[39m
2026-02-08 17:42:31:4231 [35mhttp[39m: [35mGET /api/auth/profile 401 69 - 6.686 ms anonymous[39m
2026-02-08 17:42:31:4231 [35mhttp[39m: [35mGET /api/auth/profile 401 69 - 0.255 ms anonymous[39m
2026-02-08 17:42:31:4231 [31merror[39m: [31mAuthentication error: jwt expired[39m
2026-02-08 17:42:31:4231 [35mhttp[39m: [35mGET /api/auth/profile 401 69 - 18.654 ms anonymous[39m
2026-02-08 17:42:31:4231 [31merror[39m: [31mAuthentication error: jwt expired[39m
2026-02-08 17:42:31:4231 [35mhttp[39m: [35mGET /api/auth/profile 401 69 - 3.487 ms anonymous[39m
2026-02-08 17:42:31:4231 [35mhttp[39m: [35mGET /api/auth/profile 401 69 - 2.625 ms anonymous[39m
2026-02-08 17:42:32:4232 [31merror[39m: [31mAuthentication error: jwt expired[39m
2026-02-08 17:42:32:4232 [35mhttp[39m: [35mGET /api/auth/profile 401 69 - 5.485 ms anonymous[39m
2026-02-08 17:42:32:4232 [35mhttp[39m: [35mGET /api/auth/profile 401 69 - 0.184 ms anonymous[39m
2026-02-08 17:42:32:4232 [31merror[39m: [31mAuthentication error: jwt expired[39m
2026-02-08 17:42:32:4232 [35mhttp[39m: [35mGET /api/auth/profile 401 69 - 20.043 ms anonymous[39m
2026-02-08 17:42:32:4232 [31merror[39m: [31mAuthentication error: jwt expired[39m
2026-02-08 17:42:32:4232 [35mhttp[39m: [35mGET /api/auth/profile 401 69 - 10.967 ms anonymous[39m
2026-02-08 17:42:32:4232 [31merror[39m: [31mAuthentication error: jwt expired[39m
2026-02-08 17:42:32:4232 [35mhttp[39m: [35mGET /api/auth/profile 401 69 - 10.100 ms anonymous[39m
2026-02-08 17:42:32:4232 [35mhttp[39m: [35mGET /api/auth/profile 401 69 - 0.332 ms anonymous[39m
2026-02-08 17:42:32:4232 [31merror[39m: [31mAuthentication error: jwt expired[39m
2026-02-08 17:42:32:4232 [35mhttp[39m: [35mGET /api/auth/profile 401 69 - 26.836 ms anonymous[39m
2026-02-08 17:42:32:4232 [31merror[39m: [31mAuthentication error: jwt expired[39m
2026-02-08 17:42:32:4232 [35mhttp[39m: [35mGET /api/auth/profile 401 69 - 10.096 ms anonymous[39m
2026-02-08 17:42:32:4232 [35mhttp[39m: [35mGET /api/auth/profile 401 69 - 0.186 ms anonymous[39m
2026-02-08 17:42:32:4232 [31merror[39m: [31mAuthentication error: jwt expired[39m
2026-02-08 17:42:32:4232 [35mhttp[39m: [35mGET /api/auth/profile 401 69 - 10.041 ms anonymous[39m
2026-02-08 17:42:32:4232 [35mhttp[39m: [35mGET /api/auth/profile 401 69 - 0.183 ms anonymous[39m
2026-02-08 17:42:32:4232 [31merror[39m: [31mAuthentication error: jwt expired[39m
2026-02-08 17:42:32:4232 [35mhttp[39m: [35mGET /api/auth/profile 401 69 - 30.017 ms anonymous[39m
2026-02-08 17:42:32:4232 [31merror[39m: [31mAuthentication error: jwt expired[39m
2026-02-08 17:42:32:4232 [35mhttp[39m: [35mGET /api/auth/profile 401 69 - 12.391 ms anonymous[39m
2026-02-08 17:42:32:4232 [35mhttp[39m: [35mGET /api/auth/profile 401 69 - 0.374 ms anonymous[39m
2026-02-08 17:42:33:4233 [31merror[39m: [31mAuthentication error: jwt expired[39m
2026-02-08 17:42:33:4233 [35mhttp[39m: [35mGET /api/auth/profile 401 69 - 19.835 ms anonymous[39m
2026-02-08 17:42:33:4233 [31merror[39m: [31mAuthentication error: jwt expired[39m
2026-02-08 17:42:33:4233 [35mhttp[39m: [35mGET /api/auth/profile 401 69 - 15.026 ms anonymous[39m
2026-02-08 17:42:33:4233 [35mhttp[39m: [35mGET /api/auth/profile 401 69 - 0.843 ms anonymous[39m
2026-02-08 17:42:33:4233 [31merror[39m: [31mAuthentication error: jwt expired[39m
2026-02-08 17:42:33:4233 [35mhttp[39m: [35mGET /api/auth/profile 401 69 - 26.228 ms anonymous[39m
2026-02-08 17:42:33:4233 [31merror[39m: [31mAuthentication error: jwt expired[39m
2026-02-08 17:42:33:4233 [35mhttp[39m: [35mGET /api/auth/profile 401 69 - 13.867 ms anonymous[39m
2026-02-08 17:42:33:4233 [35mhttp[39m: [35mGET /api/auth/profile 401 69 - 0.408 ms anonymous[39m
2026-02-08 17:42:33:4233 [31merror[39m: [31mAuthentication error: jwt expired[39m
2026-02-08 17:42:33:4233 [35mhttp[39m: [35mGET /api/auth/profile 401 69 - 9.028 ms anonymous[39m
2026-02-08 17:42:33:4233 [31merror[39m: [31mAuthentication error: jwt expired[39m
2026-02-08 17:42:33:4233 [35mhttp[39m: [35mGET /api/auth/profile 401 69 - 15.173 ms anonymous[39m
2026-02-08 17:42:33:4233 [31merror[39m: [31mAuthentication error: jwt expired[39m
2026-02-08 17:42:33:4233 [35mhttp[39m: [35mGET /api/auth/profile 401 69 - 6.036 ms anonymous[39m
2026-02-08 17:42:33:4233 [35mhttp[39m: [35mGET /api/auth/profile 401 69 - 0.179 ms anonymous[39m
2026-02-08 17:42:33:4233 [31merror[39m: [31mAuthentication error: jwt expired[39m
2026-02-08 17:42:33:4233 [35mhttp[39m: [35mGET /api/auth/profile 401 69 - 15.793 ms anonymous[39m
2026-02-08 17:42:33:4233 [31merror[39m: [31mAuthentication error: jwt expired[39m
2026-02-08 17:42:33:4233 [35mhttp[39m: [35mGET /api/auth/profile 401 69 - 9.804 ms anonymous[39m
2026-02-08 17:42:33:4233 [35mhttp[39m: [35mGET /api/auth/profile 401 69 - 1.162 ms anonymous[39m
2026-02-08 17:42:33:4233 [31merror[39m: [31mAuthentication error: jwt expired[39m
2026-02-08 17:42:34:4234 [35mhttp[39m: [35mGET /api/auth/profile 401 69 - 50.057 ms anonymous[39m
2026-02-08 17:42:34:4234 [31merror[39m: [31mAuthentication error: jwt expired[39m
2026-02-08 17:42:34:4234 [35mhttp[39m: [35mGET /api/auth/profile 401 69 - 8.339 ms anonymous[39m
2026-02-08 17:42:34:4234 [35mhttp[39m: [35mGET /api/auth/profile 401 69 - 1.161 ms anonymous[39m
2026-02-08 17:42:34:4234 [31merror[39m: [31mAuthentication error: jwt expired[39m
2026-02-08 17:42:34:4234 [35mhttp[39m: [35mGET /api/auth/profile 401 69 - 23.235 ms anonymous[39m
2026-02-08 17:42:34:4234 [31merror[39m: [31mAuthentication error: jwt expired[39m
2026-02-08 17:42:34:4234 [35mhttp[39m: [35mGET /api/auth/profile 401 69 - 10.577 ms anonymous[39m
2026-02-08 17:42:34:4234 [35mhttp[39m: [35mGET /api/auth/profile 401 69 - 0.131 ms anonymous[39m
2026-02-08 17:42:34:4234 [31merror[39m: [31mAuthentication error: jwt expired[39m
2026-02-08 17:42:34:4234 [35mhttp[39m: [35mGET /api/auth/profile 401 69 - 19.999 ms anonymous[39m
2026-02-08 17:42:34:4234 [31merror[39m: [31mAuthentication error: jwt expired[39m
2026-02-08 17:42:34:4234 [35mhttp[39m: [35mGET /api/auth/profile 401 69 - 9.015 ms anonymous[39m
2026-02-08 17:42:34:4234 [31merror[39m: [31mAuthentication error: jwt expired[39m
2026-02-08 17:42:34:4234 [35mhttp[39m: [35mGET /api/auth/profile 401 69 - 6.314 ms anonymous[39m
2026-02-08 17:42:34:4234 [35mhttp[39m: [35mGET /api/auth/profile 401 69 - 0.473 ms anonymous[39m
2026-02-08 17:42:34:4234 [31merror[39m: [31mAuthentication error: jwt expired[39m
2026-02-08 17:42:34:4234 [35mhttp[39m: [35mGET /api/auth/profile 401 69 - 17.284 ms anonymous[39m
2026-02-08 17:42:34:4234 [31merror[39m: [31mAuthentication error: jwt expired[39m
2026-02-08 17:42:34:4234 [35mhttp[39m: [35mGET /api/auth/profile 401 69 - 13.554 ms anonymous[39m
2026-02-08 17:42:34:4234 [35mhttp[39m: [35mGET /api/auth/profile 401 69 - 0.511 ms anonymous[39m
2026-02-08 17:42:34:4234 [31merror[39m: [31mAuthentication error: jwt expired[39m
2026-02-08 17:42:34:4234 [35mhttp[39m: [35mGET /api/auth/profile 401 69 - 13.984 ms anonymous[39m
2026-02-08 17:42:35:4235 [31merror[39m: [31mAuthentication error: jwt expired[39m
2026-02-08 17:42:35:4235 [35mhttp[39m: [35mGET /api/auth/profile 401 69 - 35.332 ms anonymous[39m
2026-02-08 17:42:35:4235 [35mhttp[39m: [35mGET /api/auth/profile 401 69 - 0.176 ms anonymous[39m
2026-02-08 17:42:35:4235 [31merror[39m: [31mAuthentication error: jwt expired[39m
2026-02-08 17:42:35:4235 [35mhttp[39m: [35mGET /api/auth/profile 401 69 - 8.567 ms anonymous[39m
2026-02-08 17:42:35:4235 [31merror[39m: [31mAuthentication error: jwt expired[39m
2026-02-08 17:42:35:4235 [35mhttp[39m: [35mGET /api/auth/profile 401 69 - 15.527 ms anonymous[39m
2026-02-08 17:42:35:4235 [35mhttp[39m: [35mGET /api/auth/profile 401 69 - 0.240 ms anonymous[39m
2026-02-08 17:42:35:4235 [31merror[39m: [31mAuthentication error: jwt expired[39m
2026-02-08 17:42:35:4235 [35mhttp[39m: [35mGET /api/auth/profile 401 69 - 10.482 ms anonymous[39m
2026-02-08 17:42:35:4235 [35mhttp[39m: [35mGET /api/auth/profile 401 69 - 0.591 ms anonymous[39m
2026-02-08 17:42:35:4235 [31merror[39m: [31mAuthentication error: jwt expired[39m
2026-02-08 17:42:35:4235 [35mhttp[39m: [35mGET /api/auth/profile 401 69 - 31.753 ms anonymous[39m
2026-02-08 17:42:35:4235 [31merror[39m: [31mAuthentication error: jwt expired[39m
2026-02-08 17:42:35:4235 [35mhttp[39m: [35mGET /api/auth/profile 401 69 - 13.717 ms anonymous[39m
2026-02-08 17:42:35:4235 [35mhttp[39m: [35mGET /api/auth/profile 401 69 - 0.227 ms anonymous[39m
2026-02-08 17:42:35:4235 [31merror[39m: [31mAuthentication error: jwt expired[39m
2026-02-08 17:42:35:4235 [35mhttp[39m: [35mGET /api/auth/profile 401 69 - 11.709 ms anonymous[39m
2026-02-08 17:42:35:4235 [35mhttp[39m: [35mGET /api/auth/profile 401 69 - 1.299 ms anonymous[39m
2026-02-08 17:42:35:4235 [31merror[39m: [31mAuthentication error: jwt expired[39m
2026-02-08 17:42:35:4235 [35mhttp[39m: [35mGET /api/auth/profile 401 69 - 23.067 ms anonymous[39m
2026-02-08 17:42:35:4235 [31merror[39m: [31mAuthentication error: jwt expired[39m
2026-02-08 17:42:35:4235 [35mhttp[39m: [35mGET /api/auth/profile 401 69 - 12.987 ms anonymous[39m
2026-02-08 17:42:35:4235 [35mhttp[39m: [35mGET /api/auth/profile 401 69 - 0.568 ms anonymous[39m
2026-02-08 17:42:36:4236 [31merror[39m: [31mAuthentication error: jwt expired[39m
2026-02-08 17:42:36:4236 [35mhttp[39m: [35mGET /api/auth/profile 401 69 - 10.313 ms anonymous[39m
2026-02-08 17:42:36:4236 [35mhttp[39m: [35mGET /api/auth/profile 401 69 - 0.233 ms anonymous[39m
2026-02-08 17:42:36:4236 [31merror[39m: [31mAuthentication error: jwt expired[39m
2026-02-08 17:42:36:4236 [35mhttp[39m: [35mGET /api/auth/profile 401 69 - 24.830 ms anonymous[39m
2026-02-08 17:42:36:4236 [31merror[39m: [31mAuthentication error: jwt expired[39m
2026-02-08 17:42:36:4236 [35mhttp[39m: [35mGET /api/auth/profile 401 69 - 20.361 ms anonymous[39m
2026-02-08 17:42:36:4236 [35mhttp[39m: [35mGET /api/auth/profile 401 69 - 0.185 ms anonymous[39m
2026-02-08 17:42:36:4236 [31merror[39m: [31mAuthentication error: jwt expired[39m
2026-02-08 17:42:36:4236 [35mhttp[39m: [35mGET /api/auth/profile 401 69 - 21.226 ms anonymous[39m
2026-02-08 17:42:36:4236 [31merror[39m: [31mAuthentication error: jwt expired[39m
2026-02-08 17:42:36:4236 [35mhttp[39m: [35mGET /api/auth/profile 401 69 - 14.417 ms anonymous[39m
2026-02-08 17:42:36:4236 [35mhttp[39m: [35mGET /api/auth/profile 401 69 - 0.176 ms anonymous[39m
2026-02-08 17:42:36:4236 [31merror[39m: [31mAuthentication error: jwt expired[39m
2026-02-08 17:42:36:4236 [35mhttp[39m: [35mGET /api/auth/profile 401 69 - 14.932 ms anonymous[39m
2026-02-08 17:42:36:4236 [31merror[39m: [31mAuthentication error: jwt expired[39m
2026-02-08 17:42:36:4236 [35mhttp[39m: [35mGET /api/auth/profile 401 69 - 19.373 ms anonymous[39m
2026-02-08 17:42:36:4236 [35mhttp[39m: [35mGET /api/auth/profile 401 69 - 0.664 ms anonymous[39m
2026-02-08 17:42:36:4236 [31merror[39m: [31mAuthentication error: jwt expired[39m
2026-02-08 17:42:36:4236 [35mhttp[39m: [35mGET /api/auth/profile 401 69 - 23.565 ms anonymous[39m
2026-02-08 17:42:36:4236 [31merror[39m: [31mAuthentication error: jwt expired[39m
2026-02-08 17:42:36:4236 [35mhttp[39m: [35mGET /api/auth/profile 401 69 - 11.590 ms anonymous[39m
2026-02-08 17:42:36:4236 [35mhttp[39m: [35mGET /api/auth/profile 401 69 - 0.563 ms anonymous[39m
2026-02-08 17:42:36:4236 [31merror[39m: [31mAuthentication error: jwt expired[39m
2026-02-08 17:42:36:4236 [35mhttp[39m: [35mGET /api/auth/profile 401 69 - 14.366 ms anonymous[39m
2026-02-08 17:42:37:4237 [35mhttp[39m: [35mGET /api/auth/profile 401 69 - 0.154 ms anonymous[39m
2026-02-08 17:42:37:4237 [31merror[39m: [31mAuthentication error: jwt expired[39m
2026-02-08 17:42:37:4237 [35mhttp[39m: [35mGET /api/auth/profile 401 69 - 16.122 ms anonymous[39m
2026-02-08 17:42:37:4237 [35mhttp[39m: [35mGET /api/auth/profile 401 69 - 0.260 ms anonymous[39m
2026-02-08 17:42:37:4237 [35mhttp[39m: [35mGET /api/auth/profile 401 69 - 0.154 ms anonymous[39m
2026-02-08 17:42:37:4237 [35mhttp[39m: [35mGET /api/auth/profile 401 69 - 0.119 ms anonymous[39m
2026-02-08 17:42:37:4237 [35mhttp[39m: [35mGET /api/auth/profile 401 69 - 0.120 ms anonymous[39m
2026-02-08 17:42:37:4237 [35mhttp[39m: [35mGET /api/auth/profile 401 69 - 0.199 ms anonymous[39m
2026-02-08 17:42:37:4237 [35mhttp[39m: [35mGET /api/auth/profile 401 69 - 0.162 ms anonymous[39m
2026-02-08 17:42:37:4237 [35mhttp[39m: [35mGET /api/auth/profile 401 69 - 0.182 ms anonymous[39m
2026-02-08 17:42:37:4237 [35mhttp[39m: [35mGET /api/auth/profile 401 69 - 0.179 ms anonymous[39m
2026-02-08 17:42:37:4237 [35mhttp[39m: [35mGET /api/auth/profile 401 69 - 0.174 ms anonymous[39m
2026-02-08 17:42:37:4237 [35mhttp[39m: [35mGET /api/auth/profile 401 69 - 0.159 ms anonymous[39m
2026-02-08 17:42:38:4238 [35mhttp[39m: [35mGET /api/auth/profile 401 69 - 0.187 ms anonymous[39m
2026-02-08 17:42:38:4238 [35mhttp[39m: [35mGET /api/auth/profile 401 69 - 0.195 ms anonymous[39m
2026-02-08 17:42:38:4238 [35mhttp[39m: [35mGET /api/auth/profile 401 69 - 0.377 ms anonymous[39m
2026-02-08 17:42:38:4238 [35mhttp[39m: [35mGET /api/auth/profile 401 69 - 0.145 ms anonymous[39m
2026-02-08 17:42:38:4238 [35mhttp[39m: [35mGET /api/auth/profile 401 69 - 0.148 ms anonymous[39m
2026-02-08 17:42:38:4238 [35mhttp[39m: [35mGET /api/auth/profile 401 69 - 0.171 ms anonymous[39m
2026-02-08 17:42:38:4238 [35mhttp[39m: [35mGET /api/auth/profile 401 69 - 0.121 ms anonymous[39m
2026-02-08 17:42:38:4238 [35mhttp[39m: [35mGET /api/auth/profile 401 69 - 0.118 ms anonymous[39m
2026-02-08 17:42:38:4238 [35mhttp[39m: [35mGET /api/auth/profile 401 69 - 0.156 ms anonymous[39m
2026-02-08 17:42:38:4238 [35mhttp[39m: [35mGET /api/auth/profile 401 69 - 0.176 ms anonymous[39m
2026-02-08 17:42:39:4239 [35mhttp[39m: [35mGET /api/auth/profile 401 69 - 0.187 ms anonymous[39m
2026-02-08 17:42:39:4239 [35mhttp[39m: [35mGET /api/auth/profile 401 69 - 0.219 ms anonymous[39m
2026-02-08 17:42:39:4239 [35mhttp[39m: [35mGET /api/auth/profile 401 69 - 0.235 ms anonymous[39m
2026-02-08 17:42:39:4239 [35mhttp[39m: [35mGET /api/auth/profile 401 69 - 0.117 ms anonymous[39m
2026-02-08 17:42:39:4239 [35mhttp[39m: [35mGET /api/auth/profile 401 69 - 0.141 ms anonymous[39m
2026-02-08 17:42:39:4239 [35mhttp[39m: [35mGET /api/auth/profile 401 69 - 0.119 ms anonymous[39m
2026-02-08 17:42:39:4239 [35mhttp[39m: [35mGET /api/auth/profile 401 69 - 0.127 ms anonymous[39m
2026-02-08 17:42:39:4239 [35mhttp[39m: [35mGET /api/auth/profile 401 69 - 0.119 ms anonymous[39m
2026-02-08 17:42:39:4239 [35mhttp[39m: [35mGET /api/auth/profile 401 69 - 0.309 ms anonymous[39m
2026-02-08 17:42:39:4239 [35mhttp[39m: [35mGET /api/auth/profile 401 69 - 0.221 ms anonymous[39m
2026-02-08 17:42:40:4240 [35mhttp[39m: [35mGET /api/auth/profile 401 69 - 0.192 ms anonymous[39m
2026-02-08 17:42:40:4240 [35mhttp[39m: [35mGET /api/auth/profile 401 69 - 0.215 ms anonymous[39m
2026-02-08 17:42:40:4240 [35mhttp[39m: [35mGET /api/auth/profile 401 69 - 0.226 ms anonymous[39m
2026-02-08 17:42:40:4240 [35mhttp[39m: [35mGET /api/auth/profile 401 69 - 0.178 ms anonymous[39m
2026-02-08 17:42:40:4240 [35mhttp[39m: [35mGET /api/auth/profile 401 69 - 0.123 ms anonymous[39m
2026-02-08 17:42:40:4240 [31merror[39m: [31mAuthentication error: jwt expired[39m
2026-02-08 17:42:40:4240 [35mhttp[39m: [35mGET /api/auth/profile 401 69 - 18.781 ms anonymous[39m
2026-02-08 17:42:40:4240 [35mhttp[39m: [35mGET /api/auth/profile 401 69 - 0.116 ms anonymous[39m
2026-02-08 17:42:40:4240 [31merror[39m: [31mAuthentication error: jwt expired[39m
2026-02-08 17:42:40:4240 [35mhttp[39m: [35mGET /api/auth/profile 401 69 - 10.685 ms anonymous[39m
2026-02-08 17:42:40:4240 [35mhttp[39m: [35mGET /api/auth/profile 401 69 - 0.177 ms anonymous[39m
2026-02-08 17:42:40:4240 [31merror[39m: [31mAuthentication error: jwt expired[39m
2026-02-08 17:42:40:4240 [35mhttp[39m: [35mGET /api/auth/profile 401 69 - 12.499 ms anonymous[39m
2026-02-08 17:42:40:4240 [31merror[39m: [31mAuthentication error: jwt expired[39m
2026-02-08 17:42:40:4240 [35mhttp[39m: [35mGET /api/auth/profile 401 69 - 6.740 ms anonymous[39m
2026-02-08 17:42:40:4240 [31merror[39m: [31mAuthentication error: jwt expired[39m
2026-02-08 17:42:40:4240 [35mhttp[39m: [35mGET /api/auth/profile 401 69 - 7.801 ms anonymous[39m
2026-02-08 17:42:40:4240 [35mhttp[39m: [35mGET /api/auth/profile 401 69 - 0.243 ms anonymous[39m
2026-02-08 17:42:40:4240 [31merror[39m: [31mAuthentication error: jwt expired[39m
2026-02-08 17:42:40:4240 [35mhttp[39m: [35mGET /api/auth/profile 401 69 - 12.883 ms anonymous[39m
2026-02-08 17:42:41:4241 [31merror[39m: [31mAuthentication error: jwt expired[39m
2026-02-08 17:42:41:4241 [35mhttp[39m: [35mGET /api/auth/profile 401 69 - 3.660 ms anonymous[39m
2026-02-08 17:42:41:4241 [35mhttp[39m: [35mGET /api/auth/profile 401 69 - 0.136 ms anonymous[39m
2026-02-08 17:42:41:4241 [31merror[39m: [31mAuthentication error: jwt expired[39m
2026-02-08 17:42:41:4241 [35mhttp[39m: [35mGET /api/auth/profile 401 69 - 9.328 ms anonymous[39m
2026-02-08 17:42:41:4241 [31merror[39m: [31mAuthentication error: jwt expired[39m
2026-02-08 17:42:41:4241 [35mhttp[39m: [35mGET /api/auth/profile 401 69 - 5.073 ms anonymous[39m
2026-02-08 17:42:41:4241 [31merror[39m: [31mAuthentication error: jwt expired[39m
2026-02-08 17:42:41:4241 [35mhttp[39m: [35mGET /api/auth/profile 401 69 - 7.565 ms anonymous[39m
2026-02-08 17:42:41:4241 [35mhttp[39m: [35mGET /api/auth/profile 401 69 - 0.089 ms anonymous[39m
2026-02-08 17:42:41:4241 [31merror[39m: [31mAuthentication error: jwt expired[39m
2026-02-08 17:42:41:4241 [35mhttp[39m: [35mGET /api/auth/profile 401 69 - 4.763 ms anonymous[39m
2026-02-08 17:42:41:4241 [31merror[39m: [31mAuthentication error: jwt expired[39m
2026-02-08 17:42:41:4241 [35mhttp[39m: [35mGET /api/auth/profile 401 69 - 10.861 ms anonymous[39m
2026-02-08 17:42:41:4241 [31merror[39m: [31mAuthentication error: jwt expired[39m
2026-02-08 17:42:41:4241 [35mhttp[39m: [35mGET /api/auth/profile 401 69 - 5.720 ms anonymous[39m
2026-02-08 17:42:41:4241 [35mhttp[39m: [35mGET /api/auth/profile 401 69 - 0.107 ms anonymous[39m
2026-02-08 17:42:41:4241 [31merror[39m: [31mAuthentication error: jwt expired[39m
2026-02-08 17:42:41:4241 [35mhttp[39m: [35mGET /api/auth/profile 401 69 - 6.698 ms anonymous[39m
2026-02-08 17:42:41:4241 [31merror[39m: [31mAuthentication error: jwt expired[39m
2026-02-08 17:42:41:4241 [35mhttp[39m: [35mGET /api/auth/profile 401 69 - 6.122 ms anonymous[39m
2026-02-08 17:42:41:4241 [35mhttp[39m: [35mGET /api/auth/profile 401 69 - 0.313 ms anonymous[39m
2026-02-08 17:42:41:4241 [31merror[39m: [31mAuthentication error: jwt expired[39m
2026-02-08 17:42:41:4241 [35mhttp[39m: [35mGET /api/auth/profile 401 69 - 18.789 ms anonymous[39m
2026-02-08 17:42:41:4241 [31merror[39m: [31mAuthentication error: jwt expired[39m
2026-02-08 17:42:41:4241 [35mhttp[39m: [35mGET /api/auth/profile 401 69 - 29.233 ms anonymous[39m
2026-02-08 17:42:41:4241 [35mhttp[39m: [35mGET /api/auth/profile 401 69 - 0.129 ms anonymous[39m
2026-02-08 17:42:41:4241 [31merror[39m: [31mAuthentication error: jwt expired[39m
2026-02-08 17:42:41:4241 [35mhttp[39m: [35mGET /api/auth/profile 401 69 - 10.309 ms anonymous[39m
2026-02-08 17:42:41:4241 [31merror[39m: [31mAuthentication error: jwt expired[39m
2026-02-08 17:42:41:4241 [35mhttp[39m: [35mGET /api/auth/profile 401 69 - 8.794 ms anonymous[39m
2026-02-08 17:42:41:4241 [35mhttp[39m: [35mGET /api/auth/profile 401 69 - 6.021 ms anonymous[39m
2026-02-08 17:42:41:4241 [31merror[39m: [31mAuthentication error: jwt expired[39m
2026-02-08 17:42:41:4241 [35mhttp[39m: [35mGET /api/auth/profile 401 69 - 25.570 ms anonymous[39m
2026-02-08 17:42:41:4241 [31merror[39m: [31mAuthentication error: jwt expired[39m
2026-02-08 17:42:41:4241 [35mhttp[39m: [35mGET /api/auth/profile 401 69 - 8.223 ms anonymous[39m
2026-02-08 17:42:41:4241 [31merror[39m: [31mAuthentication error: jwt expired[39m
2026-02-08 17:42:41:4241 [35mhttp[39m: [35mGET /api/auth/profile 401 69 - 12.502 ms anonymous[39m
2026-02-08 17:42:42:4242 [31merror[39m: [31mAuthentication error: jwt expired[39m
2026-02-08 17:42:42:4242 [35mhttp[39m: [35mGET /api/auth/profile 401 69 - 8.967 ms anonymous[39m
2026-02-08 17:42:42:4242 [35mhttp[39m: [35mGET /api/auth/profile 401 69 - 1.612 ms anonymous[39m
2026-02-08 17:42:42:4242 [31merror[39m: [31mAuthentication error: jwt expired[39m
2026-02-08 17:42:42:4242 [35mhttp[39m: [35mGET /api/auth/profile 401 69 - 13.433 ms anonymous[39m
2026-02-08 17:42:42:4242 [31merror[39m: [31mAuthentication error: jwt expired[39m
2026-02-08 17:42:42:4242 [35mhttp[39m: [35mGET /api/auth/profile 401 69 - 11.366 ms anonymous[39m
2026-02-08 17:42:42:4242 [31merror[39m: [31mAuthentication error: jwt expired[39m
2026-02-08 17:42:42:4242 [35mhttp[39m: [35mGET /api/auth/profile 401 69 - 10.148 ms anonymous[39m
2026-02-08 17:42:42:4242 [35mhttp[39m: [35mGET /api/auth/profile 401 69 - 0.325 ms anonymous[39m
2026-02-08 17:42:42:4242 [31merror[39m: [31mAuthentication error: jwt expired[39m
2026-02-08 17:42:42:4242 [35mhttp[39m: [35mGET /api/auth/profile 401 69 - 14.707 ms anonymous[39m
2026-02-08 17:42:42:4242 [31merror[39m: [31mAuthentication error: jwt expired[39m
2026-02-08 17:42:42:4242 [35mhttp[39m: [35mGET /api/auth/profile 401 69 - 9.153 ms anonymous[39m
2026-02-08 17:42:42:4242 [31merror[39m: [31mAuthentication error: jwt expired[39m
2026-02-08 17:42:42:4242 [35mhttp[39m: [35mGET /api/auth/profile 401 69 - 6.340 ms anonymous[39m
2026-02-08 17:42:42:4242 [35mhttp[39m: [35mGET /api/auth/profile 401 69 - 0.181 ms anonymous[39m
2026-02-08 17:42:42:4242 [31merror[39m: [31mAuthentication error: jwt expired[39m
2026-02-08 17:42:42:4242 [35mhttp[39m: [35mGET /api/auth/profile 401 69 - 9.284 ms anonymous[39m
2026-02-08 17:42:42:4242 [31merror[39m: [31mAuthentication error: jwt expired[39m
2026-02-08 17:42:42:4242 [35mhttp[39m: [35mGET /api/auth/profile 401 69 - 4.969 ms anonymous[39m
2026-02-08 17:42:42:4242 [35mhttp[39m: [35mGET /api/auth/profile 401 69 - 0.751 ms anonymous[39m
2026-02-08 17:42:42:4242 [31merror[39m: [31mAuthentication error: jwt expired[39m
2026-02-08 17:42:42:4242 [35mhttp[39m: [35mGET /api/auth/profile 401 69 - 20.586 ms anonymous[39m
2026-02-08 17:42:42:4242 [31merror[39m: [31mAuthentication error: jwt expired[39m
2026-02-08 17:42:42:4242 [35mhttp[39m: [35mGET /api/auth/profile 401 69 - 6.666 ms anonymous[39m
2026-02-08 17:42:42:4242 [31merror[39m: [31mAuthentication error: jwt expired[39m
2026-02-08 17:42:42:4242 [35mhttp[39m: [35mGET /api/auth/profile 401 69 - 8.424 ms anonymous[39m
2026-02-08 17:42:42:4242 [35mhttp[39m: [35mGET /api/auth/profile 401 69 - 0.258 ms anonymous[39m
2026-02-08 17:42:42:4242 [31merror[39m: [31mAuthentication error: jwt expired[39m
2026-02-08 17:42:42:4242 [35mhttp[39m: [35mGET /api/auth/profile 401 69 - 14.868 ms anonymous[39m
2026-02-08 17:42:42:4242 [31merror[39m: [31mAuthentication error: jwt expired[39m
2026-02-08 17:42:42:4242 [35mhttp[39m: [35mGET /api/auth/profile 401 69 - 5.946 ms anonymous[39m
2026-02-08 17:42:42:4242 [35mhttp[39m: [35mGET /api/auth/profile 401 69 - 0.203 ms anonymous[39m
2026-02-08 17:42:42:4242 [31merror[39m: [31mAuthentication error: jwt expired[39m
2026-02-08 17:42:42:4242 [35mhttp[39m: [35mGET /api/auth/profile 401 69 - 9.452 ms anonymous[39m
2026-02-08 17:42:42:4242 [31merror[39m: [31mAuthentication error: jwt expired[39m
2026-02-08 17:42:42:4242 [35mhttp[39m: [35mGET /api/auth/profile 401 69 - 3.587 ms anonymous[39m
2026-02-08 17:42:42:4242 [35mhttp[39m: [35mGET /api/auth/profile 401 69 - 0.160 ms anonymous[39m
2026-02-08 17:42:42:4242 [31merror[39m: [31mAuthentication error: jwt expired[39m
2026-02-08 17:42:42:4242 [35mhttp[39m: [35mGET /api/auth/profile 401 69 - 11.285 ms anonymous[39m
2026-02-08 17:42:42:4242 [31merror[39m: [31mAuthentication error: jwt expired[39m
2026-02-08 17:42:42:4242 [35mhttp[39m: [35mGET /api/auth/profile 401 69 - 5.236 ms anonymous[39m
2026-02-08 17:42:42:4242 [31merror[39m: [31mAuthentication error: jwt expired[39m
2026-02-08 17:42:42:4242 [35mhttp[39m: [35mGET /api/auth/profile 401 69 - 3.657 ms anonymous[39m
2026-02-08 17:42:42:4242 [35mhttp[39m: [35mGET /api/auth/profile 401 69 - 0.126 ms anonymous[39m
2026-02-08 17:42:43:4243 [31merror[39m: [31mAuthentication error: jwt expired[39m
2026-02-08 17:42:43:4243 [35mhttp[39m: [35mGET /api/auth/profile 401 69 - 7.289 ms anonymous[39m
2026-02-08 17:42:43:4243 [31merror[39m: [31mAuthentication error: jwt expired[39m
2026-02-08 17:42:43:4243 [35mhttp[39m: [35mGET /api/auth/profile 401 69 - 8.950 ms anonymous[39m
2026-02-08 17:42:43:4243 [31merror[39m: [31mAuthentication error: jwt expired[39m
2026-02-08 17:42:43:4243 [35mhttp[39m: [35mGET /api/auth/profile 401 69 - 3.957 ms anonymous[39m
2026-02-08 17:42:43:4243 [35mhttp[39m: [35mGET /api/auth/profile 401 69 - 0.296 ms anonymous[39m
2026-02-08 17:42:43:4243 [31merror[39m: [31mAuthentication error: jwt expired[39m
2026-02-08 17:42:43:4243 [35mhttp[39m: [35mGET /api/auth/profile 401 69 - 19.903 ms anonymous[39m
2026-02-08 17:42:43:4243 [31merror[39m: [31mAuthentication error: jwt expired[39m
2026-02-08 17:42:43:4243 [35mhttp[39m: [35mGET /api/auth/profile 401 69 - 8.351 ms anonymous[39m
2026-02-08 17:42:43:4243 [35mhttp[39m: [35mGET /api/auth/profile 401 69 - 0.143 ms anonymous[39m
2026-02-08 17:42:43:4243 [31merror[39m: [31mAuthentication error: jwt expired[39m
2026-02-08 17:42:43:4243 [35mhttp[39m: [35mGET /api/auth/profile 401 69 - 17.635 ms anonymous[39m
2026-02-08 17:42:43:4243 [31merror[39m: [31mAuthentication error: jwt expired[39m
2026-02-08 17:42:43:4243 [35mhttp[39m: [35mGET /api/auth/profile 401 69 - 4.234 ms anonymous[39m
2026-02-08 17:42:43:4243 [35mhttp[39m: [35mGET /api/auth/profile 401 69 - 0.120 ms anonymous[39m
2026-02-08 17:42:43:4243 [31merror[39m: [31mAuthentication error: jwt expired[39m
2026-02-08 17:42:43:4243 [35mhttp[39m: [35mGET /api/auth/profile 401 69 - 8.670 ms anonymous[39m
2026-02-08 17:42:43:4243 [31merror[39m: [31mAuthentication error: jwt expired[39m
2026-02-08 17:42:43:4243 [35mhttp[39m: [35mGET /api/auth/profile 401 69 - 6.754 ms anonymous[39m
2026-02-08 17:42:43:4243 [31merror[39m: [31mAuthentication error: jwt expired[39m
2026-02-08 17:42:43:4243 [35mhttp[39m: [35mGET /api/auth/profile 401 69 - 3.904 ms anonymous[39m
2026-02-08 17:42:43:4243 [35mhttp[39m: [35mGET /api/auth/profile 401 69 - 0.109 ms anonymous[39m
2026-02-08 17:42:43:4243 [31merror[39m: [31mAuthentication error: jwt expired[39m
2026-02-08 17:42:43:4243 [35mhttp[39m: [35mGET /api/auth/profile 401 69 - 6.593 ms anonymous[39m
2026-02-08 17:42:43:4243 [31merror[39m: [31mAuthentication error: jwt expired[39m
2026-02-08 17:42:43:4243 [35mhttp[39m: [35mGET /api/auth/profile 401 69 - 2.967 ms anonymous[39m
2026-02-08 17:42:43:4243 [31merror[39m: [31mAuthentication error: jwt expired[39m
2026-02-08 17:42:43:4243 [35mhttp[39m: [35mGET /api/auth/profile 401 69 - 6.930 ms anonymous[39m
2026-02-08 17:42:43:4243 [35mhttp[39m: [35mGET /api/auth/profile 401 69 - 0.132 ms anonymous[39m
2026-02-08 17:42:43:4243 [31merror[39m: [31mAuthentication error: jwt expired[39m
2026-02-08 17:42:43:4243 [35mhttp[39m: [35mGET /api/auth/profile 401 69 - 13.846 ms anonymous[39m
2026-02-08 17:42:43:4243 [31merror[39m: [31mAuthentication error: jwt expired[39m
2026-02-08 17:42:43:4243 [35mhttp[39m: [35mGET /api/auth/profile 401 69 - 10.965 ms anonymous[39m
2026-02-08 17:42:43:4243 [35mhttp[39m: [35mGET /api/auth/profile 401 69 - 0.130 ms anonymous[39m
2026-02-08 17:42:43:4243 [31merror[39m: [31mAuthentication error: jwt expired[39m
2026-02-08 17:42:43:4243 [35mhttp[39m: [35mGET /api/auth/profile 401 69 - 12.524 ms anonymous[39m
2026-02-08 17:42:43:4243 [31merror[39m: [31mAuthentication error: jwt expired[39m
2026-02-08 17:42:43:4243 [35mhttp[39m: [35mGET /api/auth/profile 401 69 - 4.576 ms anonymous[39m
2026-02-08 17:42:43:4243 [35mhttp[39m: [35mGET /api/auth/profile 401 69 - 0.134 ms anonymous[39m
2026-02-08 17:42:43:4243 [31merror[39m: [31mAuthentication error: jwt expired[39m
2026-02-08 17:42:43:4243 [35mhttp[39m: [35mGET /api/auth/profile 401 69 - 10.127 ms anonymous[39m
2026-02-08 17:42:43:4243 [31merror[39m: [31mAuthentication error: jwt expired[39m
2026-02-08 17:42:43:4243 [35mhttp[39m: [35mGET /api/auth/profile 401 69 - 3.169 ms anonymous[39m
2026-02-08 17:42:43:4243 [31merror[39m: [31mAuthentication error: jwt expired[39m
2026-02-08 17:42:43:4243 [35mhttp[39m: [35mGET /api/auth/profile 401 69 - 4.560 ms anonymous[39m
2026-02-08 17:42:43:4243 [35mhttp[39m: [35mGET /api/auth/profile 401 69 - 0.104 ms anonymous[39m
2026-02-08 17:42:43:4243 [31merror[39m: [31mAuthentication error: jwt expired[39m
2026-02-08 17:42:43:4243 [35mhttp[39m: [35mGET /api/auth/profile 401 69 - 19.368 ms anonymous[39m
2026-02-08 17:42:44:4244 [31merror[39m: [31mAuthentication error: jwt expired[39m
2026-02-08 17:42:44:4244 [35mhttp[39m: [35mGET /api/auth/profile 401 69 - 7.423 ms anonymous[39m
2026-02-08 17:42:44:4244 [31merror[39m: [31mAuthentication error: jwt expired[39m
2026-02-08 17:42:44:4244 [35mhttp[39m: [35mGET /api/auth/profile 401 69 - 4.804 ms anonymous[39m
2026-02-08 17:42:44:4244 [35mhttp[39m: [35mGET /api/auth/profile 401 69 - 0.490 ms anonymous[39m
2026-02-08 17:42:44:4244 [31merror[39m: [31mAuthentication error: jwt expired[39m
2026-02-08 17:42:44:4244 [35mhttp[39m: [35mGET /api/auth/profile 401 69 - 16.586 ms anonymous[39m
2026-02-08 17:42:44:4244 [31merror[39m: [31mAuthentication error: jwt expired[39m
2026-02-08 17:42:44:4244 [35mhttp[39m: [35mGET /api/auth/profile 401 69 - 4.435 ms anonymous[39m
2026-02-08 17:42:44:4244 [35mhttp[39m: [35mGET /api/auth/profile 401 69 - 0.561 ms anonymous[39m
2026-02-08 17:42:44:4244 [31merror[39m: [31mAuthentication error: jwt expired[39m
2026-02-08 17:42:44:4244 [35mhttp[39m: [35mGET /api/auth/profile 401 69 - 13.900 ms anonymous[39m
2026-02-08 17:42:44:4244 [31merror[39m: [31mAuthentication error: jwt expired[39m
2026-02-08 17:42:44:4244 [35mhttp[39m: [35mGET /api/auth/profile 401 69 - 3.035 ms anonymous[39m
2026-02-08 17:42:44:4244 [35mhttp[39m: [35mGET /api/auth/profile 401 69 - 0.130 ms anonymous[39m
2026-02-08 17:42:44:4244 [31merror[39m: [31mAuthentication error: jwt expired[39m
2026-02-08 17:42:44:4244 [35mhttp[39m: [35mGET /api/auth/profile 401 69 - 10.557 ms anonymous[39m
2026-02-08 17:42:44:4244 [31merror[39m: [31mAuthentication error: jwt expired[39m
2026-02-08 17:42:44:4244 [35mhttp[39m: [35mGET /api/auth/profile 401 69 - 3.501 ms anonymous[39m
2026-02-08 17:42:44:4244 [31merror[39m: [31mAuthentication error: jwt expired[39m
2026-02-08 17:42:44:4244 [35mhttp[39m: [35mGET /api/auth/profile 401 69 - 9.342 ms anonymous[39m
2026-02-08 17:42:44:4244 [35mhttp[39m: [35mGET /api/auth/profile 401 69 - 0.156 ms anonymous[39m
2026-02-08 17:42:44:4244 [31merror[39m: [31mAuthentication error: jwt expired[39m
2026-02-08 17:42:44:4244 [35mhttp[39m: [35mGET /api/auth/profile 401 69 - 8.373 ms anonymous[39m
2026-02-08 17:42:44:4244 [31merror[39m: [31mAuthentication error: jwt expired[39m
2026-02-08 17:42:44:4244 [35mhttp[39m: [35mGET /api/auth/profile 401 69 - 8.981 ms anonymous[39m
2026-02-08 17:42:44:4244 [31merror[39m: [31mAuthentication error: jwt expired[39m
2026-02-08 17:42:44:4244 [35mhttp[39m: [35mGET /api/auth/profile 401 69 - 3.064 ms anonymous[39m
2026-02-08 17:42:44:4244 [35mhttp[39m: [35mGET /api/auth/profile 401 69 - 0.159 ms anonymous[39m
2026-02-08 17:42:44:4244 [31merror[39m: [31mAuthentication error: jwt expired[39m
2026-02-08 17:42:44:4244 [35mhttp[39m: [35mGET /api/auth/profile 401 69 - 15.041 ms anonymous[39m
2026-02-08 17:42:44:4244 [31merror[39m: [31mAuthentication error: jwt expired[39m
2026-02-08 17:42:44:4244 [35mhttp[39m: [35mGET /api/auth/profile 401 69 - 4.740 ms anonymous[39m
2026-02-08 17:42:44:4244 [35mhttp[39m: [35mGET /api/auth/profile 401 69 - 0.262 ms anonymous[39m
2026-02-08 17:42:44:4244 [31merror[39m: [31mAuthentication error: jwt expired[39m
2026-02-08 17:42:44:4244 [35mhttp[39m: [35mGET /api/auth/profile 401 69 - 15.217 ms anonymous[39m
2026-02-08 17:42:44:4244 [31merror[39m: [31mAuthentication error: jwt expired[39m
2026-02-08 17:42:44:4244 [35mhttp[39m: [35mGET /api/auth/profile 401 69 - 4.338 ms anonymous[39m
2026-02-08 17:42:44:4244 [35mhttp[39m: [35mGET /api/auth/profile 401 69 - 0.154 ms anonymous[39m
2026-02-08 17:42:44:4244 [31merror[39m: [31mAuthentication error: jwt expired[39m
2026-02-08 17:42:44:4244 [35mhttp[39m: [35mGET /api/auth/profile 401 69 - 11.060 ms anonymous[39m
2026-02-08 17:42:44:4244 [31merror[39m: [31mAuthentication error: jwt expired[39m
2026-02-08 17:42:44:4244 [35mhttp[39m: [35mGET /api/auth/profile 401 69 - 4.138 ms anonymous[39m
2026-02-08 17:42:44:4244 [35mhttp[39m: [35mGET /api/auth/profile 401 69 - 0.145 ms anonymous[39m
2026-02-08 17:42:44:4244 [31merror[39m: [31mAuthentication error: jwt expired[39m
2026-02-08 17:42:44:4244 [35mhttp[39m: [35mGET /api/auth/profile 401 69 - 18.921 ms anonymous[39m
2026-02-08 17:42:44:4244 [31merror[39m: [31mAuthentication error: jwt expired[39m
2026-02-08 17:42:44:4244 [35mhttp[39m: [35mGET /api/auth/profile 401 69 - 3.154 ms anonymous[39m
2026-02-08 17:42:44:4244 [31merror[39m: [31mAuthentication error: jwt expired[39m
2026-02-08 17:42:44:4244 [35mhttp[39m: [35mGET /api/auth/profile 401 69 - 4.965 ms anonymous[39m
2026-02-08 17:42:44:4244 [35mhttp[39m: [35mGET /api/auth/profile 401 69 - 0.721 ms anonymous[39m
2026-02-08 17:42:44:4244 [31merror[39m: [31mAuthentication error: jwt expired[39m
2026-02-08 17:42:44:4244 [35mhttp[39m: [35mGET /api/auth/profile 401 69 - 7.347 ms anonymous[39m
2026-02-08 17:42:45:4245 [31merror[39m: [31mAuthentication error: jwt expired[39m
2026-02-08 17:42:45:4245 [35mhttp[39m: [35mGET /api/auth/profile 401 69 - 3.357 ms anonymous[39m
2026-02-08 17:42:45:4245 [35mhttp[39m: [35mGET /api/auth/profile 401 69 - 0.186 ms anonymous[39m
2026-02-08 17:42:45:4245 [35mhttp[39m: [35mGET /api/auth/profile 401 69 - 0.281 ms anonymous[39m
2026-02-08 17:42:45:4245 [31merror[39m: [31mAuthentication error: jwt expired[39m
2026-02-08 17:42:45:4245 [35mhttp[39m: [35mGET /api/auth/profile 401 69 - 19.074 ms anonymous[39m
2026-02-08 17:42:45:4245 [31merror[39m: [31mAuthentication error: jwt expired[39m
2026-02-08 17:42:45:4245 [35mhttp[39m: [35mGET /api/auth/profile 401 69 - 6.385 ms anonymous[39m
2026-02-08 17:42:45:4245 [31merror[39m: [31mAuthentication error: jwt expired[39m
2026-02-08 17:42:45:4245 [35mhttp[39m: [35mGET /api/auth/profile 401 69 - 5.360 ms anonymous[39m
2026-02-08 17:42:45:4245 [35mhttp[39m: [35mGET /api/auth/profile 401 69 - 0.499 ms anonymous[39m
2026-02-08 17:42:45:4245 [31merror[39m: [31mAuthentication error: jwt expired[39m
2026-02-08 17:42:45:4245 [35mhttp[39m: [35mGET /api/auth/profile 401 69 - 12.784 ms anonymous[39m
2026-02-08 17:42:45:4245 [31merror[39m: [31mAuthentication error: jwt expired[39m
2026-02-08 17:42:45:4245 [35mhttp[39m: [35mGET /api/auth/profile 401 69 - 3.797 ms anonymous[39m
2026-02-08 17:42:45:4245 [35mhttp[39m: [35mGET /api/auth/profile 401 69 - 0.472 ms anonymous[39m
2026-02-08 17:42:45:4245 [31merror[39m: [31mAuthentication error: jwt expired[39m
2026-02-08 17:42:45:4245 [35mhttp[39m: [35mGET /api/auth/profile 401 69 - 25.354 ms anonymous[39m
2026-02-08 17:42:45:4245 [31merror[39m: [31mAuthentication error: jwt expired[39m
2026-02-08 17:42:45:4245 [35mhttp[39m: [35mGET /api/auth/profile 401 69 - 13.220 ms anonymous[39m
2026-02-08 17:42:45:4245 [31merror[39m: [31mAuthentication error: jwt expired[39m
2026-02-08 17:42:45:4245 [35mhttp[39m: [35mGET /api/auth/profile 401 69 - 6.860 ms anonymous[39m
2026-02-08 17:42:45:4245 [35mhttp[39m: [35mGET /api/auth/profile 401 69 - 0.133 ms anonymous[39m
2026-02-08 17:42:45:4245 [31merror[39m: [31mAuthentication error: jwt expired[39m
2026-02-08 17:42:45:4245 [35mhttp[39m: [35mGET /api/auth/profile 401 69 - 7.335 ms anonymous[39m
2026-02-08 17:42:45:4245 [31merror[39m: [31mAuthentication error: jwt expired[39m
2026-02-08 17:42:45:4245 [35mhttp[39m: [35mGET /api/auth/profile 401 69 - 4.163 ms anonymous[39m
2026-02-08 17:42:45:4245 [35mhttp[39m: [35mGET /api/auth/profile 401 69 - 0.289 ms anonymous[39m
2026-02-08 17:42:45:4245 [31merror[39m: [31mAuthentication error: jwt expired[39m
2026-02-08 17:42:45:4245 [35mhttp[39m: [35mGET /api/auth/profile 401 69 - 26.655 ms anonymous[39m
2026-02-08 17:42:45:4245 [31merror[39m: [31mAuthentication error: jwt expired[39m
2026-02-08 17:42:45:4245 [35mhttp[39m: [35mGET /api/auth/profile 401 69 - 7.517 ms anonymous[39m
2026-02-08 17:42:45:4245 [31merror[39m: [31mAuthentication error: jwt expired[39m
2026-02-08 17:42:45:4245 [35mhttp[39m: [35mGET /api/auth/profile 401 69 - 7.161 ms anonymous[39m
2026-02-08 17:42:45:4245 [31merror[39m: [31mAuthentication error: jwt expired[39m
2026-02-08 17:42:45:4245 [35mhttp[39m: [35mGET /api/auth/profile 401 69 - 7.731 ms anonymous[39m
2026-02-08 17:42:45:4245 [35mhttp[39m: [35mGET /api/auth/profile 401 69 - 0.153 ms anonymous[39m
2026-02-08 17:42:45:4245 [31merror[39m: [31mAuthentication error: jwt expired[39m
2026-02-08 17:42:45:4245 [35mhttp[39m: [35mGET /api/auth/profile 401 69 - 20.750 ms anonymous[39m
2026-02-08 17:42:46:4246 [31merror[39m: [31mAuthentication error: jwt expired[39m
2026-02-08 17:42:46:4246 [35mhttp[39m: [35mGET /api/auth/profile 401 69 - 5.734 ms anonymous[39m
2026-02-08 17:42:46:4246 [35mhttp[39m: [35mGET /api/auth/profile 401 69 - 0.280 ms anonymous[39m
2026-02-08 17:42:46:4246 [31merror[39m: [31mAuthentication error: jwt expired[39m
2026-02-08 17:42:46:4246 [35mhttp[39m: [35mGET /api/auth/profile 401 69 - 13.936 ms anonymous[39m
2026-02-08 17:42:46:4246 [31merror[39m: [31mAuthentication error: jwt expired[39m
2026-02-08 17:42:46:4246 [35mhttp[39m: [35mGET /api/auth/profile 401 69 - 4.394 ms anonymous[39m
2026-02-08 17:42:46:4246 [31merror[39m: [31mAuthentication error: jwt expired[39m
2026-02-08 17:42:46:4246 [35mhttp[39m: [35mGET /api/auth/profile 401 69 - 11.247 ms anonymous[39m
2026-02-08 17:42:46:4246 [35mhttp[39m: [35mGET /api/auth/profile 401 69 - 0.188 ms anonymous[39m
2026-02-08 17:42:46:4246 [31merror[39m: [31mAuthentication error: jwt expired[39m
2026-02-08 17:42:46:4246 [35mhttp[39m: [35mGET /api/auth/profile 401 69 - 3.923 ms anonymous[39m
2026-02-08 17:42:46:4246 [31merror[39m: [31mAuthentication error: jwt expired[39m
2026-02-08 17:42:46:4246 [35mhttp[39m: [35mGET /api/auth/profile 401 69 - 8.018 ms anonymous[39m
2026-02-08 17:42:46:4246 [35mhttp[39m: [35mGET /api/auth/profile 401 69 - 0.596 ms anonymous[39m
2026-02-08 17:42:46:4246 [31merror[39m: [31mAuthentication error: jwt expired[39m
2026-02-08 17:42:46:4246 [35mhttp[39m: [35mGET /api/auth/profile 401 69 - 18.894 ms anonymous[39m
2026-02-08 17:42:46:4246 [31merror[39m: [31mAuthentication error: jwt expired[39m
2026-02-08 17:42:46:4246 [35mhttp[39m: [35mGET /api/auth/profile 401 69 - 8.475 ms anonymous[39m
2026-02-08 17:42:46:4246 [35mhttp[39m: [35mGET /api/auth/profile 401 69 - 0.205 ms anonymous[39m
2026-02-08 17:42:46:4246 [31merror[39m: [31mAuthentication error: jwt expired[39m
2026-02-08 17:42:46:4246 [35mhttp[39m: [35mGET /api/auth/profile 401 69 - 12.262 ms anonymous[39m
2026-02-08 17:42:46:4246 [31merror[39m: [31mAuthentication error: jwt expired[39m
2026-02-08 17:42:46:4246 [35mhttp[39m: [35mGET /api/auth/profile 401 69 - 5.204 ms anonymous[39m
2026-02-08 17:42:46:4246 [31merror[39m: [31mAuthentication error: jwt expired[39m
2026-02-08 17:42:46:4246 [35mhttp[39m: [35mGET /api/auth/profile 401 69 - 23.081 ms anonymous[39m
2026-02-08 17:42:46:4246 [35mhttp[39m: [35mGET /api/auth/profile 401 69 - 0.133 ms anonymous[39m
2026-02-08 17:42:46:4246 [31merror[39m: [31mAuthentication error: jwt expired[39m
2026-02-08 17:42:46:4246 [35mhttp[39m: [35mGET /api/auth/profile 401 69 - 4.736 ms anonymous[39m
2026-02-08 17:42:46:4246 [31merror[39m: [31mAuthentication error: jwt expired[39m
2026-02-08 17:42:46:4246 [35mhttp[39m: [35mGET /api/auth/profile 401 69 - 8.520 ms anonymous[39m
2026-02-08 17:42:46:4246 [35mhttp[39m: [35mGET /api/auth/profile 401 69 - 0.293 ms anonymous[39m
2026-02-08 17:42:46:4246 [31merror[39m: [31mAuthentication error: jwt expired[39m
2026-02-08 17:42:46:4246 [35mhttp[39m: [35mGET /api/auth/profile 401 69 - 14.879 ms anonymous[39m
2026-02-08 17:42:46:4246 [31merror[39m: [31mAuthentication error: jwt expired[39m
2026-02-08 17:42:46:4246 [35mhttp[39m: [35mGET /api/auth/profile 401 69 - 7.497 ms anonymous[39m
2026-02-08 17:42:46:4246 [35mhttp[39m: [35mGET /api/auth/profile 401 69 - 0.210 ms anonymous[39m
2026-02-08 17:42:46:4246 [31merror[39m: [31mAuthentication error: jwt expired[39m
2026-02-08 17:42:46:4246 [35mhttp[39m: [35mGET /api/auth/profile 401 69 - 27.481 ms anonymous[39m
2026-02-08 17:42:46:4246 [31merror[39m: [31mAuthentication error: jwt expired[39m
2026-02-08 17:42:46:4246 [35mhttp[39m: [35mGET /api/auth/profile 401 69 - 9.704 ms anonymous[39m
2026-02-08 17:42:46:4246 [35mhttp[39m: [35mGET /api/auth/profile 401 69 - 0.154 ms anonymous[39m
2026-02-08 17:42:46:4246 [31merror[39m: [31mAuthentication error: jwt expired[39m
2026-02-08 17:42:47:4247 [35mhttp[39m: [35mGET /api/auth/profile 401 69 - 16.232 ms anonymous[39m
2026-02-08 17:42:47:4247 [31merror[39m: [31mAuthentication error: jwt expired[39m
2026-02-08 17:42:47:4247 [35mhttp[39m: [35mGET /api/auth/profile 401 69 - 11.803 ms anonymous[39m
2026-02-08 17:42:47:4247 [35mhttp[39m: [35mGET /api/auth/profile 401 69 - 0.164 ms anonymous[39m
2026-02-08 17:42:47:4247 [31merror[39m: [31mAuthentication error: jwt expired[39m
2026-02-08 17:42:47:4247 [35mhttp[39m: [35mGET /api/auth/profile 401 69 - 16.582 ms anonymous[39m
2026-02-08 17:42:47:4247 [31merror[39m: [31mAuthentication error: jwt expired[39m
2026-02-08 17:42:47:4247 [35mhttp[39m: [35mGET /api/auth/profile 401 69 - 4.595 ms anonymous[39m
2026-02-08 17:42:47:4247 [35mhttp[39m: [35mGET /api/auth/profile 401 69 - 0.303 ms anonymous[39m
2026-02-08 17:42:47:4247 [31merror[39m: [31mAuthentication error: jwt expired[39m
2026-02-08 17:42:47:4247 [35mhttp[39m: [35mGET /api/auth/profile 401 69 - 13.238 ms anonymous[39m
2026-02-08 17:42:47:4247 [31merror[39m: [31mAuthentication error: jwt expired[39m
2026-02-08 17:42:47:4247 [35mhttp[39m: [35mGET /api/auth/profile 401 69 - 4.954 ms anonymous[39m
2026-02-08 17:42:47:4247 [35mhttp[39m: [35mGET /api/auth/profile 401 69 - 0.122 ms anonymous[39m
2026-02-08 17:42:47:4247 [31merror[39m: [31mAuthentication error: jwt expired[39m
2026-02-08 17:42:47:4247 [35mhttp[39m: [35mGET /api/auth/profile 401 69 - 11.403 ms anonymous[39m
2026-02-08 17:42:47:4247 [31merror[39m: [31mAuthentication error: jwt expired[39m
2026-02-08 17:42:47:4247 [35mhttp[39m: [35mGET /api/auth/profile 401 69 - 5.490 ms anonymous[39m
2026-02-08 17:42:47:4247 [35mhttp[39m: [35mGET /api/auth/profile 401 69 - 0.211 ms anonymous[39m
2026-02-08 17:42:47:4247 [31merror[39m: [31mAuthentication error: jwt expired[39m
2026-02-08 17:42:47:4247 [35mhttp[39m: [35mGET /api/auth/profile 401 69 - 11.062 ms anonymous[39m
2026-02-08 17:42:47:4247 [31merror[39m: [31mAuthentication error: jwt expired[39m
2026-02-08 17:42:47:4247 [35mhttp[39m: [35mGET /api/auth/profile 401 69 - 4.716 ms anonymous[39m
2026-02-08 17:42:47:4247 [35mhttp[39m: [35mGET /api/auth/profile 401 69 - 0.429 ms anonymous[39m
2026-02-08 17:42:47:4247 [31merror[39m: [31mAuthentication error: jwt expired[39m
2026-02-08 17:42:47:4247 [35mhttp[39m: [35mGET /api/auth/profile 401 69 - 10.757 ms anonymous[39m
2026-02-08 17:42:47:4247 [31merror[39m: [31mAuthentication error: jwt expired[39m
2026-02-08 17:42:47:4247 [35mhttp[39m: [35mGET /api/auth/profile 401 69 - 4.575 ms anonymous[39m
2026-02-08 17:42:47:4247 [31merror[39m: [31mAuthentication error: jwt expired[39m
2026-02-08 17:42:47:4247 [35mhttp[39m: [35mGET /api/auth/profile 401 69 - 4.631 ms anonymous[39m
2026-02-08 17:42:47:4247 [35mhttp[39m: [35mGET /api/auth/profile 401 69 - 0.129 ms anonymous[39m
2026-02-08 17:42:47:4247 [31merror[39m: [31mAuthentication error: jwt expired[39m
2026-02-08 17:42:47:4247 [35mhttp[39m: [35mGET /api/auth/profile 401 69 - 6.070 ms anonymous[39m
2026-02-08 17:42:47:4247 [31merror[39m: [31mAuthentication error: jwt expired[39m
2026-02-08 17:42:47:4247 [35mhttp[39m: [35mGET /api/auth/profile 401 69 - 4.027 ms anonymous[39m
2026-02-08 17:42:47:4247 [35mhttp[39m: [35mGET /api/auth/profile 401 69 - 0.256 ms anonymous[39m
2026-02-08 17:42:47:4247 [31merror[39m: [31mAuthentication error: jwt expired[39m
2026-02-08 17:42:47:4247 [35mhttp[39m: [35mGET /api/auth/profile 401 69 - 14.030 ms anonymous[39m
2026-02-08 17:42:47:4247 [31merror[39m: [31mAuthentication error: jwt expired[39m
2026-02-08 17:42:47:4247 [35mhttp[39m: [35mGET /api/auth/profile 401 69 - 5.031 ms anonymous[39m
2026-02-08 17:42:47:4247 [35mhttp[39m: [35mGET /api/auth/profile 401 69 - 0.116 ms anonymous[39m
2026-02-08 17:42:47:4247 [31merror[39m: [31mAuthentication error: jwt expired[39m
2026-02-08 17:42:47:4247 [35mhttp[39m: [35mGET /api/auth/profile 401 69 - 14.876 ms anonymous[39m
2026-02-08 17:42:47:4247 [31merror[39m: [31mAuthentication error: jwt expired[39m
2026-02-08 17:42:47:4247 [35mhttp[39m: [35mGET /api/auth/profile 401 69 - 4.724 ms anonymous[39m
2026-02-08 17:42:47:4247 [35mhttp[39m: [35mGET /api/auth/profile 401 69 - 0.446 ms anonymous[39m
2026-02-08 17:42:47:4247 [31merror[39m: [31mAuthentication error: jwt expired[39m
2026-02-08 17:42:47:4247 [35mhttp[39m: [35mGET /api/auth/profile 401 69 - 13.468 ms anonymous[39m
2026-02-08 17:42:47:4247 [31merror[39m: [31mAuthentication error: jwt expired[39m
2026-02-08 17:42:47:4247 [35mhttp[39m: [35mGET /api/auth/profile 401 69 - 4.529 ms anonymous[39m
2026-02-08 17:42:47:4247 [31merror[39m: [31mAuthentication error: jwt expired[39m
2026-02-08 17:42:47:4247 [35mhttp[39m: [35mGET /api/auth/profile 401 69 - 3.736 ms anonymous[39m
2026-02-08 17:42:47:4247 [35mhttp[39m: [35mGET /api/auth/profile 401 69 - 0.116 ms anonymous[39m
2026-02-08 17:42:48:4248 [31merror[39m: [31mAuthentication error: jwt expired[39m
2026-02-08 17:42:48:4248 [35mhttp[39m: [35mGET /api/auth/profile 401 69 - 10.272 ms anonymous[39m
2026-02-08 17:42:48:4248 [31merror[39m: [31mAuthentication error: jwt expired[39m
2026-02-08 17:42:48:4248 [35mhttp[39m: [35mGET /api/auth/profile 401 69 - 5.395 ms anonymous[39m
2026-02-08 17:42:48:4248 [35mhttp[39m: [35mGET /api/auth/profile 401 69 - 0.149 ms anonymous[39m
2026-02-08 17:42:48:4248 [35mhttp[39m: [35mGET /api/auth/profile 401 69 - 0.477 ms anonymous[39m
2026-02-08 17:42:48:4248 [31merror[39m: [31mAuthentication error: jwt expired[39m
2026-02-08 17:42:48:4248 [35mhttp[39m: [35mGET /api/auth/profile 401 69 - 12.964 ms anonymous[39m
2026-02-08 17:42:48:4248 [31merror[39m: [31mAuthentication error: jwt expired[39m
2026-02-08 17:42:48:4248 [35mhttp[39m: [35mGET /api/auth/profile 401 69 - 8.321 ms anonymous[39m
2026-02-08 17:42:48:4248 [35mhttp[39m: [35mGET /api/auth/profile 401 69 - 0.179 ms anonymous[39m
2026-02-08 17:42:48:4248 [31merror[39m: [31mAuthentication error: jwt expired[39m
2026-02-08 17:42:48:4248 [35mhttp[39m: [35mGET /api/auth/profile 401 69 - 5.706 ms anonymous[39m
2026-02-08 17:42:48:4248 [31merror[39m: [31mAuthentication error: jwt expired[39m
2026-02-08 17:42:48:4248 [35mhttp[39m: [35mGET /api/auth/profile 401 69 - 3.622 ms anonymous[39m
2026-02-08 17:42:48:4248 [35mhttp[39m: [35mGET /api/auth/profile 401 69 - 0.398 ms anonymous[39m
2026-02-08 17:42:48:4248 [31merror[39m: [31mAuthentication error: jwt expired[39m
2026-02-08 17:42:48:4248 [35mhttp[39m: [35mGET /api/auth/profile 401 69 - 4.438 ms anonymous[39m
2026-02-08 17:42:48:4248 [31merror[39m: [31mAuthentication error: jwt expired[39m
2026-02-08 17:42:48:4248 [35mhttp[39m: [35mGET /api/auth/profile 401 69 - 4.262 ms anonymous[39m
2026-02-08 17:42:48:4248 [35mhttp[39m: [35mGET /api/auth/profile 401 69 - 0.109 ms anonymous[39m
2026-02-08 17:42:48:4248 [31merror[39m: [31mAuthentication error: jwt expired[39m
2026-02-08 17:42:48:4248 [35mhttp[39m: [35mGET /api/auth/profile 401 69 - 4.214 ms anonymous[39m
2026-02-08 17:42:48:4248 [31merror[39m: [31mAuthentication error: jwt expired[39m
2026-02-08 17:42:48:4248 [35mhttp[39m: [35mGET /api/auth/profile 401 69 - 6.360 ms anonymous[39m
2026-02-08 17:42:48:4248 [35mhttp[39m: [35mGET /api/auth/profile 401 69 - 0.104 ms anonymous[39m
2026-02-08 17:42:48:4248 [31merror[39m: [31mAuthentication error: jwt expired[39m
2026-02-08 17:42:48:4248 [35mhttp[39m: [35mGET /api/auth/profile 401 69 - 4.361 ms anonymous[39m
2026-02-08 17:42:48:4248 [31merror[39m: [31mAuthentication error: jwt expired[39m
2026-02-08 17:42:48:4248 [35mhttp[39m: [35mGET /api/auth/profile 401 69 - 4.759 ms anonymous[39m
2026-02-08 17:42:48:4248 [35mhttp[39m: [35mGET /api/auth/profile 401 69 - 0.086 ms anonymous[39m
2026-02-08 17:42:48:4248 [31merror[39m: [31mAuthentication error: jwt expired[39m
2026-02-08 17:42:48:4248 [35mhttp[39m: [35mGET /api/auth/profile 401 69 - 8.895 ms anonymous[39m
2026-02-08 17:42:48:4248 [31merror[39m: [31mAuthentication error: jwt expired[39m
2026-02-08 17:42:48:4248 [35mhttp[39m: [35mGET /api/auth/profile 401 69 - 3.963 ms anonymous[39m
2026-02-08 17:42:48:4248 [35mhttp[39m: [35mGET /api/auth/profile 401 69 - 0.117 ms anonymous[39m
2026-02-08 17:42:48:4248 [31merror[39m: [31mAuthentication error: jwt expired[39m
2026-02-08 17:42:48:4248 [35mhttp[39m: [35mGET /api/auth/profile 401 69 - 11.344 ms anonymous[39m
2026-02-08 17:42:48:4248 [31merror[39m: [31mAuthentication error: jwt expired[39m
2026-02-08 17:42:48:4248 [35mhttp[39m: [35mGET /api/auth/profile 401 69 - 16.282 ms anonymous[39m
2026-02-08 17:42:48:4248 [35mhttp[39m: [35mGET /api/auth/profile 401 69 - 1.255 ms anonymous[39m
2026-02-08 17:42:48:4248 [31merror[39m: [31mAuthentication error: jwt expired[39m
2026-02-08 17:42:48:4248 [35mhttp[39m: [35mGET /api/auth/profile 401 69 - 10.566 ms anonymous[39m
2026-02-08 17:42:48:4248 [35mhttp[39m: [35mGET /api/auth/profile 401 69 - 0.428 ms anonymous[39m
2026-02-08 17:42:49:4249 [31merror[39m: [31mAuthentication error: jwt expired[39m
2026-02-08 17:42:49:4249 [35mhttp[39m: [35mGET /api/auth/profile 401 69 - 8.914 ms anonymous[39m
2026-02-08 17:42:49:4249 [31merror[39m: [31mAuthentication error: jwt expired[39m
2026-02-08 17:42:49:4249 [35mhttp[39m: [35mGET /api/auth/profile 401 69 - 8.108 ms anonymous[39m
2026-02-08 17:42:49:4249 [31merror[39m: [31mAuthentication error: jwt expired[39m
2026-02-08 17:42:49:4249 [35mhttp[39m: [35mGET /api/auth/profile 401 69 - 4.531 ms anonymous[39m
2026-02-08 17:42:49:4249 [31merror[39m: [31mAuthentication error: jwt expired[39m
2026-02-08 17:42:49:4249 [35mhttp[39m: [35mGET /api/auth/profile 401 69 - 7.177 ms anonymous[39m
2026-02-08 17:42:49:4249 [31merror[39m: [31mAuthentication error: jwt expired[39m
2026-02-08 17:42:49:4249 [35mhttp[39m: [35mGET /api/auth/profile 401 69 - 20.181 ms anonymous[39m
2026-02-08 17:42:49:4249 [31merror[39m: [31mAuthentication error: jwt expired[39m
2026-02-08 17:42:49:4249 [35mhttp[39m: [35mGET /api/auth/profile 401 69 - 6.584 ms anonymous[39m
2026-02-08 17:42:49:4249 [35mhttp[39m: [35mGET /api/auth/profile 401 69 - 0.244 ms anonymous[39m
2026-02-08 17:42:49:4249 [35mhttp[39m: [35mGET /api/auth/profile 401 69 - 0.172 ms anonymous[39m
2026-02-08 17:42:49:4249 [31merror[39m: [31mAuthentication error: jwt expired[39m
2026-02-08 17:42:49:4249 [35mhttp[39m: [35mGET /api/auth/profile 401 69 - 12.810 ms anonymous[39m
2026-02-08 17:42:49:4249 [35mhttp[39m: [35mGET /api/auth/profile 401 69 - 1.023 ms anonymous[39m
2026-02-08 17:42:49:4249 [31merror[39m: [31mAuthentication error: jwt expired[39m
2026-02-08 17:42:49:4249 [35mhttp[39m: [35mGET /api/auth/profile 401 69 - 21.908 ms anonymous[39m
2026-02-08 17:42:49:4249 [35mhttp[39m: [35mGET /api/auth/profile 401 69 - 2.091 ms anonymous[39m
2026-02-08 17:42:49:4249 [35mhttp[39m: [35mGET /api/auth/profile 401 69 - 0.339 ms anonymous[39m
2026-02-08 17:42:49:4249 [31merror[39m: [31mAuthentication error: jwt expired[39m
2026-02-08 17:42:49:4249 [35mhttp[39m: [35mGET /api/auth/profile 401 69 - 16.404 ms anonymous[39m
2026-02-08 17:42:49:4249 [35mhttp[39m: [35mGET /api/auth/profile 401 69 - 0.215 ms anonymous[39m
2026-02-08 17:42:49:4249 [31merror[39m: [31mAuthentication error: jwt expired[39m
2026-02-08 17:42:49:4249 [35mhttp[39m: [35mGET /api/auth/profile 401 69 - 19.980 ms anonymous[39m
2026-02-08 17:42:50:4250 [35mhttp[39m: [35mGET /api/auth/profile 401 69 - 0.309 ms anonymous[39m
2026-02-08 17:42:50:4250 [31merror[39m: [31mAuthentication error: jwt expired[39m
2026-02-08 17:42:50:4250 [35mhttp[39m: [35mGET /api/auth/profile 401 69 - 12.923 ms anonymous[39m
2026-02-08 17:42:50:4250 [35mhttp[39m: [35mGET /api/auth/profile 401 69 - 0.360 ms anonymous[39m
2026-02-08 17:42:50:4250 [35mhttp[39m: [35mGET /api/auth/profile 401 69 - 0.588 ms anonymous[39m
2026-02-08 17:42:50:4250 [31merror[39m: [31mAuthentication error: jwt expired[39m
2026-02-08 17:42:50:4250 [35mhttp[39m: [35mGET /api/auth/profile 401 69 - 15.567 ms anonymous[39m
2026-02-08 17:42:50:4250 [35mhttp[39m: [35mGET /api/auth/profile 401 69 - 0.755 ms anonymous[39m
2026-02-08 17:42:50:4250 [31merror[39m: [31mAuthentication error: jwt expired[39m
2026-02-08 17:42:50:4250 [35mhttp[39m: [35mGET /api/auth/profile 401 69 - 17.180 ms anonymous[39m
2026-02-08 17:42:50:4250 [35mhttp[39m: [35mGET /api/auth/profile 401 69 - 1.958 ms anonymous[39m
2026-02-08 17:42:50:4250 [35mhttp[39m: [35mGET /api/auth/profile 401 69 - 0.141 ms anonymous[39m
2026-02-08 17:42:50:4250 [31merror[39m: [31mAuthentication error: jwt expired[39m
2026-02-08 17:42:50:4250 [35mhttp[39m: [35mGET /api/auth/profile 401 69 - 22.121 ms anonymous[39m
2026-02-08 17:42:50:4250 [35mhttp[39m: [35mGET /api/auth/profile 401 69 - 0.292 ms anonymous[39m
2026-02-08 17:42:50:4250 [31merror[39m: [31mAuthentication error: jwt expired[39m
2026-02-08 17:42:50:4250 [35mhttp[39m: [35mGET /api/auth/profile 401 69 - 20.359 ms anonymous[39m
2026-02-08 17:42:50:4250 [35mhttp[39m: [35mGET /api/auth/profile 401 69 - 0.266 ms anonymous[39m
2026-02-08 17:42:50:4250 [31merror[39m: [31mAuthentication error: jwt expired[39m
2026-02-08 17:42:50:4250 [35mhttp[39m: [35mGET /api/auth/profile 401 69 - 15.788 ms anonymous[39m
2026-02-08 17:42:50:4250 [35mhttp[39m: [35mGET /api/auth/profile 401 69 - 0.508 ms anonymous[39m
2026-02-08 17:42:50:4250 [31merror[39m: [31mAuthentication error: jwt expired[39m
2026-02-08 17:42:50:4250 [35mhttp[39m: [35mGET /api/auth/profile 401 69 - 15.267 ms anonymous[39m
2026-02-08 17:42:50:4250 [35mhttp[39m: [35mGET /api/auth/profile 401 69 - 0.290 ms anonymous[39m
2026-02-08 17:42:50:4250 [31merror[39m: [31mAuthentication error: jwt expired[39m
2026-02-08 17:42:50:4250 [35mhttp[39m: [35mGET /api/auth/profile 401 69 - 5.600 ms anonymous[39m
2026-02-08 17:42:50:4250 [35mhttp[39m: [35mGET /api/auth/profile 401 69 - 0.645 ms anonymous[39m
2026-02-08 17:42:50:4250 [31merror[39m: [31mAuthentication error: jwt expired[39m
2026-02-08 17:42:50:4250 [35mhttp[39m: [35mGET /api/auth/profile 401 69 - 6.147 ms anonymous[39m
2026-02-08 17:42:50:4250 [35mhttp[39m: [35mGET /api/auth/profile 401 69 - 0.250 ms anonymous[39m
2026-02-08 17:42:50:4250 [35mhttp[39m: [35mGET /api/auth/profile 401 69 - 0.238 ms anonymous[39m
2026-02-08 17:42:50:4250 [31merror[39m: [31mAuthentication error: jwt expired[39m
2026-02-08 17:42:50:4250 [35mhttp[39m: [35mGET /api/auth/profile 401 69 - 9.758 ms anonymous[39m
2026-02-08 17:42:50:4250 [35mhttp[39m: [35mGET /api/auth/profile 401 69 - 2.688 ms anonymous[39m
2026-02-08 17:42:50:4250 [31merror[39m: [31mAuthentication error: jwt expired[39m
2026-02-08 17:42:50:4250 [35mhttp[39m: [35mGET /api/auth/profile 401 69 - 18.541 ms anonymous[39m
2026-02-08 17:42:50:4250 [35mhttp[39m: [35mGET /api/auth/profile 401 69 - 0.223 ms anonymous[39m
2026-02-08 17:42:50:4250 [31merror[39m: [31mAuthentication error: jwt expired[39m
2026-02-08 17:42:50:4250 [35mhttp[39m: [35mGET /api/auth/profile 401 69 - 15.930 ms anonymous[39m
2026-02-08 17:42:51:4251 [35mhttp[39m: [35mGET /api/auth/profile 401 69 - 0.458 ms anonymous[39m
2026-02-08 17:42:51:4251 [31merror[39m: [31mAuthentication error: jwt expired[39m
2026-02-08 17:42:51:4251 [35mhttp[39m: [35mGET /api/auth/profile 401 69 - 11.400 ms anonymous[39m
2026-02-08 17:42:51:4251 [35mhttp[39m: [35mGET /api/auth/profile 401 69 - 0.422 ms anonymous[39m
2026-02-08 17:42:51:4251 [31merror[39m: [31mAuthentication error: jwt expired[39m
2026-02-08 17:42:51:4251 [35mhttp[39m: [35mGET /api/auth/profile 401 69 - 10.957 ms anonymous[39m
2026-02-08 17:42:51:4251 [35mhttp[39m: [35mGET /api/auth/profile 401 69 - 0.092 ms anonymous[39m
2026-02-08 17:42:51:4251 [31merror[39m: [31mAuthentication error: jwt expired[39m
2026-02-08 17:42:51:4251 [35mhttp[39m: [35mGET /api/auth/profile 401 69 - 15.167 ms anonymous[39m
2026-02-08 17:42:51:4251 [35mhttp[39m: [35mGET /api/auth/profile 401 69 - 2.471 ms anonymous[39m
2026-02-08 17:42:51:4251 [31merror[39m: [31mAuthentication error: jwt expired[39m
2026-02-08 17:42:51:4251 [35mhttp[39m: [35mGET /api/auth/profile 401 69 - 8.006 ms anonymous[39m
2026-02-08 17:42:51:4251 [35mhttp[39m: [35mGET /api/auth/profile 401 69 - 0.117 ms anonymous[39m
2026-02-08 17:42:51:4251 [31merror[39m: [31mAuthentication error: jwt expired[39m
2026-02-08 17:42:51:4251 [35mhttp[39m: [35mGET /api/auth/profile 401 69 - 14.064 ms anonymous[39m
2026-02-08 17:42:51:4251 [35mhttp[39m: [35mGET /api/auth/profile 401 69 - 0.091 ms anonymous[39m
2026-02-08 17:42:51:4251 [35mhttp[39m: [35mGET /api/auth/profile 401 69 - 0.227 ms anonymous[39m
2026-02-08 17:42:51:4251 [31merror[39m: [31mAuthentication error: jwt expired[39m
2026-02-08 17:42:51:4251 [35mhttp[39m: [35mGET /api/auth/profile 401 69 - 18.311 ms anonymous[39m
2026-02-08 17:42:51:4251 [35mhttp[39m: [35mGET /api/auth/profile 401 69 - 0.288 ms anonymous[39m
2026-02-08 17:42:51:4251 [31merror[39m: [31mAuthentication error: jwt expired[39m
2026-02-08 17:42:51:4251 [35mhttp[39m: [35mGET /api/auth/profile 401 69 - 11.899 ms anonymous[39m
2026-02-08 17:42:51:4251 [35mhttp[39m: [35mGET /api/auth/profile 401 69 - 1.150 ms anonymous[39m
2026-02-08 17:42:51:4251 [35mhttp[39m: [35mGET /api/auth/profile 401 69 - 0.147 ms anonymous[39m
2026-02-08 17:42:51:4251 [31merror[39m: [31mAuthentication error: jwt expired[39m
2026-02-08 17:42:51:4251 [35mhttp[39m: [35mGET /api/auth/profile 401 69 - 13.630 ms anonymous[39m
2026-02-08 17:42:51:4251 [35mhttp[39m: [35mGET /api/auth/profile 401 69 - 0.579 ms anonymous[39m
2026-02-08 17:42:51:4251 [31merror[39m: [31mAuthentication error: jwt expired[39m
2026-02-08 17:42:51:4251 [35mhttp[39m: [35mGET /api/auth/profile 401 69 - 13.722 ms anonymous[39m
2026-02-08 17:42:51:4251 [35mhttp[39m: [35mGET /api/auth/profile 401 69 - 0.491 ms anonymous[39m
2026-02-08 17:42:51:4251 [31merror[39m: [31mAuthentication error: jwt expired[39m
2026-02-08 17:42:51:4251 [35mhttp[39m: [35mGET /api/auth/profile 401 69 - 20.891 ms anonymous[39m
2026-02-08 17:42:51:4251 [35mhttp[39m: [35mGET /api/auth/profile 401 69 - 0.315 ms anonymous[39m
2026-02-08 17:42:51:4251 [31merror[39m: [31mAuthentication error: jwt expired[39m
2026-02-08 17:42:51:4251 [35mhttp[39m: [35mGET /api/auth/profile 401 69 - 11.369 ms anonymous[39m
2026-02-08 17:42:51:4251 [35mhttp[39m: [35mGET /api/auth/profile 401 69 - 0.525 ms anonymous[39m
2026-02-08 17:42:51:4251 [31merror[39m: [31mAuthentication error: jwt expired[39m
2026-02-08 17:42:51:4251 [35mhttp[39m: [35mGET /api/auth/profile 401 69 - 10.417 ms anonymous[39m
2026-02-08 17:42:51:4251 [35mhttp[39m: [35mGET /api/auth/profile 401 69 - 0.107 ms anonymous[39m
2026-02-08 17:42:51:4251 [31merror[39m: [31mAuthentication error: jwt expired[39m
2026-02-08 17:42:51:4251 [35mhttp[39m: [35mGET /api/auth/profile 401 69 - 5.634 ms anonymous[39m
2026-02-08 17:42:51:4251 [35mhttp[39m: [35mGET /api/auth/profile 401 69 - 0.389 ms anonymous[39m
2026-02-08 17:42:51:4251 [35mhttp[39m: [35mGET /api/auth/profile 401 69 - 0.354 ms anonymous[39m
2026-02-08 17:42:51:4251 [31merror[39m: [31mAuthentication error: jwt expired[39m
2026-02-08 17:42:51:4251 [35mhttp[39m: [35mGET /api/auth/profile 401 69 - 16.108 ms anonymous[39m
2026-02-08 17:42:51:4251 [35mhttp[39m: [35mGET /api/auth/profile 401 69 - 0.368 ms anonymous[39m
2026-02-08 17:42:51:4251 [31merror[39m: [31mAuthentication error: jwt expired[39m
2026-02-08 17:42:52:4252 [35mhttp[39m: [35mGET /api/auth/profile 401 69 - 27.966 ms anonymous[39m
2026-02-08 17:42:52:4252 [35mhttp[39m: [35mGET /api/auth/profile 401 69 - 0.497 ms anonymous[39m
2026-02-08 17:42:52:4252 [31merror[39m: [31mAuthentication error: jwt expired[39m
2026-02-08 17:42:52:4252 [35mhttp[39m: [35mGET /api/auth/profile 401 69 - 17.674 ms anonymous[39m
2026-02-08 17:42:52:4252 [35mhttp[39m: [35mGET /api/auth/profile 401 69 - 0.299 ms anonymous[39m
2026-02-08 17:42:52:4252 [31merror[39m: [31mAuthentication error: jwt expired[39m
2026-02-08 17:42:52:4252 [35mhttp[39m: [35mGET /api/auth/profile 401 69 - 10.632 ms anonymous[39m
2026-02-08 17:42:52:4252 [35mhttp[39m: [35mGET /api/auth/profile 401 69 - 0.287 ms anonymous[39m
2026-02-08 17:42:52:4252 [31merror[39m: [31mAuthentication error: jwt expired[39m
2026-02-08 17:42:52:4252 [35mhttp[39m: [35mGET /api/auth/profile 401 69 - 16.550 ms anonymous[39m
2026-02-08 17:42:52:4252 [35mhttp[39m: [35mGET /api/auth/profile 401 69 - 0.304 ms anonymous[39m
2026-02-08 17:42:52:4252 [31merror[39m: [31mAuthentication error: jwt expired[39m
2026-02-08 17:42:52:4252 [35mhttp[39m: [35mGET /api/auth/profile 401 69 - 24.124 ms anonymous[39m
2026-02-08 17:42:52:4252 [35mhttp[39m: [35mGET /api/auth/profile 401 69 - 0.215 ms anonymous[39m
2026-02-08 17:42:52:4252 [31merror[39m: [31mAuthentication error: jwt expired[39m
2026-02-08 17:42:52:4252 [35mhttp[39m: [35mGET /api/auth/profile 401 69 - 7.550 ms anonymous[39m
2026-02-08 17:42:52:4252 [35mhttp[39m: [35mGET /api/auth/profile 401 69 - 0.290 ms anonymous[39m
2026-02-08 17:42:52:4252 [31merror[39m: [31mAuthentication error: jwt expired[39m
2026-02-08 17:42:52:4252 [35mhttp[39m: [35mGET /api/auth/profile 401 69 - 10.159 ms anonymous[39m
2026-02-08 17:42:52:4252 [35mhttp[39m: [35mGET /api/auth/profile 401 69 - 0.094 ms anonymous[39m
2026-02-08 17:42:52:4252 [31merror[39m: [31mAuthentication error: jwt expired[39m
2026-02-08 17:42:52:4252 [35mhttp[39m: [35mGET /api/auth/profile 401 69 - 6.420 ms anonymous[39m
2026-02-08 17:42:52:4252 [35mhttp[39m: [35mGET /api/auth/profile 401 69 - 0.081 ms anonymous[39m
2026-02-08 17:42:52:4252 [35mhttp[39m: [35mGET /api/auth/profile 401 69 - 0.870 ms anonymous[39m
2026-02-08 17:42:52:4252 [31merror[39m: [31mAuthentication error: jwt expired[39m
2026-02-08 17:42:52:4252 [35mhttp[39m: [35mGET /api/auth/profile 401 69 - 15.443 ms anonymous[39m
2026-02-08 17:42:52:4252 [35mhttp[39m: [35mGET /api/auth/profile 401 69 - 0.389 ms anonymous[39m
2026-02-08 17:42:52:4252 [31merror[39m: [31mAuthentication error: jwt expired[39m
2026-02-08 17:42:52:4252 [35mhttp[39m: [35mGET /api/auth/profile 401 69 - 35.470 ms anonymous[39m
2026-02-08 17:42:52:4252 [35mhttp[39m: [35mGET /api/auth/profile 401 69 - 0.348 ms anonymous[39m
2026-02-08 17:42:52:4252 [31merror[39m: [31mAuthentication error: jwt expired[39m
2026-02-08 17:42:52:4252 [35mhttp[39m: [35mGET /api/auth/profile 401 69 - 16.963 ms anonymous[39m
2026-02-08 17:42:52:4252 [35mhttp[39m: [35mGET /api/auth/profile 401 69 - 0.215 ms anonymous[39m
2026-02-08 17:42:52:4252 [31merror[39m: [31mAuthentication error: jwt expired[39m
2026-02-08 17:42:52:4252 [35mhttp[39m: [35mGET /api/auth/profile 401 69 - 11.217 ms anonymous[39m
2026-02-08 17:42:52:4252 [35mhttp[39m: [35mGET /api/auth/profile 401 69 - 0.081 ms anonymous[39m
2026-02-08 17:42:52:4252 [31merror[39m: [31mAuthentication error: jwt expired[39m
2026-02-08 17:42:52:4252 [35mhttp[39m: [35mGET /api/auth/profile 401 69 - 5.792 ms anonymous[39m
2026-02-08 17:42:52:4252 [35mhttp[39m: [35mGET /api/auth/profile 401 69 - 0.083 ms anonymous[39m
2026-02-08 17:42:52:4252 [31merror[39m: [31mAuthentication error: jwt expired[39m
2026-02-08 17:42:52:4252 [35mhttp[39m: [35mGET /api/auth/profile 401 69 - 9.434 ms anonymous[39m
2026-02-08 17:42:52:4252 [35mhttp[39m: [35mGET /api/auth/profile 401 69 - 1.096 ms anonymous[39m
2026-02-08 17:42:52:4252 [35mhttp[39m: [35mGET /api/auth/profile 401 69 - 0.147 ms anonymous[39m
2026-02-08 17:42:52:4252 [31merror[39m: [31mAuthentication error: jwt expired[39m
2026-02-08 17:42:52:4252 [35mhttp[39m: [35mGET /api/auth/profile 401 69 - 13.762 ms anonymous[39m
2026-02-08 17:42:52:4252 [35mhttp[39m: [35mGET /api/auth/profile 401 69 - 0.138 ms anonymous[39m
2026-02-08 17:42:53:4253 [31merror[39m: [31mAuthentication error: jwt expired[39m
2026-02-08 17:42:53:4253 [35mhttp[39m: [35mGET /api/auth/profile 401 69 - 13.590 ms anonymous[39m
2026-02-08 17:42:53:4253 [35mhttp[39m: [35mGET /api/auth/profile 401 69 - 0.374 ms anonymous[39m
2026-02-08 17:42:53:4253 [31merror[39m: [31mAuthentication error: jwt expired[39m
2026-02-08 17:42:53:4253 [35mhttp[39m: [35mGET /api/auth/profile 401 69 - 13.809 ms anonymous[39m
2026-02-08 17:42:53:4253 [35mhttp[39m: [35mGET /api/auth/profile 401 69 - 0.753 ms anonymous[39m
2026-02-08 17:42:53:4253 [31merror[39m: [31mAuthentication error: jwt expired[39m
2026-02-08 17:42:53:4253 [35mhttp[39m: [35mGET /api/auth/profile 401 69 - 12.225 ms anonymous[39m
2026-02-08 17:42:53:4253 [35mhttp[39m: [35mGET /api/auth/profile 401 69 - 0.245 ms anonymous[39m
2026-02-08 17:42:53:4253 [31merror[39m: [31mAuthentication error: jwt expired[39m
2026-02-08 17:42:53:4253 [35mhttp[39m: [35mGET /api/auth/profile 401 69 - 19.981 ms anonymous[39m
2026-02-08 17:42:53:4253 [35mhttp[39m: [35mGET /api/auth/profile 401 69 - 0.268 ms anonymous[39m
2026-02-08 17:42:53:4253 [31merror[39m: [31mAuthentication error: jwt expired[39m
2026-02-08 17:42:53:4253 [35mhttp[39m: [35mGET /api/auth/profile 401 69 - 13.169 ms anonymous[39m
2026-02-08 17:42:53:4253 [35mhttp[39m: [35mGET /api/auth/profile 401 69 - 0.299 ms anonymous[39m
2026-02-08 17:42:53:4253 [31merror[39m: [31mAuthentication error: jwt expired[39m
2026-02-08 17:42:53:4253 [35mhttp[39m: [35mGET /api/auth/profile 401 69 - 8.810 ms anonymous[39m
2026-02-08 17:42:53:4253 [35mhttp[39m: [35mGET /api/auth/profile 401 69 - 0.097 ms anonymous[39m
2026-02-08 17:42:53:4253 [35mhttp[39m: [35mGET /api/auth/profile 401 69 - 0.133 ms anonymous[39m
2026-02-08 17:42:53:4253 [31merror[39m: [31mAuthentication error: jwt expired[39m
2026-02-08 17:42:53:4253 [35mhttp[39m: [35mGET /api/auth/profile 401 69 - 17.738 ms anonymous[39m
2026-02-08 17:42:53:4253 [35mhttp[39m: [35mGET /api/auth/profile 401 69 - 0.489 ms anonymous[39m
2026-02-08 17:42:53:4253 [31merror[39m: [31mAuthentication error: jwt expired[39m
2026-02-08 17:42:53:4253 [35mhttp[39m: [35mGET /api/auth/profile 401 69 - 22.227 ms anonymous[39m
2026-02-08 17:42:53:4253 [35mhttp[39m: [35mGET /api/auth/profile 401 69 - 0.898 ms anonymous[39m
2026-02-08 17:42:53:4253 [31merror[39m: [31mAuthentication error: jwt expired[39m
2026-02-08 17:42:53:4253 [35mhttp[39m: [35mGET /api/auth/profile 401 69 - 10.188 ms anonymous[39m
2026-02-08 17:42:53:4253 [35mhttp[39m: [35mGET /api/auth/profile 401 69 - 0.467 ms anonymous[39m
2026-02-08 17:42:53:4253 [31merror[39m: [31mAuthentication error: jwt expired[39m
2026-02-08 17:42:53:4253 [35mhttp[39m: [35mGET /api/auth/profile 401 69 - 10.759 ms anonymous[39m
2026-02-08 17:42:53:4253 [35mhttp[39m: [35mGET /api/auth/profile 401 69 - 0.092 ms anonymous[39m
2026-02-08 17:42:53:4253 [31merror[39m: [31mAuthentication error: jwt expired[39m
2026-02-08 17:42:53:4253 [35mhttp[39m: [35mGET /api/auth/profile 401 69 - 10.249 ms anonymous[39m
2026-02-08 17:42:53:4253 [35mhttp[39m: [35mGET /api/auth/profile 401 69 - 0.074 ms anonymous[39m
2026-02-08 17:42:53:4253 [35mhttp[39m: [35mGET /api/auth/profile 401 69 - 0.337 ms anonymous[39m
2026-02-08 17:42:53:4253 [31merror[39m: [31mAuthentication error: jwt expired[39m
2026-02-08 17:42:53:4253 [35mhttp[39m: [35mGET /api/auth/profile 401 69 - 12.702 ms anonymous[39m
2026-02-08 17:42:53:4253 [35mhttp[39m: [35mGET /api/auth/profile 401 69 - 0.600 ms anonymous[39m
2026-02-08 17:42:53:4253 [31merror[39m: [31mAuthentication error: jwt expired[39m
2026-02-08 17:42:53:4253 [35mhttp[39m: [35mGET /api/auth/profile 401 69 - 19.455 ms anonymous[39m
2026-02-08 17:42:53:4253 [35mhttp[39m: [35mGET /api/auth/profile 401 69 - 0.141 ms anonymous[39m
2026-02-08 17:42:53:4253 [31merror[39m: [31mAuthentication error: jwt expired[39m
2026-02-08 17:42:53:4253 [35mhttp[39m: [35mGET /api/auth/profile 401 69 - 14.534 ms anonymous[39m
2026-02-08 17:42:53:4253 [35mhttp[39m: [35mGET /api/auth/profile 401 69 - 0.385 ms anonymous[39m
2026-02-08 17:42:53:4253 [31merror[39m: [31mAuthentication error: jwt expired[39m
2026-02-08 17:42:54:4254 [35mhttp[39m: [35mGET /api/auth/profile 401 69 - 22.948 ms anonymous[39m
2026-02-08 17:42:54:4254 [35mhttp[39m: [35mGET /api/auth/profile 401 69 - 0.106 ms anonymous[39m
2026-02-08 17:42:54:4254 [35mhttp[39m: [35mGET /api/auth/profile 401 69 - 1.474 ms anonymous[39m
2026-02-08 17:42:54:4254 [31merror[39m: [31mAuthentication error: jwt expired[39m
2026-02-08 17:42:54:4254 [35mhttp[39m: [35mGET /api/auth/profile 401 69 - 41.390 ms anonymous[39m
2026-02-08 17:42:54:4254 [35mhttp[39m: [35mGET /api/auth/profile 401 69 - 0.326 ms anonymous[39m
2026-02-08 17:42:54:4254 [31merror[39m: [31mAuthentication error: jwt expired[39m
2026-02-08 17:42:54:4254 [35mhttp[39m: [35mGET /api/auth/profile 401 69 - 7.238 ms anonymous[39m
2026-02-08 17:42:54:4254 [35mhttp[39m: [35mGET /api/auth/profile 401 69 - 0.454 ms anonymous[39m
2026-02-08 17:42:54:4254 [31merror[39m: [31mAuthentication error: jwt expired[39m
2026-02-08 17:42:54:4254 [35mhttp[39m: [35mGET /api/auth/profile 401 69 - 15.838 ms anonymous[39m
2026-02-08 17:42:54:4254 [35mhttp[39m: [35mGET /api/auth/profile 401 69 - 0.258 ms anonymous[39m
2026-02-08 17:42:54:4254 [31merror[39m: [31mAuthentication error: jwt expired[39m
2026-02-08 17:42:54:4254 [35mhttp[39m: [35mGET /api/auth/profile 401 69 - 13.742 ms anonymous[39m
2026-02-08 17:42:54:4254 [35mhttp[39m: [35mGET /api/auth/profile 401 69 - 0.122 ms anonymous[39m
2026-02-08 17:42:54:4254 [35mhttp[39m: [35mGET /api/auth/profile 401 69 - 1.668 ms anonymous[39m
2026-02-08 17:42:54:4254 [31merror[39m: [31mAuthentication error: jwt expired[39m
2026-02-08 17:42:54:4254 [35mhttp[39m: [35mGET /api/auth/profile 401 69 - 17.440 ms anonymous[39m
2026-02-08 17:42:54:4254 [35mhttp[39m: [35mGET /api/auth/profile 401 69 - 0.346 ms anonymous[39m
2026-02-08 17:42:54:4254 [31merror[39m: [31mAuthentication error: jwt expired[39m
2026-02-08 17:42:54:4254 [35mhttp[39m: [35mGET /api/auth/profile 401 69 - 13.709 ms anonymous[39m
2026-02-08 17:42:54:4254 [35mhttp[39m: [35mGET /api/auth/profile 401 69 - 0.683 ms anonymous[39m
2026-02-08 17:42:54:4254 [31merror[39m: [31mAuthentication error: jwt expired[39m
2026-02-08 17:42:54:4254 [35mhttp[39m: [35mGET /api/auth/profile 401 69 - 11.563 ms anonymous[39m
2026-02-08 17:42:54:4254 [35mhttp[39m: [35mGET /api/auth/profile 401 69 - 0.460 ms anonymous[39m
2026-02-08 17:42:54:4254 [31merror[39m: [31mAuthentication error: jwt expired[39m
2026-02-08 17:42:54:4254 [35mhttp[39m: [35mGET /api/auth/profile 401 69 - 13.253 ms anonymous[39m
2026-02-08 17:42:54:4254 [35mhttp[39m: [35mGET /api/auth/profile 401 69 - 0.302 ms anonymous[39m
2026-02-08 17:42:54:4254 [31merror[39m: [31mAuthentication error: jwt expired[39m
2026-02-08 17:42:54:4254 [35mhttp[39m: [35mGET /api/auth/profile 401 69 - 15.304 ms anonymous[39m
2026-02-08 17:42:54:4254 [35mhttp[39m: [35mGET /api/auth/profile 401 69 - 0.224 ms anonymous[39m
2026-02-08 17:42:54:4254 [31merror[39m: [31mAuthentication error: jwt expired[39m
2026-02-08 17:42:54:4254 [35mhttp[39m: [35mGET /api/auth/profile 401 69 - 11.588 ms anonymous[39m
2026-02-08 17:42:54:4254 [35mhttp[39m: [35mGET /api/auth/profile 401 69 - 0.124 ms anonymous[39m
2026-02-08 17:42:54:4254 [35mhttp[39m: [35mGET /api/auth/profile 401 69 - 0.417 ms anonymous[39m
2026-02-08 17:42:54:4254 [31merror[39m: [31mAuthentication error: jwt expired[39m
2026-02-08 17:42:54:4254 [35mhttp[39m: [35mGET /api/auth/profile 401 69 - 16.113 ms anonymous[39m
2026-02-08 17:42:54:4254 [35mhttp[39m: [35mGET /api/auth/profile 401 69 - 0.345 ms anonymous[39m
2026-02-08 17:42:54:4254 [31merror[39m: [31mAuthentication error: jwt expired[39m
2026-02-08 17:42:54:4254 [35mhttp[39m: [35mGET /api/auth/profile 401 69 - 18.152 ms anonymous[39m
2026-02-08 17:42:55:4255 [35mhttp[39m: [35mGET /api/auth/profile 401 69 - 0.308 ms anonymous[39m
2026-02-08 17:42:55:4255 [31merror[39m: [31mAuthentication error: jwt expired[39m
2026-02-08 17:42:55:4255 [35mhttp[39m: [35mGET /api/auth/profile 401 69 - 17.464 ms anonymous[39m
2026-02-08 17:42:55:4255 [35mhttp[39m: [35mGET /api/auth/profile 401 69 - 0.150 ms anonymous[39m
2026-02-08 17:42:55:4255 [31merror[39m: [31mAuthentication error: jwt expired[39m
2026-02-08 17:42:55:4255 [35mhttp[39m: [35mGET /api/auth/profile 401 69 - 11.229 ms anonymous[39m
2026-02-08 17:42:55:4255 [35mhttp[39m: [35mGET /api/auth/profile 401 69 - 0.248 ms anonymous[39m
2026-02-08 17:42:55:4255 [31merror[39m: [31mAuthentication error: jwt expired[39m
2026-02-08 17:42:55:4255 [35mhttp[39m: [35mGET /api/auth/profile 401 69 - 23.639 ms anonymous[39m
2026-02-08 17:42:55:4255 [35mhttp[39m: [35mGET /api/auth/profile 401 69 - 0.089 ms anonymous[39m
2026-02-08 17:42:55:4255 [35mhttp[39m: [35mGET /api/auth/profile 401 69 - 0.387 ms anonymous[39m
2026-02-08 17:42:55:4255 [31merror[39m: [31mAuthentication error: jwt expired[39m
2026-02-08 17:42:55:4255 [35mhttp[39m: [35mGET /api/auth/profile 401 69 - 20.794 ms anonymous[39m
2026-02-08 17:42:55:4255 [35mhttp[39m: [35mGET /api/auth/profile 401 69 - 0.368 ms anonymous[39m
2026-02-08 17:42:55:4255 [31merror[39m: [31mAuthentication error: jwt expired[39m
2026-02-08 17:42:55:4255 [35mhttp[39m: [35mGET /api/auth/profile 401 69 - 17.918 ms anonymous[39m
2026-02-08 17:42:55:4255 [35mhttp[39m: [35mGET /api/auth/profile 401 69 - 0.376 ms anonymous[39m
2026-02-08 17:42:55:4255 [31merror[39m: [31mAuthentication error: jwt expired[39m
2026-02-08 17:42:55:4255 [35mhttp[39m: [35mGET /api/auth/profile 401 69 - 23.359 ms anonymous[39m
2026-02-08 17:42:55:4255 [35mhttp[39m: [35mGET /api/auth/profile 401 69 - 0.138 ms anonymous[39m
2026-02-08 17:42:55:4255 [31merror[39m: [31mAuthentication error: jwt expired[39m
2026-02-08 17:42:55:4255 [35mhttp[39m: [35mGET /api/auth/profile 401 69 - 11.882 ms anonymous[39m
2026-02-08 17:42:55:4255 [35mhttp[39m: [35mGET /api/auth/profile 401 69 - 0.084 ms anonymous[39m
2026-02-08 17:42:55:4255 [31merror[39m: [31mAuthentication error: jwt expired[39m
2026-02-08 17:42:55:4255 [35mhttp[39m: [35mGET /api/auth/profile 401 69 - 18.579 ms anonymous[39m
2026-02-08 17:42:55:4255 [35mhttp[39m: [35mGET /api/auth/profile 401 69 - 0.104 ms anonymous[39m
2026-02-08 17:42:55:4255 [35mhttp[39m: [35mGET /api/auth/profile 401 69 - 0.158 ms anonymous[39m
2026-02-08 17:42:55:4255 [35mhttp[39m: [35mGET /api/auth/profile 401 69 - 0.935 ms anonymous[39m
2026-02-08 17:42:55:4255 [31merror[39m: [31mAuthentication error: jwt expired[39m
2026-02-08 17:42:55:4255 [35mhttp[39m: [35mGET /api/auth/profile 401 69 - 20.891 ms anonymous[39m
2026-02-08 17:42:55:4255 [35mhttp[39m: [35mGET /api/auth/profile 401 69 - 2.484 ms anonymous[39m
2026-02-08 17:42:55:4255 [31merror[39m: [31mAuthentication error: jwt expired[39m
2026-02-08 17:42:55:4255 [35mhttp[39m: [35mGET /api/auth/profile 401 69 - 13.328 ms anonymous[39m
2026-02-08 17:42:55:4255 [35mhttp[39m: [35mGET /api/auth/profile 401 69 - 0.141 ms anonymous[39m
2026-02-08 17:42:55:4255 [31merror[39m: [31mAuthentication error: jwt expired[39m
2026-02-08 17:42:55:4255 [35mhttp[39m: [35mGET /api/auth/profile 401 69 - 9.965 ms anonymous[39m
2026-02-08 17:42:55:4255 [35mhttp[39m: [35mGET /api/auth/profile 401 69 - 0.236 ms anonymous[39m
2026-02-08 17:42:55:4255 [31merror[39m: [31mAuthentication error: jwt expired[39m
2026-02-08 17:42:55:4255 [35mhttp[39m: [35mGET /api/auth/profile 401 69 - 7.423 ms anonymous[39m
2026-02-08 17:42:55:4255 [35mhttp[39m: [35mGET /api/auth/profile 401 69 - 0.189 ms anonymous[39m
2026-02-08 17:42:55:4255 [31merror[39m: [31mAuthentication error: jwt expired[39m
2026-02-08 17:42:55:4255 [35mhttp[39m: [35mGET /api/auth/profile 401 69 - 12.718 ms anonymous[39m
2026-02-08 17:42:55:4255 [35mhttp[39m: [35mGET /api/auth/profile 401 69 - 0.203 ms anonymous[39m
2026-02-08 17:42:56:4256 [31merror[39m: [31mAuthentication error: jwt expired[39m
2026-02-08 17:42:56:4256 [35mhttp[39m: [35mGET /api/auth/profile 401 69 - 10.236 ms anonymous[39m
2026-02-08 17:42:56:4256 [35mhttp[39m: [35mGET /api/auth/profile 401 69 - 0.097 ms anonymous[39m
2026-02-08 17:42:56:4256 [31merror[39m: [31mAuthentication error: jwt expired[39m
2026-02-08 17:42:56:4256 [35mhttp[39m: [35mGET /api/auth/profile 401 69 - 9.711 ms anonymous[39m
2026-02-08 17:42:56:4256 [35mhttp[39m: [35mGET /api/auth/profile 401 69 - 0.092 ms anonymous[39m
2026-02-08 17:42:56:4256 [35mhttp[39m: [35mGET /api/auth/profile 401 69 - 0.203 ms anonymous[39m
2026-02-08 17:42:56:4256 [31merror[39m: [31mAuthentication error: jwt expired[39m
2026-02-08 17:42:56:4256 [35mhttp[39m: [35mGET /api/auth/profile 401 69 - 16.814 ms anonymous[39m
2026-02-08 17:42:56:4256 [35mhttp[39m: [35mGET /api/auth/profile 401 69 - 0.980 ms anonymous[39m
2026-02-08 17:42:56:4256 [31merror[39m: [31mAuthentication error: jwt expired[39m
2026-02-08 17:42:56:4256 [35mhttp[39m: [35mGET /api/auth/profile 401 69 - 20.249 ms anonymous[39m
2026-02-08 17:42:56:4256 [35mhttp[39m: [35mGET /api/auth/profile 401 69 - 0.500 ms anonymous[39m
2026-02-08 17:42:56:4256 [31merror[39m: [31mAuthentication error: jwt expired[39m
2026-02-08 17:42:56:4256 [35mhttp[39m: [35mGET /api/auth/profile 401 69 - 15.180 ms anonymous[39m
2026-02-08 17:42:56:4256 [35mhttp[39m: [35mGET /api/auth/profile 401 69 - 0.259 ms anonymous[39m
2026-02-08 17:42:56:4256 [31merror[39m: [31mAuthentication error: jwt expired[39m
2026-02-08 17:42:56:4256 [35mhttp[39m: [35mGET /api/auth/profile 401 69 - 10.995 ms anonymous[39m
2026-02-08 17:42:56:4256 [35mhttp[39m: [35mGET /api/auth/profile 401 69 - 0.212 ms anonymous[39m
2026-02-08 17:42:56:4256 [31merror[39m: [31mAuthentication error: jwt expired[39m
2026-02-08 17:42:56:4256 [35mhttp[39m: [35mGET /api/auth/profile 401 69 - 8.988 ms anonymous[39m
2026-02-08 17:42:56:4256 [35mhttp[39m: [35mGET /api/auth/profile 401 69 - 0.089 ms anonymous[39m
2026-02-08 17:42:56:4256 [35mhttp[39m: [35mGET /api/auth/profile 401 69 - 0.235 ms anonymous[39m
2026-02-08 17:42:56:4256 [31merror[39m: [31mAuthentication error: jwt expired[39m
2026-02-08 17:42:56:4256 [35mhttp[39m: [35mGET /api/auth/profile 401 69 - 22.258 ms anonymous[39m
2026-02-08 17:42:56:4256 [35mhttp[39m: [35mGET /api/auth/profile 401 69 - 0.491 ms anonymous[39m
2026-02-08 17:42:56:4256 [31merror[39m: [31mAuthentication error: jwt expired[39m
2026-02-08 17:42:56:4256 [35mhttp[39m: [35mGET /api/auth/profile 401 69 - 19.088 ms anonymous[39m
2026-02-08 17:42:56:4256 [35mhttp[39m: [35mGET /api/auth/profile 401 69 - 0.288 ms anonymous[39m
2026-02-08 17:42:56:4256 [31merror[39m: [31mAuthentication error: jwt expired[39m
2026-02-08 17:42:56:4256 [35mhttp[39m: [35mGET /api/auth/profile 401 69 - 8.526 ms anonymous[39m
2026-02-08 17:42:56:4256 [35mhttp[39m: [35mGET /api/auth/profile 401 69 - 0.136 ms anonymous[39m
2026-02-08 17:42:56:4256 [31merror[39m: [31mAuthentication error: jwt expired[39m
2026-02-08 17:42:56:4256 [35mhttp[39m: [35mGET /api/auth/profile 401 69 - 8.359 ms anonymous[39m
2026-02-08 17:42:56:4256 [35mhttp[39m: [35mGET /api/auth/profile 401 69 - 0.086 ms anonymous[39m
2026-02-08 17:42:56:4256 [35mhttp[39m: [35mGET /api/auth/profile 401 69 - 0.262 ms anonymous[39m
2026-02-08 17:42:56:4256 [31merror[39m: [31mAuthentication error: jwt expired[39m
2026-02-08 17:42:56:4256 [35mhttp[39m: [35mGET /api/auth/profile 401 69 - 17.055 ms anonymous[39m
2026-02-08 17:42:56:4256 [35mhttp[39m: [35mGET /api/auth/profile 401 69 - 0.771 ms anonymous[39m
2026-02-08 17:42:56:4256 [31merror[39m: [31mAuthentication error: jwt expired[39m
2026-02-08 17:42:56:4256 [35mhttp[39m: [35mGET /api/auth/profile 401 69 - 16.455 ms anonymous[39m
2026-02-08 17:42:56:4256 [35mhttp[39m: [35mGET /api/auth/profile 401 69 - 0.598 ms anonymous[39m
2026-02-08 17:42:56:4256 [31merror[39m: [31mAuthentication error: jwt expired[39m
2026-02-08 17:42:56:4256 [35mhttp[39m: [35mGET /api/auth/profile 401 69 - 14.826 ms anonymous[39m
2026-02-08 17:42:56:4256 [35mhttp[39m: [35mGET /api/auth/profile 401 69 - 0.274 ms anonymous[39m
2026-02-08 17:42:56:4256 [31merror[39m: [31mAuthentication error: jwt expired[39m
2026-02-08 17:42:56:4256 [35mhttp[39m: [35mGET /api/auth/profile 401 69 - 10.374 ms anonymous[39m
2026-02-08 17:42:56:4256 [35mhttp[39m: [35mGET /api/auth/profile 401 69 - 0.428 ms anonymous[39m
2026-02-08 17:42:57:4257 [31merror[39m: [31mAuthentication error: jwt expired[39m
2026-02-08 17:42:57:4257 [35mhttp[39m: [35mGET /api/auth/profile 401 69 - 9.432 ms anonymous[39m
2026-02-08 17:42:57:4257 [35mhttp[39m: [35mGET /api/auth/profile 401 69 - 0.494 ms anonymous[39m
2026-02-08 17:42:57:4257 [31merror[39m: [31mAuthentication error: jwt expired[39m
2026-02-08 17:42:57:4257 [35mhttp[39m: [35mGET /api/auth/profile 401 69 - 14.323 ms anonymous[39m
2026-02-08 17:42:57:4257 [35mhttp[39m: [35mGET /api/auth/profile 401 69 - 0.143 ms anonymous[39m
2026-02-08 17:42:57:4257 [31merror[39m: [31mAuthentication error: jwt expired[39m
2026-02-08 17:42:57:4257 [35mhttp[39m: [35mGET /api/auth/profile 401 69 - 6.479 ms anonymous[39m
2026-02-08 17:42:57:4257 [35mhttp[39m: [35mGET /api/auth/profile 401 69 - 0.108 ms anonymous[39m
2026-02-08 17:42:57:4257 [35mhttp[39m: [35mGET /api/auth/profile 401 69 - 0.343 ms anonymous[39m
2026-02-08 17:42:57:4257 [31merror[39m: [31mAuthentication error: jwt expired[39m
2026-02-08 17:42:57:4257 [35mhttp[39m: [35mGET /api/auth/profile 401 69 - 26.838 ms anonymous[39m
2026-02-08 17:42:57:4257 [35mhttp[39m: [35mGET /api/auth/profile 401 69 - 0.527 ms anonymous[39m
2026-02-08 17:42:57:4257 [31merror[39m: [31mAuthentication error: jwt expired[39m
2026-02-08 17:42:57:4257 [35mhttp[39m: [35mGET /api/auth/profile 401 69 - 41.956 ms anonymous[39m
2026-02-08 17:42:57:4257 [35mhttp[39m: [35mGET /api/auth/profile 401 69 - 0.354 ms anonymous[39m
2026-02-08 17:42:57:4257 [35mhttp[39m: [35mGET /api/auth/profile 401 69 - 0.154 ms anonymous[39m
2026-02-08 17:42:57:4257 [31merror[39m: [31mAuthentication error: jwt expired[39m
2026-02-08 17:42:57:4257 [35mhttp[39m: [35mGET /api/auth/profile 401 69 - 28.567 ms anonymous[39m
2026-02-08 17:42:57:4257 [35mhttp[39m: [35mGET /api/auth/profile 401 69 - 0.369 ms anonymous[39m
2026-02-08 17:42:57:4257 [31merror[39m: [31mAuthentication error: jwt expired[39m
2026-02-08 17:42:57:4257 [35mhttp[39m: [35mGET /api/auth/profile 401 69 - 18.700 ms anonymous[39m
2026-02-08 17:42:57:4257 [35mhttp[39m: [35mGET /api/auth/profile 401 69 - 2.063 ms anonymous[39m
2026-02-08 17:42:57:4257 [31merror[39m: [31mAuthentication error: jwt expired[39m
2026-02-08 17:42:57:4257 [35mhttp[39m: [35mGET /api/auth/profile 401 69 - 15.257 ms anonymous[39m
2026-02-08 17:42:57:4257 [35mhttp[39m: [35mGET /api/auth/profile 401 69 - 0.253 ms anonymous[39m
2026-02-08 17:42:57:4257 [31merror[39m: [31mAuthentication error: jwt expired[39m
2026-02-08 17:42:57:4257 [35mhttp[39m: [35mGET /api/auth/profile 401 69 - 13.399 ms anonymous[39m
2026-02-08 17:42:57:4257 [35mhttp[39m: [35mGET /api/auth/profile 401 69 - 0.122 ms anonymous[39m
2026-02-08 17:42:57:4257 [31merror[39m: [31mAuthentication error: jwt expired[39m
2026-02-08 17:42:57:4257 [35mhttp[39m: [35mGET /api/auth/profile 401 69 - 16.056 ms anonymous[39m
2026-02-08 17:42:57:4257 [35mhttp[39m: [35mGET /api/auth/profile 401 69 - 0.259 ms anonymous[39m
2026-02-08 17:42:57:4257 [35mhttp[39m: [35mGET /api/auth/profile 401 69 - 0.154 ms anonymous[39m
2026-02-08 17:42:57:4257 [31merror[39m: [31mAuthentication error: jwt expired[39m
2026-02-08 17:42:57:4257 [35mhttp[39m: [35mGET /api/auth/profile 401 69 - 20.889 ms anonymous[39m
2026-02-08 17:42:57:4257 [35mhttp[39m: [35mGET /api/auth/profile 401 69 - 0.554 ms anonymous[39m
2026-02-08 17:42:57:4257 [31merror[39m: [31mAuthentication error: jwt expired[39m
2026-02-08 17:42:57:4257 [35mhttp[39m: [35mGET /api/auth/profile 401 69 - 11.823 ms anonymous[39m
2026-02-08 17:42:57:4257 [35mhttp[39m: [35mGET /api/auth/profile 401 69 - 0.582 ms anonymous[39m
2026-02-08 17:42:57:4257 [31merror[39m: [31mAuthentication error: jwt expired[39m
2026-02-08 17:42:57:4257 [35mhttp[39m: [35mGET /api/auth/profile 401 69 - 14.829 ms anonymous[39m
2026-02-08 17:42:57:4257 [35mhttp[39m: [35mGET /api/auth/profile 401 69 - 0.280 ms anonymous[39m
2026-02-08 17:42:58:4258 [31merror[39m: [31mAuthentication error: jwt expired[39m
2026-02-08 17:42:58:4258 [35mhttp[39m: [35mGET /api/auth/profile 401 69 - 14.416 ms anonymous[39m
2026-02-08 17:42:58:4258 [35mhttp[39m: [35mGET /api/auth/profile 401 69 - 2.109 ms anonymous[39m
2026-02-08 17:42:58:4258 [31merror[39m: [31mAuthentication error: jwt expired[39m
2026-02-08 17:42:58:4258 [35mhttp[39m: [35mGET /api/auth/profile 401 69 - 14.764 ms anonymous[39m
2026-02-08 17:42:58:4258 [35mhttp[39m: [35mGET /api/auth/profile 401 69 - 0.118 ms anonymous[39m
2026-02-08 17:42:58:4258 [31merror[39m: [31mAuthentication error: jwt expired[39m
2026-02-08 17:42:58:4258 [35mhttp[39m: [35mGET /api/auth/profile 401 69 - 8.105 ms anonymous[39m
2026-02-08 17:42:58:4258 [35mhttp[39m: [35mGET /api/auth/profile 401 69 - 0.162 ms anonymous[39m
2026-02-08 17:42:58:4258 [35mhttp[39m: [35mGET /api/auth/profile 401 69 - 0.479 ms anonymous[39m
2026-02-08 17:42:58:4258 [31merror[39m: [31mAuthentication error: jwt expired[39m
2026-02-08 17:42:58:4258 [35mhttp[39m: [35mGET /api/auth/profile 401 69 - 9.174 ms anonymous[39m
2026-02-08 17:42:58:4258 [35mhttp[39m: [35mGET /api/auth/profile 401 69 - 0.132 ms anonymous[39m
2026-02-08 17:42:58:4258 [31merror[39m: [31mAuthentication error: jwt expired[39m
2026-02-08 17:42:58:4258 [35mhttp[39m: [35mGET /api/auth/profile 401 69 - 13.684 ms anonymous[39m
2026-02-08 17:42:58:4258 [35mhttp[39m: [35mGET /api/auth/profile 401 69 - 0.132 ms anonymous[39m
2026-02-08 17:42:58:4258 [31merror[39m: [31mAuthentication error: jwt expired[39m
2026-02-08 17:42:58:4258 [35mhttp[39m: [35mGET /api/auth/profile 401 69 - 19.711 ms anonymous[39m
2026-02-08 17:42:58:4258 [35mhttp[39m: [35mGET /api/auth/profile 401 69 - 0.211 ms anonymous[39m
2026-02-08 17:42:58:4258 [31merror[39m: [31mAuthentication error: jwt expired[39m
2026-02-08 17:42:58:4258 [35mhttp[39m: [35mGET /api/auth/profile 401 69 - 14.397 ms anonymous[39m
2026-02-08 17:42:58:4258 [35mhttp[39m: [35mGET /api/auth/profile 401 69 - 1.598 ms anonymous[39m
2026-02-08 17:42:58:4258 [31merror[39m: [31mAuthentication error: jwt expired[39m
2026-02-08 17:42:58:4258 [35mhttp[39m: [35mGET /api/auth/profile 401 69 - 19.619 ms anonymous[39m
2026-02-08 17:42:58:4258 [35mhttp[39m: [35mGET /api/auth/profile 401 69 - 0.226 ms anonymous[39m
2026-02-08 17:42:58:4258 [31merror[39m: [31mAuthentication error: jwt expired[39m
2026-02-08 17:42:58:4258 [35mhttp[39m: [35mGET /api/auth/profile 401 69 - 9.206 ms anonymous[39m
2026-02-08 17:42:58:4258 [35mhttp[39m: [35mGET /api/auth/profile 401 69 - 0.084 ms anonymous[39m
2026-02-08 17:42:58:4258 [31merror[39m: [31mAuthentication error: jwt expired[39m
2026-02-08 17:42:58:4258 [35mhttp[39m: [35mGET /api/auth/profile 401 69 - 7.874 ms anonymous[39m
2026-02-08 17:42:58:4258 [35mhttp[39m: [35mGET /api/auth/profile 401 69 - 0.162 ms anonymous[39m
2026-02-08 17:42:58:4258 [31merror[39m: [31mAuthentication error: jwt expired[39m
2026-02-08 17:42:58:4258 [35mhttp[39m: [35mGET /api/auth/profile 401 69 - 14.610 ms anonymous[39m
2026-02-08 17:42:58:4258 [35mhttp[39m: [35mGET /api/auth/profile 401 69 - 0.223 ms anonymous[39m
2026-02-08 17:42:58:4258 [31merror[39m: [31mAuthentication error: jwt expired[39m
2026-02-08 17:42:58:4258 [35mhttp[39m: [35mGET /api/auth/profile 401 69 - 9.721 ms anonymous[39m
2026-02-08 17:42:58:4258 [35mhttp[39m: [35mGET /api/auth/profile 401 69 - 0.079 ms anonymous[39m
2026-02-08 17:42:58:4258 [35mhttp[39m: [35mGET /api/auth/profile 401 69 - 0.491 ms anonymous[39m
2026-02-08 17:42:58:4258 [31merror[39m: [31mAuthentication error: jwt expired[39m
2026-02-08 17:42:58:4258 [35mhttp[39m: [35mGET /api/auth/profile 401 69 - 20.862 ms anonymous[39m
2026-02-08 17:42:58:4258 [35mhttp[39m: [35mGET /api/auth/profile 401 69 - 0.370 ms anonymous[39m
2026-02-08 17:42:58:4258 [31merror[39m: [31mAuthentication error: jwt expired[39m
2026-02-08 17:42:58:4258 [35mhttp[39m: [35mGET /api/auth/profile 401 69 - 16.114 ms anonymous[39m
2026-02-08 17:42:58:4258 [35mhttp[39m: [35mGET /api/auth/profile 401 69 - 0.289 ms anonymous[39m
2026-02-08 17:42:58:4258 [31merror[39m: [31mAuthentication error: jwt expired[39m
2026-02-08 17:42:58:4258 [35mhttp[39m: [35mGET /api/auth/profile 401 69 - 11.708 ms anonymous[39m
2026-02-08 17:42:58:4258 [35mhttp[39m: [35mGET /api/auth/profile 401 69 - 0.153 ms anonymous[39m
2026-02-08 17:42:59:4259 [31merror[39m: [31mAuthentication error: jwt expired[39m
2026-02-08 17:42:59:4259 [35mhttp[39m: [35mGET /api/auth/profile 401 69 - 8.367 ms anonymous[39m
2026-02-08 17:42:59:4259 [35mhttp[39m: [35mGET /api/auth/profile 401 69 - 0.075 ms anonymous[39m
2026-02-08 17:42:59:4259 [35mhttp[39m: [35mGET /api/auth/profile 401 69 - 0.146 ms anonymous[39m
2026-02-08 17:42:59:4259 [31merror[39m: [31mAuthentication error: jwt expired[39m
2026-02-08 17:42:59:4259 [35mhttp[39m: [35mGET /api/auth/profile 401 69 - 12.947 ms anonymous[39m
2026-02-08 17:42:59:4259 [35mhttp[39m: [35mGET /api/auth/profile 401 69 - 0.404 ms anonymous[39m
2026-02-08 17:42:59:4259 [31merror[39m: [31mAuthentication error: jwt expired[39m
2026-02-08 17:42:59:4259 [35mhttp[39m: [35mGET /api/auth/profile 401 69 - 18.387 ms anonymous[39m
2026-02-08 17:42:59:4259 [35mhttp[39m: [35mGET /api/auth/profile 401 69 - 0.446 ms anonymous[39m
2026-02-08 17:42:59:4259 [31merror[39m: [31mAuthentication error: jwt expired[39m
2026-02-08 17:42:59:4259 [35mhttp[39m: [35mGET /api/auth/profile 401 69 - 13.357 ms anonymous[39m
2026-02-08 17:42:59:4259 [35mhttp[39m: [35mGET /api/auth/profile 401 69 - 0.328 ms anonymous[39m
2026-02-08 17:42:59:4259 [31merror[39m: [31mAuthentication error: jwt expired[39m
2026-02-08 17:42:59:4259 [35mhttp[39m: [35mGET /api/auth/profile 401 69 - 10.334 ms anonymous[39m
2026-02-08 17:42:59:4259 [35mhttp[39m: [35mGET /api/auth/profile 401 69 - 0.286 ms anonymous[39m
2026-02-08 17:42:59:4259 [31merror[39m: [31mAuthentication error: jwt expired[39m
2026-02-08 17:42:59:4259 [35mhttp[39m: [35mGET /api/auth/profile 401 69 - 8.553 ms anonymous[39m
2026-02-08 17:42:59:4259 [35mhttp[39m: [35mGET /api/auth/profile 401 69 - 0.438 ms anonymous[39m
2026-02-08 17:42:59:4259 [31merror[39m: [31mAuthentication error: jwt expired[39m
2026-02-08 17:42:59:4259 [35mhttp[39m: [35mGET /api/auth/profile 401 69 - 8.764 ms anonymous[39m
2026-02-08 17:42:59:4259 [35mhttp[39m: [35mGET /api/auth/profile 401 69 - 0.090 ms anonymous[39m
2026-02-08 17:42:59:4259 [31merror[39m: [31mAuthentication error: jwt expired[39m
2026-02-08 17:42:59:4259 [35mhttp[39m: [35mGET /api/auth/profile 401 69 - 13.185 ms anonymous[39m
2026-02-08 17:42:59:4259 [35mhttp[39m: [35mGET /api/auth/profile 401 69 - 0.418 ms anonymous[39m
2026-02-08 17:42:59:4259 [31merror[39m: [31mAuthentication error: jwt expired[39m
2026-02-08 17:42:59:4259 [35mhttp[39m: [35mGET /api/auth/profile 401 69 - 7.829 ms anonymous[39m
2026-02-08 17:42:59:4259 [35mhttp[39m: [35mGET /api/auth/profile 401 69 - 1.172 ms anonymous[39m
2026-02-08 17:42:59:4259 [31merror[39m: [31mAuthentication error: jwt expired[39m
2026-02-08 17:42:59:4259 [35mhttp[39m: [35mGET /api/auth/profile 401 69 - 10.532 ms anonymous[39m
2026-02-08 17:42:59:4259 [35mhttp[39m: [35mGET /api/auth/profile 401 69 - 0.201 ms anonymous[39m
2026-02-08 17:42:59:4259 [35mhttp[39m: [35mGET /api/auth/profile 401 69 - 0.304 ms anonymous[39m
2026-02-08 17:42:59:4259 [31merror[39m: [31mAuthentication error: jwt expired[39m
2026-02-08 17:42:59:4259 [35mhttp[39m: [35mGET /api/auth/profile 401 69 - 15.995 ms anonymous[39m
2026-02-08 17:42:59:4259 [35mhttp[39m: [35mGET /api/auth/profile 401 69 - 0.130 ms anonymous[39m
2026-02-08 17:42:59:4259 [31merror[39m: [31mAuthentication error: jwt expired[39m
2026-02-08 17:42:59:4259 [35mhttp[39m: [35mGET /api/auth/profile 401 69 - 32.154 ms anonymous[39m
2026-02-08 17:42:59:4259 [35mhttp[39m: [35mGET /api/auth/profile 401 69 - 0.536 ms anonymous[39m
2026-02-08 17:42:59:4259 [31merror[39m: [31mAuthentication error: jwt expired[39m
2026-02-08 17:42:59:4259 [35mhttp[39m: [35mGET /api/auth/profile 401 69 - 9.749 ms anonymous[39m
2026-02-08 17:42:59:4259 [35mhttp[39m: [35mGET /api/auth/profile 401 69 - 0.308 ms anonymous[39m
2026-02-08 17:42:59:4259 [31merror[39m: [31mAuthentication error: jwt expired[39m
2026-02-08 17:42:59:4259 [35mhttp[39m: [35mGET /api/auth/profile 401 69 - 10.704 ms anonymous[39m
2026-02-08 17:42:59:4259 [35mhttp[39m: [35mGET /api/auth/profile 401 69 - 0.078 ms anonymous[39m
2026-02-08 17:42:59:4259 [35mhttp[39m: [35mGET /api/auth/profile 401 69 - 0.463 ms anonymous[39m
2026-02-08 17:42:59:4259 [31merror[39m: [31mAuthentication error: jwt expired[39m
2026-02-08 17:42:59:4259 [35mhttp[39m: [35mGET /api/auth/profile 401 69 - 14.951 ms anonymous[39m
2026-02-08 17:42:59:4259 [35mhttp[39m: [35mGET /api/auth/profile 401 69 - 0.202 ms anonymous[39m
2026-02-08 17:43:00:430 [31merror[39m: [31mAuthentication error: jwt expired[39m
2026-02-08 17:43:00:430 [35mhttp[39m: [35mGET /api/auth/profile 401 69 - 44.057 ms anonymous[39m
2026-02-08 17:43:00:430 [35mhttp[39m: [35mGET /api/auth/profile 401 69 - 0.480 ms anonymous[39m
2026-02-08 17:43:00:430 [31merror[39m: [31mAuthentication error: jwt expired[39m
2026-02-08 17:43:00:430 [35mhttp[39m: [35mGET /api/auth/profile 401 69 - 12.178 ms anonymous[39m
2026-02-08 17:43:00:430 [35mhttp[39m: [35mGET /api/auth/profile 401 69 - 0.133 ms anonymous[39m
2026-02-08 17:43:00:430 [31merror[39m: [31mAuthentication error: jwt expired[39m
2026-02-08 17:43:00:430 [35mhttp[39m: [35mGET /api/auth/profile 401 69 - 8.075 ms anonymous[39m
2026-02-08 17:43:00:430 [35mhttp[39m: [35mGET /api/auth/profile 401 69 - 0.229 ms anonymous[39m
2026-02-08 17:43:00:430 [31merror[39m: [31mAuthentication error: jwt expired[39m
2026-02-08 17:43:00:430 [35mhttp[39m: [35mGET /api/auth/profile 401 69 - 9.215 ms anonymous[39m
2026-02-08 17:43:00:430 [35mhttp[39m: [35mGET /api/auth/profile 401 69 - 0.158 ms anonymous[39m
2026-02-08 17:43:00:430 [35mhttp[39m: [35mGET /api/auth/profile 401 69 - 0.331 ms anonymous[39m
2026-02-08 17:43:00:430 [31merror[39m: [31mAuthentication error: jwt expired[39m
2026-02-08 17:43:00:430 [35mhttp[39m: [35mGET /api/auth/profile 401 69 - 15.213 ms anonymous[39m
2026-02-08 17:43:00:430 [35mhttp[39m: [35mGET /api/auth/profile 401 69 - 0.397 ms anonymous[39m
2026-02-08 17:43:00:430 [31merror[39m: [31mAuthentication error: jwt expired[39m
2026-02-08 17:43:00:430 [35mhttp[39m: [35mGET /api/auth/profile 401 69 - 21.040 ms anonymous[39m
2026-02-08 17:43:00:430 [35mhttp[39m: [35mGET /api/auth/profile 401 69 - 0.368 ms anonymous[39m
2026-02-08 17:43:00:430 [31merror[39m: [31mAuthentication error: jwt expired[39m
2026-02-08 17:43:00:430 [35mhttp[39m: [35mGET /api/auth/profile 401 69 - 30.515 ms anonymous[39m
2026-02-08 17:43:00:430 [35mhttp[39m: [35mGET /api/auth/profile 401 69 - 0.173 ms anonymous[39m
2026-02-08 17:43:00:430 [31merror[39m: [31mAuthentication error: jwt expired[39m
2026-02-08 17:43:00:430 [35mhttp[39m: [35mGET /api/auth/profile 401 69 - 13.580 ms anonymous[39m
2026-02-08 17:43:00:430 [35mhttp[39m: [35mGET /api/auth/profile 401 69 - 0.338 ms anonymous[39m
2026-02-08 17:43:00:430 [31merror[39m: [31mAuthentication error: jwt expired[39m
2026-02-08 17:43:00:430 [35mhttp[39m: [35mGET /api/auth/profile 401 69 - 10.016 ms anonymous[39m
2026-02-08 17:43:00:430 [35mhttp[39m: [35mGET /api/auth/profile 401 69 - 0.184 ms anonymous[39m
2026-02-08 17:43:00:430 [31merror[39m: [31mAuthentication error: jwt expired[39m
2026-02-08 17:43:00:430 [35mhttp[39m: [35mGET /api/auth/profile 401 69 - 17.533 ms anonymous[39m
2026-02-08 17:43:00:430 [35mhttp[39m: [35mGET /api/auth/profile 401 69 - 0.183 ms anonymous[39m
2026-02-08 17:43:00:430 [31merror[39m: [31mAuthentication error: jwt expired[39m
2026-02-08 17:43:00:430 [35mhttp[39m: [35mGET /api/auth/profile 401 69 - 12.125 ms anonymous[39m
2026-02-08 17:43:00:430 [35mhttp[39m: [35mGET /api/auth/profile 401 69 - 0.139 ms anonymous[39m
2026-02-08 17:43:00:430 [31merror[39m: [31mAuthentication error: jwt expired[39m
2026-02-08 17:43:00:430 [35mhttp[39m: [35mGET /api/auth/profile 401 69 - 10.971 ms anonymous[39m
2026-02-08 17:43:00:430 [35mhttp[39m: [35mGET /api/auth/profile 401 69 - 0.098 ms anonymous[39m
2026-02-08 17:43:00:430 [31merror[39m: [31mAuthentication error: jwt expired[39m
2026-02-08 17:43:00:430 [35mhttp[39m: [35mGET /api/auth/profile 401 69 - 9.717 ms anonymous[39m
2026-02-08 17:43:00:430 [35mhttp[39m: [35mGET /api/auth/profile 401 69 - 0.142 ms anonymous[39m
2026-02-08 17:43:00:430 [31merror[39m: [31mAuthentication error: jwt expired[39m
2026-02-08 17:43:00:430 [35mhttp[39m: [35mGET /api/auth/profile 401 69 - 9.077 ms anonymous[39m
2026-02-08 17:43:00:430 [35mhttp[39m: [35mGET /api/auth/profile 401 69 - 0.083 ms anonymous[39m
2026-02-08 17:43:01:431 [35mhttp[39m: [35mGET /api/auth/profile 401 69 - 0.153 ms anonymous[39m
2026-02-08 17:43:01:431 [31merror[39m: [31mAuthentication error: jwt expired[39m
2026-02-08 17:43:01:431 [35mhttp[39m: [35mGET /api/auth/profile 401 69 - 14.951 ms anonymous[39m
2026-02-08 17:43:01:431 [35mhttp[39m: [35mGET /api/auth/profile 401 69 - 0.543 ms anonymous[39m
2026-02-08 17:43:01:431 [31merror[39m: [31mAuthentication error: jwt expired[39m
2026-02-08 17:43:01:431 [35mhttp[39m: [35mGET /api/auth/profile 401 69 - 13.980 ms anonymous[39m
2026-02-08 17:43:01:431 [35mhttp[39m: [35mGET /api/auth/profile 401 69 - 0.329 ms anonymous[39m
2026-02-08 17:43:01:431 [31merror[39m: [31mAuthentication error: jwt expired[39m
2026-02-08 17:43:01:431 [35mhttp[39m: [35mGET /api/auth/profile 401 69 - 12.633 ms anonymous[39m
2026-02-08 17:43:01:431 [35mhttp[39m: [35mGET /api/auth/profile 401 69 - 0.451 ms anonymous[39m
2026-02-08 17:43:01:431 [31merror[39m: [31mAuthentication error: jwt expired[39m
2026-02-08 17:43:01:431 [35mhttp[39m: [35mGET /api/auth/profile 401 69 - 8.169 ms anonymous[39m
2026-02-08 17:43:01:431 [35mhttp[39m: [35mGET /api/auth/profile 401 69 - 0.085 ms anonymous[39m
2026-02-08 17:43:01:431 [35mhttp[39m: [35mGET /api/auth/profile 401 69 - 0.291 ms anonymous[39m
2026-02-08 17:43:01:431 [31merror[39m: [31mAuthentication error: jwt expired[39m
2026-02-08 17:43:01:431 [35mhttp[39m: [35mGET /api/auth/profile 401 69 - 17.934 ms anonymous[39m
2026-02-08 17:43:01:431 [35mhttp[39m: [35mGET /api/auth/profile 401 69 - 0.907 ms anonymous[39m
2026-02-08 17:43:01:431 [31merror[39m: [31mAuthentication error: jwt expired[39m
2026-02-08 17:43:01:431 [35mhttp[39m: [35mGET /api/auth/profile 401 69 - 18.042 ms anonymous[39m
2026-02-08 17:43:01:431 [35mhttp[39m: [35mGET /api/auth/profile 401 69 - 1.002 ms anonymous[39m
2026-02-08 17:43:01:431 [31merror[39m: [31mAuthentication error: jwt expired[39m
2026-02-08 17:43:01:431 [35mhttp[39m: [35mGET /api/auth/profile 401 69 - 12.571 ms anonymous[39m
2026-02-08 17:43:01:431 [35mhttp[39m: [35mGET /api/auth/profile 401 69 - 0.709 ms anonymous[39m
2026-02-08 17:43:01:431 [31merror[39m: [31mAuthentication error: jwt expired[39m
2026-02-08 17:43:01:431 [35mhttp[39m: [35mGET /api/auth/profile 401 69 - 7.670 ms anonymous[39m
2026-02-08 17:43:01:431 [35mhttp[39m: [35mGET /api/auth/profile 401 69 - 0.290 ms anonymous[39m
2026-02-08 17:43:01:431 [31merror[39m: [31mAuthentication error: jwt expired[39m
2026-02-08 17:43:01:431 [35mhttp[39m: [35mGET /api/auth/profile 401 69 - 10.175 ms anonymous[39m
2026-02-08 17:43:01:431 [35mhttp[39m: [35mGET /api/auth/profile 401 69 - 0.079 ms anonymous[39m
2026-02-08 17:43:01:431 [31merror[39m: [31mAuthentication error: jwt expired[39m
2026-02-08 17:43:01:431 [35mhttp[39m: [35mGET /api/auth/profile 401 69 - 22.264 ms anonymous[39m
2026-02-08 17:43:01:431 [35mhttp[39m: [35mGET /api/auth/profile 401 69 - 0.092 ms anonymous[39m
2026-02-08 17:43:01:431 [35mhttp[39m: [35mGET /api/auth/profile 401 69 - 0.269 ms anonymous[39m
2026-02-08 17:43:01:431 [31merror[39m: [31mAuthentication error: jwt expired[39m
2026-02-08 17:43:01:431 [35mhttp[39m: [35mGET /api/auth/profile 401 69 - 13.609 ms anonymous[39m
2026-02-08 17:43:01:431 [35mhttp[39m: [35mGET /api/auth/profile 401 69 - 0.728 ms anonymous[39m
2026-02-08 17:43:01:431 [31merror[39m: [31mAuthentication error: jwt expired[39m
2026-02-08 17:43:01:431 [35mhttp[39m: [35mGET /api/auth/profile 401 69 - 12.454 ms anonymous[39m
2026-02-08 17:43:01:431 [35mhttp[39m: [35mGET /api/auth/profile 401 69 - 0.383 ms anonymous[39m
2026-02-08 17:43:01:431 [31merror[39m: [31mAuthentication error: jwt expired[39m
2026-02-08 17:43:01:431 [35mhttp[39m: [35mGET /api/auth/profile 401 69 - 18.660 ms anonymous[39m
2026-02-08 17:43:01:431 [35mhttp[39m: [35mGET /api/auth/profile 401 69 - 0.252 ms anonymous[39m
2026-02-08 17:43:01:431 [31merror[39m: [31mAuthentication error: jwt expired[39m
2026-02-08 17:43:01:431 [35mhttp[39m: [35mGET /api/auth/profile 401 69 - 13.005 ms anonymous[39m
2026-02-08 17:43:01:431 [35mhttp[39m: [35mGET /api/auth/profile 401 69 - 0.218 ms anonymous[39m
2026-02-08 17:43:01:431 [31merror[39m: [31mAuthentication error: jwt expired[39m
2026-02-08 17:43:01:431 [35mhttp[39m: [35mGET /api/auth/profile 401 69 - 7.878 ms anonymous[39m
2026-02-08 17:43:01:431 [35mhttp[39m: [35mGET /api/auth/profile 401 69 - 0.080 ms anonymous[39m
2026-02-08 17:43:02:432 [35mhttp[39m: [35mGET /api/auth/profile 401 69 - 0.133 ms anonymous[39m
2026-02-08 17:43:02:432 [31merror[39m: [31mAuthentication error: jwt expired[39m
2026-02-08 17:43:02:432 [35mhttp[39m: [35mGET /api/auth/profile 401 69 - 15.956 ms anonymous[39m
2026-02-08 17:43:02:432 [35mhttp[39m: [35mGET /api/auth/profile 401 69 - 0.158 ms anonymous[39m
2026-02-08 17:43:02:432 [31merror[39m: [31mAuthentication error: jwt expired[39m
2026-02-08 17:43:02:432 [35mhttp[39m: [35mGET /api/auth/profile 401 69 - 18.805 ms anonymous[39m
2026-02-08 17:43:02:432 [35mhttp[39m: [35mGET /api/auth/profile 401 69 - 0.331 ms anonymous[39m
2026-02-08 17:43:02:432 [31merror[39m: [31mAuthentication error: jwt expired[39m
2026-02-08 17:43:02:432 [35mhttp[39m: [35mGET /api/auth/profile 401 69 - 16.512 ms anonymous[39m
2026-02-08 17:43:02:432 [35mhttp[39m: [35mGET /api/auth/profile 401 69 - 0.265 ms anonymous[39m
2026-02-08 17:43:02:432 [31merror[39m: [31mAuthentication error: jwt expired[39m
2026-02-08 17:43:02:432 [35mhttp[39m: [35mGET /api/auth/profile 401 69 - 10.852 ms anonymous[39m
2026-02-08 17:43:02:432 [35mhttp[39m: [35mGET /api/auth/profile 401 69 - 0.116 ms anonymous[39m
2026-02-08 17:43:02:432 [35mhttp[39m: [35mGET /api/auth/profile 401 69 - 0.401 ms anonymous[39m
2026-02-08 17:43:02:432 [31merror[39m: [31mAuthentication error: jwt expired[39m
2026-02-08 17:43:02:432 [35mhttp[39m: [35mGET /api/auth/profile 401 69 - 11.548 ms anonymous[39m
2026-02-08 17:43:02:432 [35mhttp[39m: [35mGET /api/auth/profile 401 69 - 0.591 ms anonymous[39m
2026-02-08 17:43:02:432 [31merror[39m: [31mAuthentication error: jwt expired[39m
2026-02-08 17:43:02:432 [35mhttp[39m: [35mGET /api/auth/profile 401 69 - 12.692 ms anonymous[39m
2026-02-08 17:43:02:432 [35mhttp[39m: [35mGET /api/auth/profile 401 69 - 0.148 ms anonymous[39m
2026-02-08 17:43:02:432 [35mhttp[39m: [35mGET /api/auth/profile 401 69 - 0.481 ms anonymous[39m
2026-02-08 17:43:02:432 [31merror[39m: [31mAuthentication error: jwt expired[39m
2026-02-08 17:43:02:432 [35mhttp[39m: [35mGET /api/auth/profile 401 69 - 17.963 ms anonymous[39m
2026-02-08 17:43:02:432 [35mhttp[39m: [35mGET /api/auth/profile 401 69 - 0.165 ms anonymous[39m
2026-02-08 17:43:02:432 [31merror[39m: [31mAuthentication error: jwt expired[39m
2026-02-08 17:43:02:432 [35mhttp[39m: [35mGET /api/auth/profile 401 69 - 15.757 ms anonymous[39m
2026-02-08 17:43:02:432 [35mhttp[39m: [35mGET /api/auth/profile 401 69 - 0.488 ms anonymous[39m
2026-02-08 17:43:02:432 [31merror[39m: [31mAuthentication error: jwt expired[39m
2026-02-08 17:43:02:432 [35mhttp[39m: [35mGET /api/auth/profile 401 69 - 21.753 ms anonymous[39m
2026-02-08 17:43:02:432 [35mhttp[39m: [35mGET /api/auth/profile 401 69 - 0.265 ms anonymous[39m
2026-02-08 17:43:02:432 [35mhttp[39m: [35mGET /api/auth/profile 401 69 - 0.143 ms anonymous[39m
2026-02-08 17:43:02:432 [31merror[39m: [31mAuthentication error: jwt expired[39m
2026-02-08 17:43:02:432 [35mhttp[39m: [35mGET /api/auth/profile 401 69 - 16.566 ms anonymous[39m
2026-02-08 17:43:02:432 [35mhttp[39m: [35mGET /api/auth/profile 401 69 - 0.223 ms anonymous[39m
2026-02-08 17:43:02:432 [31merror[39m: [31mAuthentication error: jwt expired[39m
2026-02-08 17:43:02:432 [35mhttp[39m: [35mGET /api/auth/profile 401 69 - 12.955 ms anonymous[39m
2026-02-08 17:43:02:432 [35mhttp[39m: [35mGET /api/auth/profile 401 69 - 0.293 ms anonymous[39m
2026-02-08 17:43:02:432 [35mhttp[39m: [35mGET /api/auth/profile 401 69 - 0.164 ms anonymous[39m
2026-02-08 17:43:02:432 [31merror[39m: [31mAuthentication error: jwt expired[39m
2026-02-08 17:43:02:432 [35mhttp[39m: [35mGET /api/auth/profile 401 69 - 10.526 ms anonymous[39m
2026-02-08 17:43:02:432 [35mhttp[39m: [35mGET /api/auth/profile 401 69 - 0.252 ms anonymous[39m
2026-02-08 17:43:03:433 [31merror[39m: [31mAuthentication error: jwt expired[39m
2026-02-08 17:43:03:433 [35mhttp[39m: [35mGET /api/auth/profile 401 69 - 16.542 ms anonymous[39m
2026-02-08 17:43:03:433 [35mhttp[39m: [35mGET /api/auth/profile 401 69 - 0.324 ms anonymous[39m
2026-02-08 17:43:03:433 [31merror[39m: [31mAuthentication error: jwt expired[39m
2026-02-08 17:43:03:433 [35mhttp[39m: [35mGET /api/auth/profile 401 69 - 11.676 ms anonymous[39m
2026-02-08 17:43:03:433 [35mhttp[39m: [35mGET /api/auth/profile 401 69 - 0.935 ms anonymous[39m
2026-02-08 17:43:03:433 [31merror[39m: [31mAuthentication error: jwt expired[39m
2026-02-08 17:43:03:433 [35mhttp[39m: [35mGET /api/auth/profile 401 69 - 9.794 ms anonymous[39m
2026-02-08 17:43:03:433 [35mhttp[39m: [35mGET /api/auth/profile 401 69 - 0.370 ms anonymous[39m
2026-02-08 17:43:03:433 [31merror[39m: [31mAuthentication error: jwt expired[39m
2026-02-08 17:43:03:433 [35mhttp[39m: [35mGET /api/auth/profile 401 69 - 18.196 ms anonymous[39m
2026-02-08 17:43:03:433 [35mhttp[39m: [35mGET /api/auth/profile 401 69 - 0.300 ms anonymous[39m
2026-02-08 17:43:03:433 [35mhttp[39m: [35mGET /api/auth/profile 401 69 - 0.160 ms anonymous[39m
2026-02-08 17:43:03:433 [31merror[39m: [31mAuthentication error: jwt expired[39m
2026-02-08 17:43:03:433 [35mhttp[39m: [35mGET /api/auth/profile 401 69 - 13.432 ms anonymous[39m
2026-02-08 17:43:03:433 [35mhttp[39m: [35mGET /api/auth/profile 401 69 - 0.492 ms anonymous[39m
2026-02-08 17:43:03:433 [31merror[39m: [31mAuthentication error: jwt expired[39m
2026-02-08 17:43:03:433 [35mhttp[39m: [35mGET /api/auth/profile 401 69 - 17.951 ms anonymous[39m
2026-02-08 17:43:03:433 [35mhttp[39m: [35mGET /api/auth/profile 401 69 - 0.299 ms anonymous[39m
2026-02-08 17:43:03:433 [31merror[39m: [31mAuthentication error: jwt expired[39m
2026-02-08 17:43:03:433 [35mhttp[39m: [35mGET /api/auth/profile 401 69 - 11.815 ms anonymous[39m
2026-02-08 17:43:03:433 [35mhttp[39m: [35mGET /api/auth/profile 401 69 - 0.282 ms anonymous[39m
2026-02-08 17:43:03:433 [31merror[39m: [31mAuthentication error: jwt expired[39m
2026-02-08 17:43:03:433 [35mhttp[39m: [35mGET /api/auth/profile 401 69 - 16.693 ms anonymous[39m
2026-02-08 17:43:03:433 [35mhttp[39m: [35mGET /api/auth/profile 401 69 - 0.329 ms anonymous[39m
2026-02-08 17:43:03:433 [31merror[39m: [31mAuthentication error: jwt expired[39m
2026-02-08 17:43:03:433 [35mhttp[39m: [35mGET /api/auth/profile 401 69 - 17.559 ms anonymous[39m
2026-02-08 17:43:03:433 [31merror[39m: [31mAuthentication error: jwt expired[39m
2026-02-08 17:43:03:433 [35mhttp[39m: [35mGET /api/auth/profile 401 69 - 7.091 ms anonymous[39m
2026-02-08 17:43:03:433 [31merror[39m: [31mAuthentication error: jwt expired[39m
2026-02-08 17:43:03:433 [35mhttp[39m: [35mGET /api/auth/profile 401 69 - 10.579 ms anonymous[39m
2026-02-08 17:43:03:433 [35mhttp[39m: [35mGET /api/auth/profile 401 69 - 2.414 ms anonymous[39m
2026-02-08 17:43:03:433 [31merror[39m: [31mAuthentication error: jwt expired[39m
2026-02-08 17:43:03:433 [35mhttp[39m: [35mGET /api/auth/profile 401 69 - 9.585 ms anonymous[39m
2026-02-08 17:43:03:433 [35mhttp[39m: [35mGET /api/auth/profile 401 69 - 0.212 ms anonymous[39m
2026-02-08 17:43:03:433 [31merror[39m: [31mAuthentication error: jwt expired[39m
2026-02-08 17:43:03:433 [35mhttp[39m: [35mGET /api/auth/profile 401 69 - 27.068 ms anonymous[39m
2026-02-08 17:43:03:433 [35mhttp[39m: [35mGET /api/auth/profile 401 69 - 0.197 ms anonymous[39m
2026-02-08 17:43:03:433 [31merror[39m: [31mAuthentication error: jwt expired[39m
2026-02-08 17:43:03:433 [35mhttp[39m: [35mGET /api/auth/profile 401 69 - 9.730 ms anonymous[39m
2026-02-08 17:43:03:433 [35mhttp[39m: [35mGET /api/auth/profile 401 69 - 0.097 ms anonymous[39m
2026-02-08 17:43:03:433 [31merror[39m: [31mAuthentication error: jwt expired[39m
2026-02-08 17:43:03:433 [35mhttp[39m: [35mGET /api/auth/profile 401 69 - 11.443 ms anonymous[39m
2026-02-08 17:43:03:433 [35mhttp[39m: [35mGET /api/auth/profile 401 69 - 0.337 ms anonymous[39m
2026-02-08 17:43:03:433 [35mhttp[39m: [35mGET /api/auth/profile 401 69 - 0.150 ms anonymous[39m
2026-02-08 17:43:04:434 [31merror[39m: [31mAuthentication error: jwt expired[39m
2026-02-08 17:43:04:434 [35mhttp[39m: [35mGET /api/auth/profile 401 69 - 17.023 ms anonymous[39m
2026-02-08 17:43:04:434 [35mhttp[39m: [35mGET /api/auth/profile 401 69 - 0.426 ms anonymous[39m
2026-02-08 17:43:04:434 [31merror[39m: [31mAuthentication error: jwt expired[39m
2026-02-08 17:43:04:434 [35mhttp[39m: [35mGET /api/auth/profile 401 69 - 15.492 ms anonymous[39m
2026-02-08 17:43:04:434 [35mhttp[39m: [35mGET /api/auth/profile 401 69 - 0.319 ms anonymous[39m
2026-02-08 17:43:04:434 [31merror[39m: [31mAuthentication error: jwt expired[39m
2026-02-08 17:43:04:434 [35mhttp[39m: [35mGET /api/auth/profile 401 69 - 17.143 ms anonymous[39m
2026-02-08 17:43:04:434 [35mhttp[39m: [35mGET /api/auth/profile 401 69 - 0.269 ms anonymous[39m
2026-02-08 17:43:04:434 [31merror[39m: [31mAuthentication error: jwt expired[39m
2026-02-08 17:43:04:434 [35mhttp[39m: [35mGET /api/auth/profile 401 69 - 16.609 ms anonymous[39m
2026-02-08 17:43:04:434 [35mhttp[39m: [35mGET /api/auth/profile 401 69 - 2.276 ms anonymous[39m
2026-02-08 17:43:04:434 [31merror[39m: [31mAuthentication error: jwt expired[39m
2026-02-08 17:43:04:434 [35mhttp[39m: [35mGET /api/auth/profile 401 69 - 17.503 ms anonymous[39m
2026-02-08 17:43:04:434 [35mhttp[39m: [35mGET /api/auth/profile 401 69 - 0.109 ms anonymous[39m
2026-02-08 17:43:04:434 [31merror[39m: [31mAuthentication error: jwt expired[39m
2026-02-08 17:43:04:434 [35mhttp[39m: [35mGET /api/auth/profile 401 69 - 10.925 ms anonymous[39m
2026-02-08 17:43:04:434 [35mhttp[39m: [35mGET /api/auth/profile 401 69 - 0.134 ms anonymous[39m
2026-02-08 17:43:04:434 [35mhttp[39m: [35mGET /api/auth/profile 401 69 - 0.405 ms anonymous[39m
2026-02-08 17:43:04:434 [31merror[39m: [31mAuthentication error: jwt expired[39m
2026-02-08 17:43:04:434 [35mhttp[39m: [35mGET /api/auth/profile 401 69 - 9.984 ms anonymous[39m
2026-02-08 17:43:04:434 [35mhttp[39m: [35mGET /api/auth/profile 401 69 - 0.186 ms anonymous[39m
2026-02-08 17:43:04:434 [31merror[39m: [31mAuthentication error: jwt expired[39m
2026-02-08 17:43:04:434 [35mhttp[39m: [35mGET /api/auth/profile 401 69 - 31.644 ms anonymous[39m
2026-02-08 17:43:04:434 [35mhttp[39m: [35mGET /api/auth/profile 401 69 - 0.570 ms anonymous[39m
2026-02-08 17:43:04:434 [31merror[39m: [31mAuthentication error: jwt expired[39m
2026-02-08 17:43:04:434 [35mhttp[39m: [35mGET /api/auth/profile 401 69 - 13.343 ms anonymous[39m
2026-02-08 17:43:04:434 [35mhttp[39m: [35mGET /api/auth/profile 401 69 - 0.364 ms anonymous[39m
2026-02-08 17:43:04:434 [31merror[39m: [31mAuthentication error: jwt expired[39m
2026-02-08 17:43:04:434 [35mhttp[39m: [35mGET /api/auth/profile 401 69 - 9.715 ms anonymous[39m
2026-02-08 17:43:04:434 [35mhttp[39m: [35mGET /api/auth/profile 401 69 - 0.253 ms anonymous[39m
2026-02-08 17:43:04:434 [35mhttp[39m: [35mGET /api/auth/profile 401 69 - 0.166 ms anonymous[39m
2026-02-08 17:43:04:434 [31merror[39m: [31mAuthentication error: jwt expired[39m
2026-02-08 17:43:04:434 [35mhttp[39m: [35mGET /api/auth/profile 401 69 - 10.672 ms anonymous[39m
2026-02-08 17:43:04:434 [35mhttp[39m: [35mGET /api/auth/profile 401 69 - 0.133 ms anonymous[39m
2026-02-08 17:43:04:434 [31merror[39m: [31mAuthentication error: jwt expired[39m
2026-02-08 17:43:04:434 [35mhttp[39m: [35mGET /api/auth/profile 401 69 - 21.925 ms anonymous[39m
2026-02-08 17:43:04:434 [35mhttp[39m: [35mGET /api/auth/profile 401 69 - 0.151 ms anonymous[39m
2026-02-08 17:43:04:434 [31merror[39m: [31mAuthentication error: jwt expired[39m
2026-02-08 17:43:04:434 [35mhttp[39m: [35mGET /api/auth/profile 401 69 - 20.836 ms anonymous[39m
2026-02-08 17:43:04:434 [35mhttp[39m: [35mGET /api/auth/profile 401 69 - 0.263 ms anonymous[39m
2026-02-08 17:43:04:434 [31merror[39m: [31mAuthentication error: jwt expired[39m
2026-02-08 17:43:04:434 [35mhttp[39m: [35mGET /api/auth/profile 401 69 - 17.130 ms anonymous[39m
2026-02-08 17:43:04:434 [35mhttp[39m: [35mGET /api/auth/profile 401 69 - 0.453 ms anonymous[39m
2026-02-08 17:43:04:434 [31merror[39m: [31mAuthentication error: jwt expired[39m
2026-02-08 17:43:04:434 [35mhttp[39m: [35mGET /api/auth/profile 401 69 - 10.166 ms anonymous[39m
2026-02-08 17:43:04:434 [35mhttp[39m: [35mGET /api/auth/profile 401 69 - 0.084 ms anonymous[39m
2026-02-08 17:43:04:434 [35mhttp[39m: [35mGET /api/auth/profile 401 69 - 0.598 ms anonymous[39m
2026-02-08 17:43:05:435 [31merror[39m: [31mAuthentication error: jwt expired[39m
2026-02-08 17:43:05:435 [35mhttp[39m: [35mGET /api/auth/profile 401 69 - 27.190 ms anonymous[39m
2026-02-08 17:43:05:435 [35mhttp[39m: [35mGET /api/auth/profile 401 69 - 0.329 ms anonymous[39m
2026-02-08 17:43:05:435 [31merror[39m: [31mAuthentication error: jwt expired[39m
2026-02-08 17:43:05:435 [35mhttp[39m: [35mGET /api/auth/profile 401 69 - 11.601 ms anonymous[39m
2026-02-08 17:43:05:435 [35mhttp[39m: [35mGET /api/auth/profile 401 69 - 0.518 ms anonymous[39m
2026-02-08 17:43:05:435 [31merror[39m: [31mAuthentication error: jwt expired[39m
2026-02-08 17:43:05:435 [35mhttp[39m: [35mGET /api/auth/profile 401 69 - 19.033 ms anonymous[39m
2026-02-08 17:43:05:435 [35mhttp[39m: [35mGET /api/auth/profile 401 69 - 0.097 ms anonymous[39m
2026-02-08 17:43:05:435 [35mhttp[39m: [35mGET /api/auth/profile 401 69 - 0.138 ms anonymous[39m
2026-02-08 17:43:05:435 [31merror[39m: [31mAuthentication error: jwt expired[39m
2026-02-08 17:43:05:435 [35mhttp[39m: [35mGET /api/auth/profile 401 69 - 21.567 ms anonymous[39m
2026-02-08 17:43:05:435 [35mhttp[39m: [35mGET /api/auth/profile 401 69 - 0.598 ms anonymous[39m
2026-02-08 17:43:05:435 [31merror[39m: [31mAuthentication error: jwt expired[39m
2026-02-08 17:43:05:435 [35mhttp[39m: [35mGET /api/auth/profile 401 69 - 19.808 ms anonymous[39m
2026-02-08 17:43:05:435 [35mhttp[39m: [35mGET /api/auth/profile 401 69 - 0.429 ms anonymous[39m
2026-02-08 17:43:05:435 [31merror[39m: [31mAuthentication error: jwt expired[39m
2026-02-08 17:43:05:435 [35mhttp[39m: [35mGET /api/auth/profile 401 69 - 11.803 ms anonymous[39m
2026-02-08 17:43:05:435 [35mhttp[39m: [35mGET /api/auth/profile 401 69 - 0.156 ms anonymous[39m
2026-02-08 17:43:05:435 [35mhttp[39m: [35mGET /api/auth/profile 401 69 - 0.187 ms anonymous[39m
2026-02-08 17:43:05:435 [31merror[39m: [31mAuthentication error: jwt expired[39m
2026-02-08 17:43:05:435 [35mhttp[39m: [35mGET /api/auth/profile 401 69 - 14.303 ms anonymous[39m
2026-02-08 17:43:05:435 [35mhttp[39m: [35mGET /api/auth/profile 401 69 - 0.138 ms anonymous[39m
2026-02-08 17:43:05:435 [31merror[39m: [31mAuthentication error: jwt expired[39m
2026-02-08 17:43:05:435 [35mhttp[39m: [35mGET /api/auth/profile 401 69 - 15.653 ms anonymous[39m
2026-02-08 17:43:05:435 [35mhttp[39m: [35mGET /api/auth/profile 401 69 - 0.492 ms anonymous[39m
2026-02-08 17:43:05:435 [31merror[39m: [31mAuthentication error: jwt expired[39m
2026-02-08 17:43:05:435 [35mhttp[39m: [35mGET /api/auth/profile 401 69 - 18.074 ms anonymous[39m
2026-02-08 17:43:05:435 [35mhttp[39m: [35mGET /api/auth/profile 401 69 - 0.451 ms anonymous[39m
2026-02-08 17:43:05:435 [31merror[39m: [31mAuthentication error: jwt expired[39m
2026-02-08 17:43:05:435 [35mhttp[39m: [35mGET /api/auth/profile 401 69 - 14.324 ms anonymous[39m
2026-02-08 17:43:05:435 [35mhttp[39m: [35mGET /api/auth/profile 401 69 - 0.143 ms anonymous[39m
2026-02-08 17:43:05:435 [31merror[39m: [31mAuthentication error: jwt expired[39m
2026-02-08 17:43:05:435 [35mhttp[39m: [35mGET /api/auth/profile 401 69 - 10.733 ms anonymous[39m
2026-02-08 17:43:05:435 [35mhttp[39m: [35mGET /api/auth/profile 401 69 - 0.528 ms anonymous[39m
2026-02-08 17:43:05:435 [35mhttp[39m: [35mGET /api/auth/profile 401 69 - 0.162 ms anonymous[39m
2026-02-08 17:43:05:435 [31merror[39m: [31mAuthentication error: jwt expired[39m
2026-02-08 17:43:05:435 [35mhttp[39m: [35mGET /api/auth/profile 401 69 - 11.536 ms anonymous[39m
2026-02-08 17:43:05:435 [35mhttp[39m: [35mGET /api/auth/profile 401 69 - 0.256 ms anonymous[39m
2026-02-08 17:43:05:435 [31merror[39m: [31mAuthentication error: jwt expired[39m
2026-02-08 17:43:05:435 [35mhttp[39m: [35mGET /api/auth/profile 401 69 - 18.298 ms anonymous[39m
2026-02-08 17:43:05:435 [35mhttp[39m: [35mGET /api/auth/profile 401 69 - 0.428 ms anonymous[39m
2026-02-08 17:43:05:435 [31merror[39m: [31mAuthentication error: jwt expired[39m
2026-02-08 17:43:05:435 [35mhttp[39m: [35mGET /api/auth/profile 401 69 - 20.782 ms anonymous[39m
2026-02-08 17:43:05:435 [35mhttp[39m: [35mGET /api/auth/profile 401 69 - 0.259 ms anonymous[39m
2026-02-08 17:43:06:436 [31merror[39m: [31mAuthentication error: jwt expired[39m
2026-02-08 17:43:06:436 [35mhttp[39m: [35mGET /api/auth/profile 401 69 - 9.480 ms anonymous[39m
2026-02-08 17:43:06:436 [35mhttp[39m: [35mGET /api/auth/profile 401 69 - 0.182 ms anonymous[39m
2026-02-08 17:43:06:436 [31merror[39m: [31mAuthentication error: jwt expired[39m
2026-02-08 17:43:06:436 [35mhttp[39m: [35mGET /api/auth/profile 401 69 - 7.041 ms anonymous[39m
2026-02-08 17:43:06:436 [35mhttp[39m: [35mGET /api/auth/profile 401 69 - 0.082 ms anonymous[39m
2026-02-08 17:43:06:436 [35mhttp[39m: [35mGET /api/auth/profile 401 69 - 0.167 ms anonymous[39m
2026-02-08 17:43:06:436 [31merror[39m: [31mAuthentication error: jwt expired[39m
2026-02-08 17:43:06:436 [35mhttp[39m: [35mGET /api/auth/profile 401 69 - 23.399 ms anonymous[39m
2026-02-08 17:43:06:436 [35mhttp[39m: [35mGET /api/auth/profile 401 69 - 0.903 ms anonymous[39m
2026-02-08 17:43:06:436 [31merror[39m: [31mAuthentication error: jwt expired[39m
2026-02-08 17:43:06:436 [35mhttp[39m: [35mGET /api/auth/profile 401 69 - 12.181 ms anonymous[39m
2026-02-08 17:43:06:436 [35mhttp[39m: [35mGET /api/auth/profile 401 69 - 0.193 ms anonymous[39m
2026-02-08 17:43:06:436 [31merror[39m: [31mAuthentication error: jwt expired[39m
2026-02-08 17:43:06:436 [35mhttp[39m: [35mGET /api/auth/profile 401 69 - 8.343 ms anonymous[39m
2026-02-08 17:43:06:436 [35mhttp[39m: [35mGET /api/auth/profile 401 69 - 0.079 ms anonymous[39m
2026-02-08 17:43:06:436 [35mhttp[39m: [35mGET /api/auth/profile 401 69 - 0.226 ms anonymous[39m
2026-02-08 17:43:06:436 [31merror[39m: [31mAuthentication error: jwt expired[39m
2026-02-08 17:43:06:436 [35mhttp[39m: [35mGET /api/auth/profile 401 69 - 10.417 ms anonymous[39m
2026-02-08 17:43:06:436 [35mhttp[39m: [35mGET /api/auth/profile 401 69 - 0.327 ms anonymous[39m
2026-02-08 17:43:06:436 [31merror[39m: [31mAuthentication error: jwt expired[39m
2026-02-08 17:43:06:436 [35mhttp[39m: [35mGET /api/auth/profile 401 69 - 17.815 ms anonymous[39m
2026-02-08 17:43:06:436 [35mhttp[39m: [35mGET /api/auth/profile 401 69 - 0.659 ms anonymous[39m
2026-02-08 17:43:06:436 [31merror[39m: [31mAuthentication error: jwt expired[39m
2026-02-08 17:43:06:436 [35mhttp[39m: [35mGET /api/auth/profile 401 69 - 20.413 ms anonymous[39m
2026-02-08 17:43:06:436 [35mhttp[39m: [35mGET /api/auth/profile 401 69 - 0.224 ms anonymous[39m
2026-02-08 17:43:06:436 [31merror[39m: [31mAuthentication error: jwt expired[39m
2026-02-08 17:43:06:436 [35mhttp[39m: [35mGET /api/auth/profile 401 69 - 10.409 ms anonymous[39m
2026-02-08 17:43:06:436 [35mhttp[39m: [35mGET /api/auth/profile 401 69 - 0.097 ms anonymous[39m
2026-02-08 17:43:06:436 [31merror[39m: [31mAuthentication error: jwt expired[39m
2026-02-08 17:43:06:436 [35mhttp[39m: [35mGET /api/auth/profile 401 69 - 9.951 ms anonymous[39m
2026-02-08 17:43:06:436 [35mhttp[39m: [35mGET /api/auth/profile 401 69 - 0.100 ms anonymous[39m
2026-02-08 17:43:06:436 [35mhttp[39m: [35mGET /api/auth/profile 401 69 - 0.148 ms anonymous[39m
2026-02-08 17:43:06:436 [31merror[39m: [31mAuthentication error: jwt expired[39m
2026-02-08 17:43:06:436 [35mhttp[39m: [35mGET /api/auth/profile 401 69 - 10.123 ms anonymous[39m
2026-02-08 17:43:06:436 [35mhttp[39m: [35mGET /api/auth/profile 401 69 - 0.359 ms anonymous[39m
2026-02-08 17:43:06:436 [31merror[39m: [31mAuthentication error: jwt expired[39m
2026-02-08 17:43:06:436 [35mhttp[39m: [35mGET /api/auth/profile 401 69 - 15.573 ms anonymous[39m
2026-02-08 17:43:06:436 [35mhttp[39m: [35mGET /api/auth/profile 401 69 - 0.453 ms anonymous[39m
2026-02-08 17:43:06:436 [31merror[39m: [31mAuthentication error: jwt expired[39m
2026-02-08 17:43:06:436 [35mhttp[39m: [35mGET /api/auth/profile 401 69 - 24.803 ms anonymous[39m
2026-02-08 17:43:06:436 [35mhttp[39m: [35mGET /api/auth/profile 401 69 - 0.150 ms anonymous[39m
2026-02-08 17:43:06:436 [31merror[39m: [31mAuthentication error: jwt expired[39m
2026-02-08 17:43:06:436 [35mhttp[39m: [35mGET /api/auth/profile 401 69 - 11.408 ms anonymous[39m
2026-02-08 17:43:06:436 [35mhttp[39m: [35mGET /api/auth/profile 401 69 - 0.094 ms anonymous[39m
2026-02-08 17:43:06:436 [35mhttp[39m: [35mGET /api/auth/profile 401 69 - 0.214 ms anonymous[39m
2026-02-08 17:43:06:436 [31merror[39m: [31mAuthentication error: jwt expired[39m
2026-02-08 17:43:07:437 [35mhttp[39m: [35mGET /api/auth/profile 401 69 - 16.323 ms anonymous[39m
2026-02-08 17:43:07:437 [35mhttp[39m: [35mGET /api/auth/profile 401 69 - 0.219 ms anonymous[39m
2026-02-08 17:43:07:437 [31merror[39m: [31mAuthentication error: jwt expired[39m
2026-02-08 17:43:07:437 [35mhttp[39m: [35mGET /api/auth/profile 401 69 - 18.725 ms anonymous[39m
2026-02-08 17:43:07:437 [35mhttp[39m: [35mGET /api/auth/profile 401 69 - 0.430 ms anonymous[39m
2026-02-08 17:43:07:437 [31merror[39m: [31mAuthentication error: jwt expired[39m
2026-02-08 17:43:07:437 [35mhttp[39m: [35mGET /api/auth/profile 401 69 - 14.200 ms anonymous[39m
2026-02-08 17:43:07:437 [35mhttp[39m: [35mGET /api/auth/profile 401 69 - 0.165 ms anonymous[39m
2026-02-08 17:43:07:437 [31merror[39m: [31mAuthentication error: jwt expired[39m
2026-02-08 17:43:07:437 [35mhttp[39m: [35mGET /api/auth/profile 401 69 - 5.000 ms anonymous[39m
2026-02-08 17:43:07:437 [35mhttp[39m: [35mGET /api/auth/profile 401 69 - 0.213 ms anonymous[39m
2026-02-08 17:43:07:437 [35mhttp[39m: [35mGET /api/auth/profile 401 69 - 0.151 ms anonymous[39m
2026-02-08 17:43:07:437 [31merror[39m: [31mAuthentication error: jwt expired[39m
2026-02-08 17:43:07:437 [35mhttp[39m: [35mGET /api/auth/profile 401 69 - 21.187 ms anonymous[39m
2026-02-08 17:43:07:437 [35mhttp[39m: [35mGET /api/auth/profile 401 69 - 0.910 ms anonymous[39m
2026-02-08 17:43:07:437 [31merror[39m: [31mAuthentication error: jwt expired[39m
2026-02-08 17:43:07:437 [35mhttp[39m: [35mGET /api/auth/profile 401 69 - 18.675 ms anonymous[39m
2026-02-08 17:43:07:437 [35mhttp[39m: [35mGET /api/auth/profile 401 69 - 0.132 ms anonymous[39m
2026-02-08 17:43:07:437 [31merror[39m: [31mAuthentication error: jwt expired[39m
2026-02-08 17:43:07:437 [35mhttp[39m: [35mGET /api/auth/profile 401 69 - 12.402 ms anonymous[39m
2026-02-08 17:43:07:437 [35mhttp[39m: [35mGET /api/auth/profile 401 69 - 0.154 ms anonymous[39m
2026-02-08 17:43:07:437 [31merror[39m: [31mAuthentication error: jwt expired[39m
2026-02-08 17:43:07:437 [35mhttp[39m: [35mGET /api/auth/profile 401 69 - 9.606 ms anonymous[39m
2026-02-08 17:43:07:437 [35mhttp[39m: [35mGET /api/auth/profile 401 69 - 0.072 ms anonymous[39m
2026-02-08 17:43:07:437 [31merror[39m: [31mAuthentication error: jwt expired[39m
2026-02-08 17:43:07:437 [35mhttp[39m: [35mGET /api/auth/profile 401 69 - 23.945 ms anonymous[39m
2026-02-08 17:43:07:437 [35mhttp[39m: [35mGET /api/auth/profile 401 69 - 0.101 ms anonymous[39m
2026-02-08 17:43:07:437 [31merror[39m: [31mAuthentication error: jwt expired[39m
2026-02-08 17:43:07:437 [35mhttp[39m: [35mGET /api/auth/profile 401 69 - 6.709 ms anonymous[39m
2026-02-08 17:43:07:437 [35mhttp[39m: [35mGET /api/auth/profile 401 69 - 0.088 ms anonymous[39m
2026-02-08 17:43:07:437 [35mhttp[39m: [35mGET /api/auth/profile 401 69 - 0.179 ms anonymous[39m
2026-02-08 17:43:07:437 [31merror[39m: [31mAuthentication error: jwt expired[39m
2026-02-08 17:43:07:437 [35mhttp[39m: [35mGET /api/auth/profile 401 69 - 10.986 ms anonymous[39m
2026-02-08 17:43:07:437 [35mhttp[39m: [35mGET /api/auth/profile 401 69 - 0.172 ms anonymous[39m
2026-02-08 17:43:07:437 [31merror[39m: [31mAuthentication error: jwt expired[39m
2026-02-08 17:43:07:437 [35mhttp[39m: [35mGET /api/auth/profile 401 69 - 16.173 ms anonymous[39m
2026-02-08 17:43:07:437 [35mhttp[39m: [35mGET /api/auth/profile 401 69 - 0.574 ms anonymous[39m
2026-02-08 17:43:07:437 [31merror[39m: [31mAuthentication error: jwt expired[39m
2026-02-08 17:43:07:437 [35mhttp[39m: [35mGET /api/auth/profile 401 69 - 12.972 ms anonymous[39m
2026-02-08 17:43:07:437 [35mhttp[39m: [35mGET /api/auth/profile 401 69 - 0.535 ms anonymous[39m
2026-02-08 17:43:07:437 [31merror[39m: [31mAuthentication error: jwt expired[39m
2026-02-08 17:43:07:437 [35mhttp[39m: [35mGET /api/auth/profile 401 69 - 24.770 ms anonymous[39m
2026-02-08 17:43:07:437 [35mhttp[39m: [35mGET /api/auth/profile 401 69 - 0.266 ms anonymous[39m
2026-02-08 17:43:07:437 [31merror[39m: [31mAuthentication error: jwt expired[39m
2026-02-08 17:43:07:437 [35mhttp[39m: [35mGET /api/auth/profile 401 69 - 7.788 ms anonymous[39m
2026-02-08 17:43:07:437 [35mhttp[39m: [35mGET /api/auth/profile 401 69 - 0.128 ms anonymous[39m
2026-02-08 17:43:08:438 [35mhttp[39m: [35mGET /api/auth/profile 401 69 - 0.180 ms anonymous[39m
2026-02-08 17:43:08:438 [31merror[39m: [31mAuthentication error: jwt expired[39m
2026-02-08 17:43:08:438 [35mhttp[39m: [35mGET /api/auth/profile 401 69 - 15.567 ms anonymous[39m
2026-02-08 17:43:08:438 [35mhttp[39m: [35mGET /api/auth/profile 401 69 - 0.224 ms anonymous[39m
2026-02-08 17:43:08:438 [31merror[39m: [31mAuthentication error: jwt expired[39m
2026-02-08 17:43:08:438 [35mhttp[39m: [35mGET /api/auth/profile 401 69 - 14.265 ms anonymous[39m
2026-02-08 17:43:08:438 [35mhttp[39m: [35mGET /api/auth/profile 401 69 - 0.228 ms anonymous[39m
2026-02-08 17:43:08:438 [31merror[39m: [31mAuthentication error: jwt expired[39m
2026-02-08 17:43:08:438 [35mhttp[39m: [35mGET /api/auth/profile 401 69 - 20.109 ms anonymous[39m
2026-02-08 17:43:08:438 [35mhttp[39m: [35mGET /api/auth/profile 401 69 - 0.390 ms anonymous[39m
2026-02-08 17:43:08:438 [31merror[39m: [31mAuthentication error: jwt expired[39m
2026-02-08 17:43:08:438 [35mhttp[39m: [35mGET /api/auth/profile 401 69 - 6.672 ms anonymous[39m
2026-02-08 17:43:08:438 [35mhttp[39m: [35mGET /api/auth/profile 401 69 - 0.352 ms anonymous[39m
2026-02-08 17:43:08:438 [35mhttp[39m: [35mGET /api/auth/profile 401 69 - 0.161 ms anonymous[39m
2026-02-08 17:43:08:438 [31merror[39m: [31mAuthentication error: jwt expired[39m
2026-02-08 17:43:08:438 [35mhttp[39m: [35mGET /api/auth/profile 401 69 - 11.606 ms anonymous[39m
2026-02-08 17:43:08:438 [35mhttp[39m: [35mGET /api/auth/profile 401 69 - 0.171 ms anonymous[39m
2026-02-08 17:43:08:438 [31merror[39m: [31mAuthentication error: jwt expired[39m
2026-02-08 17:43:08:438 [35mhttp[39m: [35mGET /api/auth/profile 401 69 - 18.883 ms anonymous[39m
2026-02-08 17:43:08:438 [35mhttp[39m: [35mGET /api/auth/profile 401 69 - 0.674 ms anonymous[39m
2026-02-08 17:43:08:438 [31merror[39m: [31mAuthentication error: jwt expired[39m
2026-02-08 17:43:08:438 [35mhttp[39m: [35mGET /api/auth/profile 401 69 - 13.245 ms anonymous[39m
2026-02-08 17:43:08:438 [35mhttp[39m: [35mGET /api/auth/profile 401 69 - 1.107 ms anonymous[39m
2026-02-08 17:43:08:438 [31merror[39m: [31mAuthentication error: jwt expired[39m
2026-02-08 17:43:08:438 [35mhttp[39m: [35mGET /api/auth/profile 401 69 - 19.495 ms anonymous[39m
2026-02-08 17:43:08:438 [35mhttp[39m: [35mGET /api/auth/profile 401 69 - 0.134 ms anonymous[39m
2026-02-08 17:43:08:438 [31merror[39m: [31mAuthentication error: jwt expired[39m
2026-02-08 17:43:08:438 [35mhttp[39m: [35mGET /api/auth/profile 401 69 - 10.776 ms anonymous[39m
2026-02-08 17:43:08:438 [35mhttp[39m: [35mGET /api/auth/profile 401 69 - 0.113 ms anonymous[39m
2026-02-08 17:43:08:438 [31merror[39m: [31mAuthentication error: jwt expired[39m
2026-02-08 17:43:08:438 [35mhttp[39m: [35mGET /api/auth/profile 401 69 - 6.422 ms anonymous[39m
2026-02-08 17:43:08:438 [35mhttp[39m: [35mGET /api/auth/profile 401 69 - 0.124 ms anonymous[39m
2026-02-08 17:43:08:438 [31merror[39m: [31mAuthentication error: jwt expired[39m
2026-02-08 17:43:08:438 [35mhttp[39m: [35mGET /api/auth/profile 401 69 - 10.494 ms anonymous[39m
2026-02-08 17:43:08:438 [35mhttp[39m: [35mGET /api/auth/profile 401 69 - 0.093 ms anonymous[39m
2026-02-08 17:43:08:438 [31merror[39m: [31mAuthentication error: jwt expired[39m
2026-02-08 17:43:08:438 [35mhttp[39m: [35mGET /api/auth/profile 401 69 - 16.288 ms anonymous[39m
2026-02-08 17:43:08:438 [35mhttp[39m: [35mGET /api/auth/profile 401 69 - 0.225 ms anonymous[39m
2026-02-08 17:43:08:438 [35mhttp[39m: [35mGET /api/auth/profile 401 69 - 0.360 ms anonymous[39m
2026-02-08 17:43:08:438 [31merror[39m: [31mAuthentication error: jwt expired[39m
2026-02-08 17:43:08:438 [35mhttp[39m: [35mGET /api/auth/profile 401 69 - 25.073 ms anonymous[39m
2026-02-08 17:43:08:438 [35mhttp[39m: [35mGET /api/auth/profile 401 69 - 0.169 ms anonymous[39m
2026-02-08 17:43:08:438 [31merror[39m: [31mAuthentication error: jwt expired[39m
2026-02-08 17:43:08:438 [35mhttp[39m: [35mGET /api/auth/profile 401 69 - 17.392 ms anonymous[39m
2026-02-08 17:43:09:439 [35mhttp[39m: [35mGET /api/auth/profile 401 69 - 0.404 ms anonymous[39m
2026-02-08 17:43:09:439 [31merror[39m: [31mAuthentication error: jwt expired[39m
2026-02-08 17:43:09:439 [35mhttp[39m: [35mGET /api/auth/profile 401 69 - 12.405 ms anonymous[39m
2026-02-08 17:43:09:439 [35mhttp[39m: [35mGET /api/auth/profile 401 69 - 0.351 ms anonymous[39m
2026-02-08 17:43:09:439 [31merror[39m: [31mAuthentication error: jwt expired[39m
2026-02-08 17:43:09:439 [35mhttp[39m: [35mGET /api/auth/profile 401 69 - 36.190 ms anonymous[39m
2026-02-08 17:43:09:439 [35mhttp[39m: [35mGET /api/auth/profile 401 69 - 0.134 ms anonymous[39m
2026-02-08 17:43:09:439 [31merror[39m: [31mAuthentication error: jwt expired[39m
2026-02-08 17:43:09:439 [35mhttp[39m: [35mGET /api/auth/profile 401 69 - 17.154 ms anonymous[39m
2026-02-08 17:43:09:439 [35mhttp[39m: [35mGET /api/auth/profile 401 69 - 0.660 ms anonymous[39m
2026-02-08 17:43:09:439 [31merror[39m: [31mAuthentication error: jwt expired[39m
2026-02-08 17:43:09:439 [35mhttp[39m: [35mGET /api/auth/profile 401 69 - 13.580 ms anonymous[39m
2026-02-08 17:43:09:439 [35mhttp[39m: [35mGET /api/auth/profile 401 69 - 0.106 ms anonymous[39m
2026-02-08 17:43:09:439 [35mhttp[39m: [35mGET /api/auth/profile 401 69 - 0.179 ms anonymous[39m
2026-02-08 17:43:09:439 [31merror[39m: [31mAuthentication error: jwt expired[39m
2026-02-08 17:43:09:439 [35mhttp[39m: [35mGET /api/auth/profile 401 69 - 16.927 ms anonymous[39m
2026-02-08 17:43:09:439 [35mhttp[39m: [35mGET /api/auth/profile 401 69 - 0.252 ms anonymous[39m
2026-02-08 17:43:09:439 [31merror[39m: [31mAuthentication error: jwt expired[39m
2026-02-08 17:43:09:439 [35mhttp[39m: [35mGET /api/auth/profile 401 69 - 24.522 ms anonymous[39m
2026-02-08 17:43:09:439 [35mhttp[39m: [35mGET /api/auth/profile 401 69 - 0.547 ms anonymous[39m
2026-02-08 17:43:09:439 [31merror[39m: [31mAuthentication error: jwt expired[39m
2026-02-08 17:43:09:439 [35mhttp[39m: [35mGET /api/auth/profile 401 69 - 16.116 ms anonymous[39m
2026-02-08 17:43:09:439 [35mhttp[39m: [35mGET /api/auth/profile 401 69 - 0.147 ms anonymous[39m
2026-02-08 17:43:09:439 [31merror[39m: [31mAuthentication error: jwt expired[39m
2026-02-08 17:43:09:439 [35mhttp[39m: [35mGET /api/auth/profile 401 69 - 9.581 ms anonymous[39m
2026-02-08 17:43:09:439 [35mhttp[39m: [35mGET /api/auth/profile 401 69 - 0.082 ms anonymous[39m
2026-02-08 17:43:09:439 [35mhttp[39m: [35mGET /api/auth/profile 401 69 - 0.470 ms anonymous[39m
2026-02-08 17:43:09:439 [31merror[39m: [31mAuthentication error: jwt expired[39m
2026-02-08 17:43:09:439 [35mhttp[39m: [35mGET /api/auth/profile 401 69 - 16.301 ms anonymous[39m
2026-02-08 17:43:09:439 [35mhttp[39m: [35mGET /api/auth/profile 401 69 - 6.522 ms anonymous[39m
2026-02-08 17:43:09:439 [35mhttp[39m: [35mGET /api/auth/profile 401 69 - 0.856 ms anonymous[39m
2026-02-08 17:43:09:439 [31merror[39m: [31mAuthentication error: jwt expired[39m
2026-02-08 17:43:09:439 [35mhttp[39m: [35mGET /api/auth/profile 401 69 - 12.567 ms anonymous[39m
2026-02-08 17:43:09:439 [35mhttp[39m: [35mGET /api/auth/profile 401 69 - 0.311 ms anonymous[39m
2026-02-08 17:43:09:439 [35mhttp[39m: [35mGET /api/auth/profile 401 69 - 0.275 ms anonymous[39m
2026-02-08 17:43:09:439 [31merror[39m: [31mAuthentication error: jwt expired[39m
2026-02-08 17:43:09:439 [35mhttp[39m: [35mGET /api/auth/profile 401 69 - 12.346 ms anonymous[39m
2026-02-08 17:43:10:4310 [35mhttp[39m: [35mGET /api/auth/profile 401 69 - 0.822 ms anonymous[39m
2026-02-08 17:43:10:4310 [31merror[39m: [31mAuthentication error: jwt expired[39m
2026-02-08 17:43:10:4310 [35mhttp[39m: [35mGET /api/auth/profile 401 69 - 14.083 ms anonymous[39m
2026-02-08 17:43:10:4310 [35mhttp[39m: [35mGET /api/auth/profile 401 69 - 0.435 ms anonymous[39m
2026-02-08 17:43:10:4310 [31merror[39m: [31mAuthentication error: jwt expired[39m
2026-02-08 17:43:10:4310 [35mhttp[39m: [35mGET /api/auth/profile 401 69 - 17.407 ms anonymous[39m
2026-02-08 17:43:10:4310 [35mhttp[39m: [35mGET /api/auth/profile 401 69 - 0.346 ms anonymous[39m
2026-02-08 17:43:10:4310 [31merror[39m: [31mAuthentication error: jwt expired[39m
2026-02-08 17:43:10:4310 [35mhttp[39m: [35mGET /api/auth/profile 401 69 - 10.778 ms anonymous[39m
2026-02-08 17:43:10:4310 [35mhttp[39m: [35mGET /api/auth/profile 401 69 - 0.263 ms anonymous[39m
2026-02-08 17:43:10:4310 [31merror[39m: [31mAuthentication error: jwt expired[39m
2026-02-08 17:43:10:4310 [35mhttp[39m: [35mGET /api/auth/profile 401 69 - 8.409 ms anonymous[39m
2026-02-08 17:43:10:4310 [35mhttp[39m: [35mGET /api/auth/profile 401 69 - 0.139 ms anonymous[39m
2026-02-08 17:43:10:4310 [31merror[39m: [31mAuthentication error: jwt expired[39m
2026-02-08 17:43:10:4310 [35mhttp[39m: [35mGET /api/auth/profile 401 69 - 8.015 ms anonymous[39m
2026-02-08 17:43:10:4310 [35mhttp[39m: [35mGET /api/auth/profile 401 69 - 0.091 ms anonymous[39m
2026-02-08 17:43:10:4310 [35mhttp[39m: [35mGET /api/auth/profile 401 69 - 0.445 ms anonymous[39m
2026-02-08 17:43:10:4310 [31merror[39m: [31mAuthentication error: jwt expired[39m
2026-02-08 17:43:10:4310 [35mhttp[39m: [35mGET /api/auth/profile 401 69 - 16.249 ms anonymous[39m
2026-02-08 17:43:10:4310 [35mhttp[39m: [35mGET /api/auth/profile 401 69 - 0.331 ms anonymous[39m
2026-02-08 17:43:10:4310 [31merror[39m: [31mAuthentication error: jwt expired[39m
2026-02-08 17:43:10:4310 [35mhttp[39m: [35mGET /api/auth/profile 401 69 - 19.297 ms anonymous[39m
2026-02-08 17:43:10:4310 [35mhttp[39m: [35mGET /api/auth/profile 401 69 - 0.608 ms anonymous[39m
2026-02-08 17:43:10:4310 [31merror[39m: [31mAuthentication error: jwt expired[39m
2026-02-08 17:43:10:4310 [35mhttp[39m: [35mGET /api/auth/profile 401 69 - 9.353 ms anonymous[39m
2026-02-08 17:43:10:4310 [35mhttp[39m: [35mGET /api/auth/profile 401 69 - 0.131 ms anonymous[39m
2026-02-08 17:43:10:4310 [31merror[39m: [31mAuthentication error: jwt expired[39m
2026-02-08 17:43:10:4310 [35mhttp[39m: [35mGET /api/auth/profile 401 69 - 9.832 ms anonymous[39m
2026-02-08 17:43:10:4310 [35mhttp[39m: [35mGET /api/auth/profile 401 69 - 0.125 ms anonymous[39m
2026-02-08 17:43:10:4310 [31merror[39m: [31mAuthentication error: jwt expired[39m
2026-02-08 17:43:10:4310 [35mhttp[39m: [35mGET /api/auth/profile 401 69 - 7.492 ms anonymous[39m
2026-02-08 17:43:10:4310 [35mhttp[39m: [35mGET /api/auth/profile 401 69 - 0.090 ms anonymous[39m
2026-02-08 17:43:10:4310 [31merror[39m: [31mAuthentication error: jwt expired[39m
2026-02-08 17:43:10:4310 [35mhttp[39m: [35mGET /api/auth/profile 401 69 - 19.791 ms anonymous[39m
2026-02-08 17:43:10:4310 [35mhttp[39m: [35mGET /api/auth/profile 401 69 - 0.328 ms anonymous[39m
2026-02-08 17:43:10:4310 [31merror[39m: [31mAuthentication error: jwt expired[39m
2026-02-08 17:43:10:4310 [35mhttp[39m: [35mGET /api/auth/profile 401 69 - 10.382 ms anonymous[39m
2026-02-08 17:43:10:4310 [35mhttp[39m: [35mGET /api/auth/profile 401 69 - 0.766 ms anonymous[39m
2026-02-08 17:43:10:4310 [31merror[39m: [31mAuthentication error: jwt expired[39m
2026-02-08 17:43:10:4310 [35mhttp[39m: [35mGET /api/auth/profile 401 69 - 7.920 ms anonymous[39m
2026-02-08 17:43:10:4310 [35mhttp[39m: [35mGET /api/auth/profile 401 69 - 0.093 ms anonymous[39m
2026-02-08 17:43:10:4310 [35mhttp[39m: [35mGET /api/auth/profile 401 69 - 0.426 ms anonymous[39m
2026-02-08 17:43:10:4310 [31merror[39m: [31mAuthentication error: jwt expired[39m
2026-02-08 17:43:10:4310 [35mhttp[39m: [35mGET /api/auth/profile 401 69 - 23.466 ms anonymous[39m
2026-02-08 17:43:10:4310 [35mhttp[39m: [35mGET /api/auth/profile 401 69 - 0.404 ms anonymous[39m
2026-02-08 17:43:10:4310 [31merror[39m: [31mAuthentication error: jwt expired[39m
2026-02-08 17:43:10:4310 [35mhttp[39m: [35mGET /api/auth/profile 401 69 - 24.107 ms anonymous[39m
2026-02-08 17:43:10:4310 [35mhttp[39m: [35mGET /api/auth/profile 401 69 - 1.124 ms anonymous[39m
2026-02-08 17:43:11:4311 [31merror[39m: [31mAuthentication error: jwt expired[39m
2026-02-08 17:43:11:4311 [35mhttp[39m: [35mGET /api/auth/profile 401 69 - 22.077 ms anonymous[39m
2026-02-08 17:43:11:4311 [35mhttp[39m: [35mGET /api/auth/profile 401 69 - 0.661 ms anonymous[39m
2026-02-08 17:43:11:4311 [31merror[39m: [31mAuthentication error: jwt expired[39m
2026-02-08 17:43:11:4311 [35mhttp[39m: [35mGET /api/auth/profile 401 69 - 17.381 ms anonymous[39m
2026-02-08 17:43:11:4311 [35mhttp[39m: [35mGET /api/auth/profile 401 69 - 4.229 ms anonymous[39m
2026-02-08 17:43:11:4311 [31merror[39m: [31mAuthentication error: jwt expired[39m
2026-02-08 17:43:11:4311 [35mhttp[39m: [35mGET /api/auth/profile 401 69 - 15.158 ms anonymous[39m
2026-02-08 17:43:11:4311 [35mhttp[39m: [35mGET /api/auth/profile 401 69 - 0.113 ms anonymous[39m
2026-02-08 17:43:11:4311 [35mhttp[39m: [35mGET /api/auth/profile 401 69 - 0.271 ms anonymous[39m
2026-02-08 17:43:11:4311 [31merror[39m: [31mAuthentication error: jwt expired[39m
2026-02-08 17:43:11:4311 [35mhttp[39m: [35mGET /api/auth/profile 401 69 - 28.871 ms anonymous[39m
2026-02-08 17:43:11:4311 [35mhttp[39m: [35mGET /api/auth/profile 401 69 - 0.352 ms anonymous[39m
2026-02-08 17:43:11:4311 [31merror[39m: [31mAuthentication error: jwt expired[39m
2026-02-08 17:43:11:4311 [35mhttp[39m: [35mGET /api/auth/profile 401 69 - 16.139 ms anonymous[39m
2026-02-08 17:43:11:4311 [35mhttp[39m: [35mGET /api/auth/profile 401 69 - 0.446 ms anonymous[39m
2026-02-08 17:43:11:4311 [31merror[39m: [31mAuthentication error: jwt expired[39m
2026-02-08 17:43:11:4311 [35mhttp[39m: [35mGET /api/auth/profile 401 69 - 8.594 ms anonymous[39m
2026-02-08 17:43:11:4311 [35mhttp[39m: [35mGET /api/auth/profile 401 69 - 0.075 ms anonymous[39m
2026-02-08 17:43:11:4311 [31merror[39m: [31mAuthentication error: jwt expired[39m
2026-02-08 17:43:11:4311 [35mhttp[39m: [35mGET /api/auth/profile 401 69 - 7.746 ms anonymous[39m
2026-02-08 17:43:11:4311 [35mhttp[39m: [35mGET /api/auth/profile 401 69 - 0.076 ms anonymous[39m
2026-02-08 17:43:11:4311 [31merror[39m: [31mAuthentication error: jwt expired[39m
2026-02-08 17:43:11:4311 [35mhttp[39m: [35mGET /api/auth/profile 401 69 - 7.672 ms anonymous[39m
2026-02-08 17:43:11:4311 [35mhttp[39m: [35mGET /api/auth/profile 401 69 - 0.092 ms anonymous[39m
2026-02-08 17:43:11:4311 [31merror[39m: [31mAuthentication error: jwt expired[39m
2026-02-08 17:43:11:4311 [35mhttp[39m: [35mGET /api/auth/profile 401 69 - 28.398 ms anonymous[39m
2026-02-08 17:43:11:4311 [35mhttp[39m: [35mGET /api/auth/profile 401 69 - 0.581 ms anonymous[39m
2026-02-08 17:43:11:4311 [31merror[39m: [31mAuthentication error: jwt expired[39m
2026-02-08 17:43:11:4311 [35mhttp[39m: [35mGET /api/auth/profile 401 69 - 8.652 ms anonymous[39m
2026-02-08 17:43:11:4311 [35mhttp[39m: [35mGET /api/auth/profile 401 69 - 0.090 ms anonymous[39m
2026-02-08 17:43:11:4311 [31merror[39m: [31mAuthentication error: jwt expired[39m
2026-02-08 17:43:11:4311 [35mhttp[39m: [35mGET /api/auth/profile 401 69 - 5.787 ms anonymous[39m
2026-02-08 17:43:11:4311 [35mhttp[39m: [35mGET /api/auth/profile 401 69 - 0.176 ms anonymous[39m
2026-02-08 17:43:11:4311 [31merror[39m: [31mAuthentication error: jwt expired[39m
2026-02-08 17:43:11:4311 [35mhttp[39m: [35mGET /api/auth/profile 401 69 - 9.272 ms anonymous[39m
2026-02-08 17:43:11:4311 [35mhttp[39m: [35mGET /api/auth/profile 401 69 - 0.134 ms anonymous[39m
2026-02-08 17:43:11:4311 [35mhttp[39m: [35mGET /api/auth/profile 401 69 - 0.143 ms anonymous[39m
2026-02-08 17:43:11:4311 [31merror[39m: [31mAuthentication error: jwt expired[39m
2026-02-08 17:43:11:4311 [35mhttp[39m: [35mGET /api/auth/profile 401 69 - 9.298 ms anonymous[39m
2026-02-08 17:43:11:4311 [35mhttp[39m: [35mGET /api/auth/profile 401 69 - 1.050 ms anonymous[39m
2026-02-08 17:43:11:4311 [31merror[39m: [31mAuthentication error: jwt expired[39m
2026-02-08 17:43:11:4311 [35mhttp[39m: [35mGET /api/auth/profile 401 69 - 18.492 ms anonymous[39m
2026-02-08 17:43:12:4312 [35mhttp[39m: [35mGET /api/auth/profile 401 69 - 0.309 ms anonymous[39m
2026-02-08 17:43:12:4312 [31merror[39m: [31mAuthentication error: jwt expired[39m
2026-02-08 17:43:12:4312 [35mhttp[39m: [35mGET /api/auth/profile 401 69 - 15.772 ms anonymous[39m
2026-02-08 17:43:12:4312 [35mhttp[39m: [35mGET /api/auth/profile 401 69 - 0.383 ms anonymous[39m
2026-02-08 17:43:12:4312 [31merror[39m: [31mAuthentication error: jwt expired[39m
2026-02-08 17:43:12:4312 [35mhttp[39m: [35mGET /api/auth/profile 401 69 - 10.614 ms anonymous[39m
2026-02-08 17:43:12:4312 [35mhttp[39m: [35mGET /api/auth/profile 401 69 - 0.207 ms anonymous[39m
2026-02-08 17:43:12:4312 [31merror[39m: [31mAuthentication error: jwt expired[39m
2026-02-08 17:43:12:4312 [35mhttp[39m: [35mGET /api/auth/profile 401 69 - 10.742 ms anonymous[39m
2026-02-08 17:43:12:4312 [35mhttp[39m: [35mGET /api/auth/profile 401 69 - 0.120 ms anonymous[39m
2026-02-08 17:43:12:4312 [31merror[39m: [31mAuthentication error: jwt expired[39m
2026-02-08 17:43:12:4312 [35mhttp[39m: [35mGET /api/auth/profile 401 69 - 9.572 ms anonymous[39m
2026-02-08 17:43:12:4312 [35mhttp[39m: [35mGET /api/auth/profile 401 69 - 0.105 ms anonymous[39m
2026-02-08 17:43:12:4312 [31merror[39m: [31mAuthentication error: jwt expired[39m
2026-02-08 17:43:12:4312 [35mhttp[39m: [35mGET /api/auth/profile 401 69 - 7.543 ms anonymous[39m
2026-02-08 17:43:12:4312 [35mhttp[39m: [35mGET /api/auth/profile 401 69 - 0.081 ms anonymous[39m
2026-02-08 17:43:12:4312 [31merror[39m: [31mAuthentication error: jwt expired[39m
2026-02-08 17:43:12:4312 [35mhttp[39m: [35mGET /api/auth/profile 401 69 - 10.915 ms anonymous[39m
2026-02-08 17:43:12:4312 [35mhttp[39m: [35mGET /api/auth/profile 401 69 - 0.302 ms anonymous[39m
2026-02-08 17:43:12:4312 [35mhttp[39m: [35mGET /api/auth/profile 401 69 - 0.254 ms anonymous[39m
2026-02-08 17:43:12:4312 [31merror[39m: [31mAuthentication error: jwt expired[39m
2026-02-08 17:43:12:4312 [35mhttp[39m: [35mGET /api/auth/profile 401 69 - 15.207 ms anonymous[39m
2026-02-08 17:43:12:4312 [35mhttp[39m: [35mGET /api/auth/profile 401 69 - 0.421 ms anonymous[39m
2026-02-08 17:43:12:4312 [31merror[39m: [31mAuthentication error: jwt expired[39m
2026-02-08 17:43:12:4312 [35mhttp[39m: [35mGET /api/auth/profile 401 69 - 18.837 ms anonymous[39m
2026-02-08 17:43:12:4312 [35mhttp[39m: [35mGET /api/auth/profile 401 69 - 2.705 ms anonymous[39m
2026-02-08 17:43:12:4312 [31merror[39m: [31mAuthentication error: jwt expired[39m
2026-02-08 17:43:12:4312 [35mhttp[39m: [35mGET /api/auth/profile 401 69 - 13.301 ms anonymous[39m
2026-02-08 17:43:12:4312 [35mhttp[39m: [35mGET /api/auth/profile 401 69 - 0.134 ms anonymous[39m
2026-02-08 17:43:12:4312 [31merror[39m: [31mAuthentication error: jwt expired[39m
2026-02-08 17:43:12:4312 [35mhttp[39m: [35mGET /api/auth/profile 401 69 - 11.244 ms anonymous[39m
2026-02-08 17:43:12:4312 [35mhttp[39m: [35mGET /api/auth/profile 401 69 - 0.103 ms anonymous[39m
2026-02-08 17:43:12:4312 [35mhttp[39m: [35mGET /api/auth/profile 401 69 - 0.140 ms anonymous[39m
2026-02-08 17:43:12:4312 [31merror[39m: [31mAuthentication error: jwt expired[39m
2026-02-08 17:43:12:4312 [35mhttp[39m: [35mGET /api/auth/profile 401 69 - 12.596 ms anonymous[39m
2026-02-08 17:43:12:4312 [35mhttp[39m: [35mGET /api/auth/profile 401 69 - 0.477 ms anonymous[39m
2026-02-08 17:43:12:4312 [31merror[39m: [31mAuthentication error: jwt expired[39m
2026-02-08 17:43:12:4312 [35mhttp[39m: [35mGET /api/auth/profile 401 69 - 16.532 ms anonymous[39m
2026-02-08 17:43:12:4312 [35mhttp[39m: [35mGET /api/auth/profile 401 69 - 0.604 ms anonymous[39m
2026-02-08 17:43:12:4312 [31merror[39m: [31mAuthentication error: jwt expired[39m
2026-02-08 17:43:12:4312 [35mhttp[39m: [35mGET /api/auth/profile 401 69 - 15.887 ms anonymous[39m
2026-02-08 17:43:12:4312 [35mhttp[39m: [35mGET /api/auth/profile 401 69 - 0.321 ms anonymous[39m
2026-02-08 17:43:12:4312 [31merror[39m: [31mAuthentication error: jwt expired[39m
2026-02-08 17:43:12:4312 [35mhttp[39m: [35mGET /api/auth/profile 401 69 - 14.947 ms anonymous[39m
2026-02-08 17:43:12:4312 [35mhttp[39m: [35mGET /api/auth/profile 401 69 - 0.303 ms anonymous[39m
2026-02-08 17:43:12:4312 [35mhttp[39m: [35mGET /api/auth/profile 401 69 - 0.291 ms anonymous[39m
2026-02-08 17:43:12:4312 [31merror[39m: [31mAuthentication error: jwt expired[39m
2026-02-08 17:43:13:4313 [35mhttp[39m: [35mGET /api/auth/profile 401 69 - 10.903 ms anonymous[39m
2026-02-08 17:43:13:4313 [35mhttp[39m: [35mGET /api/auth/profile 401 69 - 0.351 ms anonymous[39m
2026-02-08 17:43:13:4313 [31merror[39m: [31mAuthentication error: jwt expired[39m
2026-02-08 17:43:13:4313 [35mhttp[39m: [35mGET /api/auth/profile 401 69 - 15.532 ms anonymous[39m
2026-02-08 17:43:13:4313 [35mhttp[39m: [35mGET /api/auth/profile 401 69 - 0.660 ms anonymous[39m
2026-02-08 17:43:13:4313 [31merror[39m: [31mAuthentication error: jwt expired[39m
2026-02-08 17:43:13:4313 [35mhttp[39m: [35mGET /api/auth/profile 401 69 - 17.500 ms anonymous[39m
2026-02-08 17:43:13:4313 [35mhttp[39m: [35mGET /api/auth/profile 401 69 - 0.710 ms anonymous[39m
2026-02-08 17:43:13:4313 [31merror[39m: [31mAuthentication error: jwt expired[39m
2026-02-08 17:43:13:4313 [35mhttp[39m: [35mGET /api/auth/profile 401 69 - 11.133 ms anonymous[39m
2026-02-08 17:43:13:4313 [35mhttp[39m: [35mGET /api/auth/profile 401 69 - 0.108 ms anonymous[39m
2026-02-08 17:43:13:4313 [31merror[39m: [31mAuthentication error: jwt expired[39m
2026-02-08 17:43:13:4313 [35mhttp[39m: [35mGET /api/auth/profile 401 69 - 9.050 ms anonymous[39m
2026-02-08 17:43:13:4313 [35mhttp[39m: [35mGET /api/auth/profile 401 69 - 0.775 ms anonymous[39m
2026-02-08 17:43:13:4313 [31merror[39m: [31mAuthentication error: jwt expired[39m
2026-02-08 17:43:13:4313 [35mhttp[39m: [35mGET /api/auth/profile 401 69 - 13.762 ms anonymous[39m
2026-02-08 17:43:13:4313 [35mhttp[39m: [35mGET /api/auth/profile 401 69 - 0.083 ms anonymous[39m
2026-02-08 17:43:13:4313 [35mhttp[39m: [35mGET /api/auth/profile 401 69 - 0.218 ms anonymous[39m
2026-02-08 17:43:13:4313 [31merror[39m: [31mAuthentication error: jwt expired[39m
2026-02-08 17:43:13:4313 [35mhttp[39m: [35mGET /api/auth/profile 401 69 - 14.781 ms anonymous[39m
2026-02-08 17:43:13:4313 [35mhttp[39m: [35mGET /api/auth/profile 401 69 - 0.579 ms anonymous[39m
2026-02-08 17:43:13:4313 [31merror[39m: [31mAuthentication error: jwt expired[39m
2026-02-08 17:43:13:4313 [35mhttp[39m: [35mGET /api/auth/profile 401 69 - 62.220 ms anonymous[39m
2026-02-08 17:43:13:4313 [35mhttp[39m: [35mGET /api/auth/profile 401 69 - 0.272 ms anonymous[39m
2026-02-08 17:43:13:4313 [31merror[39m: [31mAuthentication error: jwt expired[39m
2026-02-08 17:43:13:4313 [35mhttp[39m: [35mGET /api/auth/profile 401 69 - 9.208 ms anonymous[39m
2026-02-08 17:43:13:4313 [35mhttp[39m: [35mGET /api/auth/profile 401 69 - 0.099 ms anonymous[39m
2026-02-08 17:43:13:4313 [31merror[39m: [31mAuthentication error: jwt expired[39m
2026-02-08 17:43:13:4313 [35mhttp[39m: [35mGET /api/auth/profile 401 69 - 14.036 ms anonymous[39m
2026-02-08 17:43:13:4313 [35mhttp[39m: [35mGET /api/auth/profile 401 69 - 0.087 ms anonymous[39m
2026-02-08 17:43:13:4313 [31merror[39m: [31mAuthentication error: jwt expired[39m
2026-02-08 17:43:13:4313 [35mhttp[39m: [35mGET /api/auth/profile 401 69 - 16.135 ms anonymous[39m
2026-02-08 17:43:13:4313 [35mhttp[39m: [35mGET /api/auth/profile 401 69 - 0.370 ms anonymous[39m
2026-02-08 17:43:13:4313 [31merror[39m: [31mAuthentication error: jwt expired[39m
2026-02-08 17:43:13:4313 [35mhttp[39m: [35mGET /api/auth/profile 401 69 - 9.305 ms anonymous[39m
2026-02-08 17:43:13:4313 [35mhttp[39m: [35mGET /api/auth/profile 401 69 - 2.277 ms anonymous[39m
2026-02-08 17:43:13:4313 [31merror[39m: [31mAuthentication error: jwt expired[39m
2026-02-08 17:43:13:4313 [35mhttp[39m: [35mGET /api/auth/profile 401 69 - 8.265 ms anonymous[39m
2026-02-08 17:43:13:4313 [35mhttp[39m: [35mGET /api/auth/profile 401 69 - 0.082 ms anonymous[39m
2026-02-08 17:43:13:4313 [35mhttp[39m: [35mGET /api/auth/profile 401 69 - 0.640 ms anonymous[39m
2026-02-08 17:43:13:4313 [31merror[39m: [31mAuthentication error: jwt expired[39m
2026-02-08 17:43:13:4313 [35mhttp[39m: [35mGET /api/auth/profile 401 69 - 13.078 ms anonymous[39m
2026-02-08 17:43:13:4313 [35mhttp[39m: [35mGET /api/auth/profile 401 69 - 0.341 ms anonymous[39m
2026-02-08 17:43:13:4313 [31merror[39m: [31mAuthentication error: jwt expired[39m
2026-02-08 17:43:13:4313 [35mhttp[39m: [35mGET /api/auth/profile 401 69 - 17.410 ms anonymous[39m
2026-02-08 17:43:14:4314 [35mhttp[39m: [35mGET /api/auth/profile 401 69 - 0.412 ms anonymous[39m
2026-02-08 17:43:14:4314 [31merror[39m: [31mAuthentication error: jwt expired[39m
2026-02-08 17:43:14:4314 [35mhttp[39m: [35mGET /api/auth/profile 401 69 - 18.494 ms anonymous[39m
2026-02-08 17:43:14:4314 [35mhttp[39m: [35mGET /api/auth/profile 401 69 - 0.128 ms anonymous[39m
2026-02-08 17:43:14:4314 [31merror[39m: [31mAuthentication error: jwt expired[39m
2026-02-08 17:43:14:4314 [35mhttp[39m: [35mGET /api/auth/profile 401 69 - 9.402 ms anonymous[39m
2026-02-08 17:43:14:4314 [35mhttp[39m: [35mGET /api/auth/profile 401 69 - 0.820 ms anonymous[39m
2026-02-08 17:43:14:4314 [31merror[39m: [31mAuthentication error: jwt expired[39m
2026-02-08 17:43:14:4314 [35mhttp[39m: [35mGET /api/auth/profile 401 69 - 8.004 ms anonymous[39m
2026-02-08 17:43:14:4314 [35mhttp[39m: [35mGET /api/auth/profile 401 69 - 0.082 ms anonymous[39m
2026-02-08 17:43:14:4314 [31merror[39m: [31mAuthentication error: jwt expired[39m
2026-02-08 17:43:14:4314 [35mhttp[39m: [35mGET /api/auth/profile 401 69 - 9.115 ms anonymous[39m
2026-02-08 17:43:14:4314 [35mhttp[39m: [35mGET /api/auth/profile 401 69 - 0.093 ms anonymous[39m
2026-02-08 17:43:14:4314 [31merror[39m: [31mAuthentication error: jwt expired[39m
2026-02-08 17:43:14:4314 [35mhttp[39m: [35mGET /api/auth/profile 401 69 - 14.108 ms anonymous[39m
2026-02-08 17:43:14:4314 [35mhttp[39m: [35mGET /api/auth/profile 401 69 - 0.171 ms anonymous[39m
2026-02-08 17:43:14:4314 [31merror[39m: [31mAuthentication error: jwt expired[39m
2026-02-08 17:43:14:4314 [35mhttp[39m: [35mGET /api/auth/profile 401 69 - 5.551 ms anonymous[39m
2026-02-08 17:43:14:4314 [35mhttp[39m: [35mGET /api/auth/profile 401 69 - 0.107 ms anonymous[39m
2026-02-08 17:43:14:4314 [31merror[39m: [31mAuthentication error: jwt expired[39m
2026-02-08 17:43:14:4314 [35mhttp[39m: [35mGET /api/auth/profile 401 69 - 5.598 ms anonymous[39m
2026-02-08 17:43:14:4314 [35mhttp[39m: [35mGET /api/auth/profile 401 69 - 0.158 ms anonymous[39m
2026-02-08 17:43:14:4314 [35mhttp[39m: [35mGET /api/auth/profile 401 69 - 0.348 ms anonymous[39m
2026-02-08 17:43:14:4314 [31merror[39m: [31mAuthentication error: jwt expired[39m
2026-02-08 17:43:14:4314 [35mhttp[39m: [35mGET /api/auth/profile 401 69 - 11.314 ms anonymous[39m
2026-02-08 17:43:14:4314 [35mhttp[39m: [35mGET /api/auth/profile 401 69 - 0.248 ms anonymous[39m
2026-02-08 17:43:14:4314 [31merror[39m: [31mAuthentication error: jwt expired[39m
2026-02-08 17:43:14:4314 [35mhttp[39m: [35mGET /api/auth/profile 401 69 - 19.582 ms anonymous[39m
2026-02-08 17:43:14:4314 [35mhttp[39m: [35mGET /api/auth/profile 401 69 - 0.355 ms anonymous[39m
2026-02-08 17:43:14:4314 [31merror[39m: [31mAuthentication error: jwt expired[39m
2026-02-08 17:43:14:4314 [35mhttp[39m: [35mGET /api/auth/profile 401 69 - 23.415 ms anonymous[39m
2026-02-08 17:43:14:4314 [35mhttp[39m: [35mGET /api/auth/profile 401 69 - 0.144 ms anonymous[39m
2026-02-08 17:43:14:4314 [31merror[39m: [31mAuthentication error: jwt expired[39m
2026-02-08 17:43:14:4314 [35mhttp[39m: [35mGET /api/auth/profile 401 69 - 6.599 ms anonymous[39m
2026-02-08 17:43:14:4314 [35mhttp[39m: [35mGET /api/auth/profile 401 69 - 0.113 ms anonymous[39m
2026-02-08 17:43:14:4314 [31merror[39m: [31mAuthentication error: jwt expired[39m
2026-02-08 17:43:14:4314 [35mhttp[39m: [35mGET /api/auth/profile 401 69 - 9.671 ms anonymous[39m
2026-02-08 17:43:14:4314 [35mhttp[39m: [35mGET /api/auth/profile 401 69 - 0.079 ms anonymous[39m
2026-02-08 17:43:14:4314 [35mhttp[39m: [35mGET /api/auth/profile 401 69 - 0.258 ms anonymous[39m
2026-02-08 17:43:14:4314 [31merror[39m: [31mAuthentication error: jwt expired[39m
2026-02-08 17:43:14:4314 [35mhttp[39m: [35mGET /api/auth/profile 401 69 - 9.782 ms anonymous[39m
2026-02-08 17:43:14:4314 [35mhttp[39m: [35mGET /api/auth/profile 401 69 - 0.332 ms anonymous[39m
2026-02-08 17:43:14:4314 [31merror[39m: [31mAuthentication error: jwt expired[39m
2026-02-08 17:43:14:4314 [35mhttp[39m: [35mGET /api/auth/profile 401 69 - 17.469 ms anonymous[39m
2026-02-08 17:43:14:4314 [35mhttp[39m: [35mGET /api/auth/profile 401 69 - 0.571 ms anonymous[39m
2026-02-08 17:43:14:4314 [31merror[39m: [31mAuthentication error: jwt expired[39m
2026-02-08 17:43:14:4314 [35mhttp[39m: [35mGET /api/auth/profile 401 69 - 21.201 ms anonymous[39m
2026-02-08 17:43:14:4314 [35mhttp[39m: [35mGET /api/auth/profile 401 69 - 0.357 ms anonymous[39m
2026-02-08 17:43:14:4314 [31merror[39m: [31mAuthentication error: jwt expired[39m
2026-02-08 17:43:14:4314 [35mhttp[39m: [35mGET /api/auth/profile 401 69 - 14.485 ms anonymous[39m
2026-02-08 17:43:15:4315 [35mhttp[39m: [35mGET /api/auth/profile 401 69 - 0.413 ms anonymous[39m
2026-02-08 17:43:15:4315 [31merror[39m: [31mAuthentication error: jwt expired[39m
2026-02-08 17:43:15:4315 [35mhttp[39m: [35mGET /api/auth/profile 401 69 - 11.511 ms anonymous[39m
2026-02-08 17:43:15:4315 [35mhttp[39m: [35mGET /api/auth/profile 401 69 - 0.264 ms anonymous[39m
2026-02-08 17:43:15:4315 [31merror[39m: [31mAuthentication error: jwt expired[39m
2026-02-08 17:43:15:4315 [35mhttp[39m: [35mGET /api/auth/profile 401 69 - 16.330 ms anonymous[39m
2026-02-08 17:43:15:4315 [35mhttp[39m: [35mGET /api/auth/profile 401 69 - 0.274 ms anonymous[39m
2026-02-08 17:43:15:4315 [31merror[39m: [31mAuthentication error: jwt expired[39m
2026-02-08 17:43:15:4315 [35mhttp[39m: [35mGET /api/auth/profile 401 69 - 6.998 ms anonymous[39m
2026-02-08 17:43:15:4315 [35mhttp[39m: [35mGET /api/auth/profile 401 69 - 0.138 ms anonymous[39m
2026-02-08 17:43:15:4315 [35mhttp[39m: [35mGET /api/auth/profile 401 69 - 0.342 ms anonymous[39m
2026-02-08 17:43:15:4315 [31merror[39m: [31mAuthentication error: jwt expired[39m
2026-02-08 17:43:15:4315 [35mhttp[39m: [35mGET /api/auth/profile 401 69 - 23.000 ms anonymous[39m
2026-02-08 17:43:15:4315 [35mhttp[39m: [35mGET /api/auth/profile 401 69 - 0.393 ms anonymous[39m
2026-02-08 17:43:15:4315 [31merror[39m: [31mAuthentication error: jwt expired[39m
2026-02-08 17:43:15:4315 [35mhttp[39m: [35mGET /api/auth/profile 401 69 - 14.321 ms anonymous[39m
2026-02-08 17:43:15:4315 [35mhttp[39m: [35mGET /api/auth/profile 401 69 - 0.292 ms anonymous[39m
2026-02-08 17:43:15:4315 [31merror[39m: [31mAuthentication error: jwt expired[39m
2026-02-08 17:43:15:4315 [35mhttp[39m: [35mGET /api/auth/profile 401 69 - 12.429 ms anonymous[39m
2026-02-08 17:43:15:4315 [35mhttp[39m: [35mGET /api/auth/profile 401 69 - 0.140 ms anonymous[39m
2026-02-08 17:43:15:4315 [31merror[39m: [31mAuthentication error: jwt expired[39m
2026-02-08 17:43:15:4315 [35mhttp[39m: [35mGET /api/auth/profile 401 69 - 10.584 ms anonymous[39m
2026-02-08 17:43:15:4315 [35mhttp[39m: [35mGET /api/auth/profile 401 69 - 0.090 ms anonymous[39m
2026-02-08 17:43:15:4315 [35mhttp[39m: [35mGET /api/auth/profile 401 69 - 0.148 ms anonymous[39m
2026-02-08 17:43:15:4315 [31merror[39m: [31mAuthentication error: jwt expired[39m
2026-02-08 17:43:15:4315 [35mhttp[39m: [35mGET /api/auth/profile 401 69 - 10.218 ms anonymous[39m
2026-02-08 17:43:15:4315 [35mhttp[39m: [35mGET /api/auth/profile 401 69 - 0.169 ms anonymous[39m
2026-02-08 17:43:15:4315 [31merror[39m: [31mAuthentication error: jwt expired[39m
2026-02-08 17:43:15:4315 [35mhttp[39m: [35mGET /api/auth/profile 401 69 - 13.791 ms anonymous[39m
2026-02-08 17:43:15:4315 [35mhttp[39m: [35mGET /api/auth/profile 401 69 - 0.131 ms anonymous[39m
2026-02-08 17:43:15:4315 [31merror[39m: [31mAuthentication error: jwt expired[39m
2026-02-08 17:43:15:4315 [35mhttp[39m: [35mGET /api/auth/profile 401 69 - 16.094 ms anonymous[39m
2026-02-08 17:43:15:4315 [35mhttp[39m: [35mGET /api/auth/profile 401 69 - 1.131 ms anonymous[39m
2026-02-08 17:43:15:4315 [31merror[39m: [31mAuthentication error: jwt expired[39m
2026-02-08 17:43:15:4315 [35mhttp[39m: [35mGET /api/auth/profile 401 69 - 16.822 ms anonymous[39m
2026-02-08 17:43:15:4315 [35mhttp[39m: [35mGET /api/auth/profile 401 69 - 0.129 ms anonymous[39m
2026-02-08 17:43:15:4315 [31merror[39m: [31mAuthentication error: jwt expired[39m
2026-02-08 17:43:15:4315 [35mhttp[39m: [35mGET /api/auth/profile 401 69 - 13.360 ms anonymous[39m
2026-02-08 17:43:15:4315 [35mhttp[39m: [35mGET /api/auth/profile 401 69 - 0.470 ms anonymous[39m
2026-02-08 17:43:15:4315 [31merror[39m: [31mAuthentication error: jwt expired[39m
2026-02-08 17:43:15:4315 [35mhttp[39m: [35mGET /api/auth/profile 401 69 - 9.048 ms anonymous[39m
2026-02-08 17:43:15:4315 [35mhttp[39m: [35mGET /api/auth/profile 401 69 - 0.622 ms anonymous[39m
2026-02-08 17:43:15:4315 [31merror[39m: [31mAuthentication error: jwt expired[39m
2026-02-08 17:43:15:4315 [35mhttp[39m: [35mGET /api/auth/profile 401 69 - 15.241 ms anonymous[39m
2026-02-08 17:43:15:4315 [35mhttp[39m: [35mGET /api/auth/profile 401 69 - 0.129 ms anonymous[39m
2026-02-08 17:43:15:4315 [31merror[39m: [31mAuthentication error: jwt expired[39m
2026-02-08 17:43:15:4315 [35mhttp[39m: [35mGET /api/auth/profile 401 69 - 4.195 ms anonymous[39m
2026-02-08 17:43:15:4315 [35mhttp[39m: [35mGET /api/auth/profile 401 69 - 0.068 ms anonymous[39m
2026-02-08 17:43:16:4316 [35mhttp[39m: [35mGET /api/auth/profile 401 69 - 0.265 ms anonymous[39m
2026-02-08 17:43:16:4316 [31merror[39m: [31mAuthentication error: jwt expired[39m
2026-02-08 17:43:16:4316 [35mhttp[39m: [35mGET /api/auth/profile 401 69 - 13.818 ms anonymous[39m
2026-02-08 17:43:16:4316 [35mhttp[39m: [35mGET /api/auth/profile 401 69 - 0.131 ms anonymous[39m
2026-02-08 17:43:16:4316 [31merror[39m: [31mAuthentication error: jwt expired[39m
2026-02-08 17:43:16:4316 [35mhttp[39m: [35mGET /api/auth/profile 401 69 - 16.902 ms anonymous[39m
2026-02-08 17:43:16:4316 [35mhttp[39m: [35mGET /api/auth/profile 401 69 - 0.524 ms anonymous[39m
2026-02-08 17:43:16:4316 [31merror[39m: [31mAuthentication error: jwt expired[39m
2026-02-08 17:43:16:4316 [35mhttp[39m: [35mGET /api/auth/profile 401 69 - 13.067 ms anonymous[39m
2026-02-08 17:43:16:4316 [35mhttp[39m: [35mGET /api/auth/profile 401 69 - 0.745 ms anonymous[39m
2026-02-08 17:43:16:4316 [31merror[39m: [31mAuthentication error: jwt expired[39m
2026-02-08 17:43:16:4316 [35mhttp[39m: [35mGET /api/auth/profile 401 69 - 22.102 ms anonymous[39m
2026-02-08 17:43:16:4316 [35mhttp[39m: [35mGET /api/auth/profile 401 69 - 0.513 ms anonymous[39m
2026-02-08 17:43:16:4316 [31merror[39m: [31mAuthentication error: jwt expired[39m
2026-02-08 17:43:16:4316 [35mhttp[39m: [35mGET /api/auth/profile 401 69 - 11.820 ms anonymous[39m
2026-02-08 17:43:16:4316 [35mhttp[39m: [35mGET /api/auth/profile 401 69 - 0.499 ms anonymous[39m
2026-02-08 17:43:16:4316 [31merror[39m: [31mAuthentication error: jwt expired[39m
2026-02-08 17:43:16:4316 [35mhttp[39m: [35mGET /api/auth/profile 401 69 - 9.779 ms anonymous[39m
2026-02-08 17:43:16:4316 [35mhttp[39m: [35mGET /api/auth/profile 401 69 - 0.125 ms anonymous[39m
2026-02-08 17:43:16:4316 [31merror[39m: [31mAuthentication error: jwt expired[39m
2026-02-08 17:43:16:4316 [35mhttp[39m: [35mGET /api/auth/profile 401 69 - 10.422 ms anonymous[39m
2026-02-08 17:43:16:4316 [35mhttp[39m: [35mGET /api/auth/profile 401 69 - 0.364 ms anonymous[39m
2026-02-08 17:43:16:4316 [31merror[39m: [31mAuthentication error: jwt expired[39m
2026-02-08 17:43:16:4316 [35mhttp[39m: [35mGET /api/auth/profile 401 69 - 7.726 ms anonymous[39m
2026-02-08 17:43:16:4316 [35mhttp[39m: [35mGET /api/auth/profile 401 69 - 0.105 ms anonymous[39m
2026-02-08 17:43:16:4316 [31merror[39m: [31mAuthentication error: jwt expired[39m
2026-02-08 17:43:16:4316 [35mhttp[39m: [35mGET /api/auth/profile 401 69 - 14.408 ms anonymous[39m
2026-02-08 17:43:16:4316 [35mhttp[39m: [35mGET /api/auth/profile 401 69 - 0.088 ms anonymous[39m
2026-02-08 17:43:16:4316 [35mhttp[39m: [35mGET /api/auth/profile 401 69 - 0.183 ms anonymous[39m
2026-02-08 17:43:16:4316 [35mhttp[39m: [35mGET /api/auth/profile 401 69 - 0.190 ms anonymous[39m
2026-02-08 17:43:16:4316 [31merror[39m: [31mAuthentication error: jwt expired[39m
2026-02-08 17:43:16:4316 [35mhttp[39m: [35mGET /api/auth/profile 401 69 - 15.369 ms anonymous[39m
2026-02-08 17:43:16:4316 [35mhttp[39m: [35mGET /api/auth/profile 401 69 - 0.151 ms anonymous[39m
2026-02-08 17:43:16:4316 [31merror[39m: [31mAuthentication error: jwt expired[39m
2026-02-08 17:43:16:4316 [35mhttp[39m: [35mGET /api/auth/profile 401 69 - 12.088 ms anonymous[39m
2026-02-08 17:43:16:4316 [35mhttp[39m: [35mGET /api/auth/profile 401 69 - 0.342 ms anonymous[39m
2026-02-08 17:43:16:4316 [31merror[39m: [31mAuthentication error: jwt expired[39m
2026-02-08 17:43:16:4316 [35mhttp[39m: [35mGET /api/auth/profile 401 69 - 13.122 ms anonymous[39m
2026-02-08 17:43:16:4316 [35mhttp[39m: [35mGET /api/auth/profile 401 69 - 0.188 ms anonymous[39m
2026-02-08 17:43:16:4316 [31merror[39m: [31mAuthentication error: jwt expired[39m
2026-02-08 17:43:16:4316 [35mhttp[39m: [35mGET /api/auth/profile 401 69 - 5.894 ms anonymous[39m
2026-02-08 17:43:16:4316 [35mhttp[39m: [35mGET /api/auth/profile 401 69 - 0.099 ms anonymous[39m
2026-02-08 17:43:16:4316 [35mhttp[39m: [35mGET /api/auth/profile 401 69 - 0.160 ms anonymous[39m
2026-02-08 17:43:16:4316 [31merror[39m: [31mAuthentication error: jwt expired[39m
2026-02-08 17:43:16:4316 [35mhttp[39m: [35mGET /api/auth/profile 401 69 - 13.923 ms anonymous[39m
2026-02-08 17:43:16:4316 [35mhttp[39m: [35mGET /api/auth/profile 401 69 - 0.162 ms anonymous[39m
2026-02-08 17:43:16:4316 [31merror[39m: [31mAuthentication error: jwt expired[39m
2026-02-08 17:43:16:4316 [35mhttp[39m: [35mGET /api/auth/profile 401 69 - 14.736 ms anonymous[39m
2026-02-08 17:43:16:4316 [35mhttp[39m: [35mGET /api/auth/profile 401 69 - 0.300 ms anonymous[39m
2026-02-08 17:43:17:4317 [31merror[39m: [31mAuthentication error: jwt expired[39m
2026-02-08 17:43:17:4317 [35mhttp[39m: [35mGET /api/auth/profile 401 69 - 19.640 ms anonymous[39m
2026-02-08 17:43:17:4317 [35mhttp[39m: [35mGET /api/auth/profile 401 69 - 0.838 ms anonymous[39m
2026-02-08 17:43:17:4317 [31merror[39m: [31mAuthentication error: jwt expired[39m
2026-02-08 17:43:17:4317 [35mhttp[39m: [35mGET /api/auth/profile 401 69 - 9.993 ms anonymous[39m
2026-02-08 17:43:17:4317 [35mhttp[39m: [35mGET /api/auth/profile 401 69 - 0.249 ms anonymous[39m
2026-02-08 17:43:17:4317 [31merror[39m: [31mAuthentication error: jwt expired[39m
2026-02-08 17:43:17:4317 [35mhttp[39m: [35mGET /api/auth/profile 401 69 - 8.462 ms anonymous[39m
2026-02-08 17:43:17:4317 [35mhttp[39m: [35mGET /api/auth/profile 401 69 - 0.209 ms anonymous[39m
2026-02-08 17:43:17:4317 [31merror[39m: [31mAuthentication error: jwt expired[39m
2026-02-08 17:43:17:4317 [35mhttp[39m: [35mGET /api/auth/profile 401 69 - 8.985 ms anonymous[39m
2026-02-08 17:43:17:4317 [35mhttp[39m: [35mGET /api/auth/profile 401 69 - 0.096 ms anonymous[39m
2026-02-08 17:43:17:4317 [35mhttp[39m: [35mGET /api/auth/profile 401 69 - 0.163 ms anonymous[39m
2026-02-08 17:43:17:4317 [31merror[39m: [31mAuthentication error: jwt expired[39m
2026-02-08 17:43:17:4317 [35mhttp[39m: [35mGET /api/auth/profile 401 69 - 9.064 ms anonymous[39m
2026-02-08 17:43:17:4317 [35mhttp[39m: [35mGET /api/auth/profile 401 69 - 0.258 ms anonymous[39m
2026-02-08 17:43:17:4317 [31merror[39m: [31mAuthentication error: jwt expired[39m
2026-02-08 17:43:17:4317 [35mhttp[39m: [35mGET /api/auth/profile 401 69 - 15.050 ms anonymous[39m
2026-02-08 17:43:17:4317 [35mhttp[39m: [35mGET /api/auth/profile 401 69 - 0.613 ms anonymous[39m
2026-02-08 17:43:17:4317 [31merror[39m: [31mAuthentication error: jwt expired[39m
2026-02-08 17:43:17:4317 [35mhttp[39m: [35mGET /api/auth/profile 401 69 - 13.566 ms anonymous[39m
2026-02-08 17:43:17:4317 [35mhttp[39m: [35mGET /api/auth/profile 401 69 - 0.397 ms anonymous[39m
2026-02-08 17:43:17:4317 [31merror[39m: [31mAuthentication error: jwt expired[39m
2026-02-08 17:43:17:4317 [35mhttp[39m: [35mGET /api/auth/profile 401 69 - 14.734 ms anonymous[39m
2026-02-08 17:43:17:4317 [35mhttp[39m: [35mGET /api/auth/profile 401 69 - 0.292 ms anonymous[39m
2026-02-08 17:43:17:4317 [31merror[39m: [31mAuthentication error: jwt expired[39m
2026-02-08 17:43:17:4317 [35mhttp[39m: [35mGET /api/auth/profile 401 69 - 21.091 ms anonymous[39m
2026-02-08 17:43:17:4317 [35mhttp[39m: [35mGET /api/auth/profile 401 69 - 0.224 ms anonymous[39m
2026-02-08 17:43:17:4317 [31merror[39m: [31mAuthentication error: jwt expired[39m
2026-02-08 17:43:17:4317 [35mhttp[39m: [35mGET /api/auth/profile 401 69 - 11.659 ms anonymous[39m
2026-02-08 17:43:17:4317 [35mhttp[39m: [35mGET /api/auth/profile 401 69 - 0.107 ms anonymous[39m
2026-02-08 17:43:17:4317 [31merror[39m: [31mAuthentication error: jwt expired[39m
2026-02-08 17:43:17:4317 [35mhttp[39m: [35mGET /api/auth/profile 401 69 - 9.857 ms anonymous[39m
2026-02-08 17:43:17:4317 [35mhttp[39m: [35mGET /api/auth/profile 401 69 - 0.087 ms anonymous[39m
2026-02-08 17:43:17:4317 [35mhttp[39m: [35mGET /api/auth/profile 401 69 - 0.425 ms anonymous[39m
2026-02-08 17:43:17:4317 [31merror[39m: [31mAuthentication error: jwt expired[39m
2026-02-08 17:43:17:4317 [35mhttp[39m: [35mGET /api/auth/profile 401 69 - 9.859 ms anonymous[39m
2026-02-08 17:43:17:4317 [35mhttp[39m: [35mGET /api/auth/profile 401 69 - 0.121 ms anonymous[39m
2026-02-08 17:43:17:4317 [31merror[39m: [31mAuthentication error: jwt expired[39m
2026-02-08 17:43:17:4317 [35mhttp[39m: [35mGET /api/auth/profile 401 69 - 14.119 ms anonymous[39m
2026-02-08 17:43:17:4317 [35mhttp[39m: [35mGET /api/auth/profile 401 69 - 0.515 ms anonymous[39m
2026-02-08 17:43:17:4317 [31merror[39m: [31mAuthentication error: jwt expired[39m
2026-02-08 17:43:17:4317 [35mhttp[39m: [35mGET /api/auth/profile 401 69 - 15.126 ms anonymous[39m
2026-02-08 17:43:17:4317 [35mhttp[39m: [35mGET /api/auth/profile 401 69 - 0.838 ms anonymous[39m
2026-02-08 17:43:17:4317 [31merror[39m: [31mAuthentication error: jwt expired[39m
2026-02-08 17:43:17:4317 [35mhttp[39m: [35mGET /api/auth/profile 401 69 - 24.859 ms anonymous[39m
2026-02-08 17:43:17:4317 [35mhttp[39m: [35mGET /api/auth/profile 401 69 - 0.262 ms anonymous[39m
2026-02-08 17:43:17:4317 [31merror[39m: [31mAuthentication error: jwt expired[39m
2026-02-08 17:43:17:4317 [35mhttp[39m: [35mGET /api/auth/profile 401 69 - 11.445 ms anonymous[39m
2026-02-08 17:43:17:4317 [35mhttp[39m: [35mGET /api/auth/profile 401 69 - 0.223 ms anonymous[39m
2026-02-08 17:43:18:4318 [31merror[39m: [31mAuthentication error: jwt expired[39m
2026-02-08 17:43:18:4318 [35mhttp[39m: [35mGET /api/auth/profile 401 69 - 8.553 ms anonymous[39m
2026-02-08 17:43:18:4318 [35mhttp[39m: [35mGET /api/auth/profile 401 69 - 0.082 ms anonymous[39m
2026-02-08 17:43:18:4318 [31merror[39m: [31mAuthentication error: jwt expired[39m
2026-02-08 17:43:18:4318 [35mhttp[39m: [35mGET /api/auth/profile 401 69 - 7.499 ms anonymous[39m
2026-02-08 17:43:18:4318 [35mhttp[39m: [35mGET /api/auth/profile 401 69 - 0.078 ms anonymous[39m
2026-02-08 17:43:18:4318 [35mhttp[39m: [35mGET /api/auth/profile 401 69 - 1.558 ms anonymous[39m
2026-02-08 17:43:18:4318 [31merror[39m: [31mAuthentication error: jwt expired[39m
2026-02-08 17:43:18:4318 [35mhttp[39m: [35mGET /api/auth/profile 401 69 - 8.665 ms anonymous[39m
2026-02-08 17:43:18:4318 [35mhttp[39m: [35mGET /api/auth/profile 401 69 - 0.470 ms anonymous[39m
2026-02-08 17:43:18:4318 [31merror[39m: [31mAuthentication error: jwt expired[39m
2026-02-08 17:43:18:4318 [35mhttp[39m: [35mGET /api/auth/profile 401 69 - 20.055 ms anonymous[39m
2026-02-08 17:43:18:4318 [35mhttp[39m: [35mGET /api/auth/profile 401 69 - 0.403 ms anonymous[39m
2026-02-08 17:43:18:4318 [31merror[39m: [31mAuthentication error: jwt expired[39m
2026-02-08 17:43:18:4318 [35mhttp[39m: [35mGET /api/auth/profile 401 69 - 11.984 ms anonymous[39m
2026-02-08 17:43:18:4318 [35mhttp[39m: [35mGET /api/auth/profile 401 69 - 0.274 ms anonymous[39m
2026-02-08 17:43:18:4318 [31merror[39m: [31mAuthentication error: jwt expired[39m
2026-02-08 17:43:18:4318 [35mhttp[39m: [35mGET /api/auth/profile 401 69 - 6.881 ms anonymous[39m
2026-02-08 17:43:18:4318 [35mhttp[39m: [35mGET /api/auth/profile 401 69 - 0.597 ms anonymous[39m
2026-02-08 17:43:18:4318 [31merror[39m: [31mAuthentication error: jwt expired[39m
2026-02-08 17:43:18:4318 [35mhttp[39m: [35mGET /api/auth/profile 401 69 - 13.141 ms anonymous[39m
2026-02-08 17:43:18:4318 [35mhttp[39m: [35mGET /api/auth/profile 401 69 - 0.204 ms anonymous[39m
2026-02-08 17:43:18:4318 [35mhttp[39m: [35mGET /api/auth/profile 401 69 - 0.316 ms anonymous[39m
2026-02-08 17:43:18:4318 [31merror[39m: [31mAuthentication error: jwt expired[39m
2026-02-08 17:43:18:4318 [35mhttp[39m: [35mGET /api/auth/profile 401 69 - 15.046 ms anonymous[39m
2026-02-08 17:43:18:4318 [35mhttp[39m: [35mGET /api/auth/profile 401 69 - 0.130 ms anonymous[39m
2026-02-08 17:43:18:4318 [31merror[39m: [31mAuthentication error: jwt expired[39m
2026-02-08 17:43:18:4318 [35mhttp[39m: [35mGET /api/auth/profile 401 69 - 19.489 ms anonymous[39m
2026-02-08 17:43:18:4318 [35mhttp[39m: [35mGET /api/auth/profile 401 69 - 0.395 ms anonymous[39m
2026-02-08 17:43:18:4318 [31merror[39m: [31mAuthentication error: jwt expired[39m
2026-02-08 17:43:18:4318 [35mhttp[39m: [35mGET /api/auth/profile 401 69 - 16.284 ms anonymous[39m
2026-02-08 17:43:18:4318 [35mhttp[39m: [35mGET /api/auth/profile 401 69 - 0.625 ms anonymous[39m
2026-02-08 17:43:18:4318 [31merror[39m: [31mAuthentication error: jwt expired[39m
2026-02-08 17:43:18:4318 [35mhttp[39m: [35mGET /api/auth/profile 401 69 - 23.912 ms anonymous[39m
2026-02-08 17:43:18:4318 [35mhttp[39m: [35mGET /api/auth/profile 401 69 - 0.535 ms anonymous[39m
2026-02-08 17:43:18:4318 [31merror[39m: [31mAuthentication error: jwt expired[39m
2026-02-08 17:43:18:4318 [35mhttp[39m: [35mGET /api/auth/profile 401 69 - 13.799 ms anonymous[39m
2026-02-08 17:43:18:4318 [35mhttp[39m: [35mGET /api/auth/profile 401 69 - 0.265 ms anonymous[39m
2026-02-08 17:43:18:4318 [31merror[39m: [31mAuthentication error: jwt expired[39m
2026-02-08 17:43:18:4318 [35mhttp[39m: [35mGET /api/auth/profile 401 69 - 12.759 ms anonymous[39m
2026-02-08 17:43:18:4318 [35mhttp[39m: [35mGET /api/auth/profile 401 69 - 0.216 ms anonymous[39m
2026-02-08 17:43:18:4318 [31merror[39m: [31mAuthentication error: jwt expired[39m
2026-02-08 17:43:18:4318 [35mhttp[39m: [35mGET /api/auth/profile 401 69 - 6.090 ms anonymous[39m
2026-02-08 17:43:18:4318 [35mhttp[39m: [35mGET /api/auth/profile 401 69 - 0.082 ms anonymous[39m
2026-02-08 17:43:18:4318 [35mhttp[39m: [35mGET /api/auth/profile 401 69 - 0.145 ms anonymous[39m
2026-02-08 17:43:18:4318 [31merror[39m: [31mAuthentication error: jwt expired[39m
2026-02-08 17:43:18:4318 [35mhttp[39m: [35mGET /api/auth/profile 401 69 - 12.850 ms anonymous[39m
2026-02-08 17:43:18:4318 [35mhttp[39m: [35mGET /api/auth/profile 401 69 - 0.262 ms anonymous[39m
2026-02-08 17:43:18:4318 [31merror[39m: [31mAuthentication error: jwt expired[39m
2026-02-08 17:43:18:4318 [35mhttp[39m: [35mGET /api/auth/profile 401 69 - 10.822 ms anonymous[39m
2026-02-08 17:43:19:4319 [35mhttp[39m: [35mGET /api/auth/profile 401 69 - 0.232 ms anonymous[39m
2026-02-08 17:43:19:4319 [31merror[39m: [31mAuthentication error: jwt expired[39m
2026-02-08 17:43:19:4319 [35mhttp[39m: [35mGET /api/auth/profile 401 69 - 15.227 ms anonymous[39m
2026-02-08 17:43:19:4319 [35mhttp[39m: [35mGET /api/auth/profile 401 69 - 0.341 ms anonymous[39m
2026-02-08 17:43:19:4319 [31merror[39m: [31mAuthentication error: jwt expired[39m
2026-02-08 17:43:19:4319 [35mhttp[39m: [35mGET /api/auth/profile 401 69 - 14.045 ms anonymous[39m
2026-02-08 17:43:19:4319 [35mhttp[39m: [35mGET /api/auth/profile 401 69 - 0.276 ms anonymous[39m
2026-02-08 17:43:19:4319 [31merror[39m: [31mAuthentication error: jwt expired[39m
2026-02-08 17:43:19:4319 [35mhttp[39m: [35mGET /api/auth/profile 401 69 - 9.246 ms anonymous[39m
2026-02-08 17:43:19:4319 [35mhttp[39m: [35mGET /api/auth/profile 401 69 - 0.340 ms anonymous[39m
2026-02-08 17:43:19:4319 [31merror[39m: [31mAuthentication error: jwt expired[39m
2026-02-08 17:43:19:4319 [35mhttp[39m: [35mGET /api/auth/profile 401 69 - 7.487 ms anonymous[39m
2026-02-08 17:43:19:4319 [35mhttp[39m: [35mGET /api/auth/profile 401 69 - 0.252 ms anonymous[39m
2026-02-08 17:43:19:4319 [31merror[39m: [31mAuthentication error: jwt expired[39m
2026-02-08 17:43:19:4319 [35mhttp[39m: [35mGET /api/auth/profile 401 69 - 8.332 ms anonymous[39m
2026-02-08 17:43:19:4319 [35mhttp[39m: [35mGET /api/auth/profile 401 69 - 0.099 ms anonymous[39m
2026-02-08 17:43:19:4319 [35mhttp[39m: [35mGET /api/auth/profile 401 69 - 0.145 ms anonymous[39m
2026-02-08 17:43:19:4319 [31merror[39m: [31mAuthentication error: jwt expired[39m
2026-02-08 17:43:19:4319 [35mhttp[39m: [35mGET /api/auth/profile 401 69 - 14.225 ms anonymous[39m
2026-02-08 17:43:19:4319 [35mhttp[39m: [35mGET /api/auth/profile 401 69 - 0.510 ms anonymous[39m
2026-02-08 17:43:19:4319 [31merror[39m: [31mAuthentication error: jwt expired[39m
2026-02-08 17:43:19:4319 [35mhttp[39m: [35mGET /api/auth/profile 401 69 - 13.528 ms anonymous[39m
2026-02-08 17:43:19:4319 [35mhttp[39m: [35mGET /api/auth/profile 401 69 - 0.637 ms anonymous[39m
2026-02-08 17:43:19:4319 [31merror[39m: [31mAuthentication error: jwt expired[39m
2026-02-08 17:43:19:4319 [35mhttp[39m: [35mGET /api/auth/profile 401 69 - 32.624 ms anonymous[39m
2026-02-08 17:43:19:4319 [35mhttp[39m: [35mGET /api/auth/profile 401 69 - 0.152 ms anonymous[39m
2026-02-08 17:43:19:4319 [31merror[39m: [31mAuthentication error: jwt expired[39m
2026-02-08 17:43:19:4319 [35mhttp[39m: [35mGET /api/auth/profile 401 69 - 6.208 ms anonymous[39m
2026-02-08 17:43:19:4319 [35mhttp[39m: [35mGET /api/auth/profile 401 69 - 0.470 ms anonymous[39m
2026-02-08 17:43:19:4319 [35mhttp[39m: [35mGET /api/auth/profile 401 69 - 0.366 ms anonymous[39m
2026-02-08 17:43:19:4319 [31merror[39m: [31mAuthentication error: jwt expired[39m
2026-02-08 17:43:19:4319 [35mhttp[39m: [35mGET /api/auth/profile 401 69 - 13.320 ms anonymous[39m
2026-02-08 17:43:19:4319 [35mhttp[39m: [35mGET /api/auth/profile 401 69 - 0.136 ms anonymous[39m
2026-02-08 17:43:19:4319 [31merror[39m: [31mAuthentication error: jwt expired[39m
2026-02-08 17:43:19:4319 [35mhttp[39m: [35mGET /api/auth/profile 401 69 - 15.896 ms anonymous[39m
2026-02-08 17:43:19:4319 [35mhttp[39m: [35mGET /api/auth/profile 401 69 - 0.486 ms anonymous[39m
2026-02-08 17:43:19:4319 [31merror[39m: [31mAuthentication error: jwt expired[39m
2026-02-08 17:43:19:4319 [35mhttp[39m: [35mGET /api/auth/profile 401 69 - 15.542 ms anonymous[39m
2026-02-08 17:43:19:4319 [35mhttp[39m: [35mGET /api/auth/profile 401 69 - 1.356 ms anonymous[39m
2026-02-08 17:43:19:4319 [31merror[39m: [31mAuthentication error: jwt expired[39m
2026-02-08 17:43:19:4319 [35mhttp[39m: [35mGET /api/auth/profile 401 69 - 22.198 ms anonymous[39m
2026-02-08 17:43:19:4319 [35mhttp[39m: [35mGET /api/auth/profile 401 69 - 0.129 ms anonymous[39m
2026-02-08 17:43:19:4319 [31merror[39m: [31mAuthentication error: jwt expired[39m
2026-02-08 17:43:19:4319 [35mhttp[39m: [35mGET /api/auth/profile 401 69 - 7.634 ms anonymous[39m
2026-02-08 17:43:19:4319 [35mhttp[39m: [35mGET /api/auth/profile 401 69 - 0.090 ms anonymous[39m
2026-02-08 17:43:19:4319 [35mhttp[39m: [35mGET /api/auth/profile 401 69 - 0.142 ms anonymous[39m
2026-02-08 17:43:19:4319 [31merror[39m: [31mAuthentication error: jwt expired[39m
2026-02-08 17:43:19:4319 [35mhttp[39m: [35mGET /api/auth/profile 401 69 - 11.294 ms anonymous[39m
2026-02-08 17:43:19:4319 [35mhttp[39m: [35mGET /api/auth/profile 401 69 - 0.317 ms anonymous[39m
2026-02-08 17:43:19:4319 [31merror[39m: [31mAuthentication error: jwt expired[39m
2026-02-08 17:43:20:4320 [35mhttp[39m: [35mGET /api/auth/profile 401 69 - 17.280 ms anonymous[39m
2026-02-08 17:43:20:4320 [35mhttp[39m: [35mGET /api/auth/profile 401 69 - 0.766 ms anonymous[39m
2026-02-08 17:43:20:4320 [31merror[39m: [31mAuthentication error: jwt expired[39m
2026-02-08 17:43:20:4320 [35mhttp[39m: [35mGET /api/auth/profile 401 69 - 20.218 ms anonymous[39m
2026-02-08 17:43:20:4320 [35mhttp[39m: [35mGET /api/auth/profile 401 69 - 0.460 ms anonymous[39m
2026-02-08 17:43:20:4320 [31merror[39m: [31mAuthentication error: jwt expired[39m
2026-02-08 17:43:20:4320 [35mhttp[39m: [35mGET /api/auth/profile 401 69 - 9.913 ms anonymous[39m
2026-02-08 17:43:20:4320 [35mhttp[39m: [35mGET /api/auth/profile 401 69 - 0.291 ms anonymous[39m
2026-02-08 17:43:20:4320 [31merror[39m: [31mAuthentication error: jwt expired[39m
2026-02-08 17:43:20:4320 [35mhttp[39m: [35mGET /api/auth/profile 401 69 - 9.500 ms anonymous[39m
2026-02-08 17:43:20:4320 [35mhttp[39m: [35mGET /api/auth/profile 401 69 - 0.075 ms anonymous[39m
2026-02-08 17:43:20:4320 [35mhttp[39m: [35mGET /api/auth/profile 401 69 - 1.617 ms anonymous[39m
2026-02-08 17:43:20:4320 [31merror[39m: [31mAuthentication error: jwt expired[39m
2026-02-08 17:43:20:4320 [35mhttp[39m: [35mGET /api/auth/profile 401 69 - 20.016 ms anonymous[39m
2026-02-08 17:43:20:4320 [35mhttp[39m: [35mGET /api/auth/profile 401 69 - 0.931 ms anonymous[39m
2026-02-08 17:43:20:4320 [31merror[39m: [31mAuthentication error: jwt expired[39m
2026-02-08 17:43:20:4320 [35mhttp[39m: [35mGET /api/auth/profile 401 69 - 18.540 ms anonymous[39m
2026-02-08 17:43:20:4320 [35mhttp[39m: [35mGET /api/auth/profile 401 69 - 0.634 ms anonymous[39m
2026-02-08 17:43:20:4320 [31merror[39m: [31mAuthentication error: jwt expired[39m
2026-02-08 17:43:20:4320 [35mhttp[39m: [35mGET /api/auth/profile 401 69 - 12.531 ms anonymous[39m
2026-02-08 17:43:20:4320 [35mhttp[39m: [35mGET /api/auth/profile 401 69 - 0.145 ms anonymous[39m
2026-02-08 17:43:20:4320 [31merror[39m: [31mAuthentication error: jwt expired[39m
2026-02-08 17:43:20:4320 [35mhttp[39m: [35mGET /api/auth/profile 401 69 - 8.483 ms anonymous[39m
2026-02-08 17:43:20:4320 [35mhttp[39m: [35mGET /api/auth/profile 401 69 - 0.087 ms anonymous[39m
2026-02-08 17:43:20:4320 [31merror[39m: [31mAuthentication error: jwt expired[39m
2026-02-08 17:43:20:4320 [35mhttp[39m: [35mGET /api/auth/profile 401 69 - 9.950 ms anonymous[39m
2026-02-08 17:43:20:4320 [35mhttp[39m: [35mGET /api/auth/profile 401 69 - 0.092 ms anonymous[39m
2026-02-08 17:43:20:4320 [31merror[39m: [31mAuthentication error: jwt expired[39m
2026-02-08 17:43:20:4320 [35mhttp[39m: [35mGET /api/auth/profile 401 69 - 12.846 ms anonymous[39m
2026-02-08 17:43:20:4320 [35mhttp[39m: [35mGET /api/auth/profile 401 69 - 0.130 ms anonymous[39m
2026-02-08 17:43:20:4320 [31merror[39m: [31mAuthentication error: jwt expired[39m
2026-02-08 17:43:20:4320 [35mhttp[39m: [35mGET /api/auth/profile 401 69 - 9.901 ms anonymous[39m
2026-02-08 17:43:20:4320 [35mhttp[39m: [35mGET /api/auth/profile 401 69 - 0.096 ms anonymous[39m
2026-02-08 17:43:20:4320 [35mhttp[39m: [35mGET /api/auth/profile 401 69 - 0.334 ms anonymous[39m
2026-02-08 17:43:20:4320 [31merror[39m: [31mAuthentication error: jwt expired[39m
2026-02-08 17:43:20:4320 [35mhttp[39m: [35mGET /api/auth/profile 401 69 - 15.957 ms anonymous[39m
2026-02-08 17:43:20:4320 [35mhttp[39m: [35mGET /api/auth/profile 401 69 - 0.427 ms anonymous[39m
2026-02-08 17:43:20:4320 [31merror[39m: [31mAuthentication error: jwt expired[39m
2026-02-08 17:43:20:4320 [35mhttp[39m: [35mGET /api/auth/profile 401 69 - 20.914 ms anonymous[39m
2026-02-08 17:43:20:4320 [35mhttp[39m: [35mGET /api/auth/profile 401 69 - 0.244 ms anonymous[39m
2026-02-08 17:43:20:4320 [31merror[39m: [31mAuthentication error: jwt expired[39m
2026-02-08 17:43:20:4320 [35mhttp[39m: [35mGET /api/auth/profile 401 69 - 17.811 ms anonymous[39m
2026-02-08 17:43:20:4320 [35mhttp[39m: [35mGET /api/auth/profile 401 69 - 0.284 ms anonymous[39m
2026-02-08 17:43:20:4320 [31merror[39m: [31mAuthentication error: jwt expired[39m
2026-02-08 17:43:20:4320 [35mhttp[39m: [35mGET /api/auth/profile 401 69 - 9.363 ms anonymous[39m
2026-02-08 17:43:20:4320 [35mhttp[39m: [35mGET /api/auth/profile 401 69 - 0.081 ms anonymous[39m
2026-02-08 17:43:20:4320 [35mhttp[39m: [35mGET /api/auth/profile 401 69 - 0.394 ms anonymous[39m
2026-02-08 17:43:20:4320 [31merror[39m: [31mAuthentication error: jwt expired[39m
2026-02-08 17:43:20:4320 [35mhttp[39m: [35mGET /api/auth/profile 401 69 - 11.890 ms anonymous[39m
2026-02-08 17:43:21:4321 [35mhttp[39m: [35mGET /api/auth/profile 401 69 - 0.287 ms anonymous[39m
2026-02-08 17:43:21:4321 [31merror[39m: [31mAuthentication error: jwt expired[39m
2026-02-08 17:43:21:4321 [35mhttp[39m: [35mGET /api/auth/profile 401 69 - 13.254 ms anonymous[39m
2026-02-08 17:43:21:4321 [35mhttp[39m: [35mGET /api/auth/profile 401 69 - 0.498 ms anonymous[39m
2026-02-08 17:43:21:4321 [31merror[39m: [31mAuthentication error: jwt expired[39m
2026-02-08 17:43:21:4321 [35mhttp[39m: [35mGET /api/auth/profile 401 69 - 25.658 ms anonymous[39m
2026-02-08 17:43:21:4321 [35mhttp[39m: [35mGET /api/auth/profile 401 69 - 0.447 ms anonymous[39m
2026-02-08 17:43:21:4321 [31merror[39m: [31mAuthentication error: jwt expired[39m
2026-02-08 17:43:21:4321 [35mhttp[39m: [35mGET /api/auth/profile 401 69 - 21.030 ms anonymous[39m
2026-02-08 17:43:21:4321 [35mhttp[39m: [35mGET /api/auth/profile 401 69 - 0.262 ms anonymous[39m
2026-02-08 17:43:21:4321 [31merror[39m: [31mAuthentication error: jwt expired[39m
2026-02-08 17:43:21:4321 [35mhttp[39m: [35mGET /api/auth/profile 401 69 - 8.896 ms anonymous[39m
2026-02-08 17:43:21:4321 [35mhttp[39m: [35mGET /api/auth/profile 401 69 - 0.187 ms anonymous[39m
2026-02-08 17:43:21:4321 [31merror[39m: [31mAuthentication error: jwt expired[39m
2026-02-08 17:43:21:4321 [35mhttp[39m: [35mGET /api/auth/profile 401 69 - 9.712 ms anonymous[39m
2026-02-08 17:43:21:4321 [35mhttp[39m: [35mGET /api/auth/profile 401 69 - 0.107 ms anonymous[39m
2026-02-08 17:43:21:4321 [31merror[39m: [31mAuthentication error: jwt expired[39m
2026-02-08 17:43:21:4321 [35mhttp[39m: [35mGET /api/auth/profile 401 69 - 7.618 ms anonymous[39m
2026-02-08 17:43:21:4321 [35mhttp[39m: [35mGET /api/auth/profile 401 69 - 0.095 ms anonymous[39m
2026-02-08 17:43:21:4321 [35mhttp[39m: [35mGET /api/auth/profile 401 69 - 0.193 ms anonymous[39m
2026-02-08 17:43:21:4321 [31merror[39m: [31mAuthentication error: jwt expired[39m
2026-02-08 17:43:21:4321 [35mhttp[39m: [35mGET /api/auth/profile 401 69 - 18.998 ms anonymous[39m
2026-02-08 17:43:21:4321 [35mhttp[39m: [35mGET /api/auth/profile 401 69 - 0.277 ms anonymous[39m
2026-02-08 17:43:21:4321 [31merror[39m: [31mAuthentication error: jwt expired[39m
2026-02-08 17:43:21:4321 [35mhttp[39m: [35mGET /api/auth/profile 401 69 - 14.641 ms anonymous[39m
2026-02-08 17:43:21:4321 [35mhttp[39m: [35mGET /api/auth/profile 401 69 - 0.352 ms anonymous[39m
2026-02-08 17:43:21:4321 [31merror[39m: [31mAuthentication error: jwt expired[39m
2026-02-08 17:43:21:4321 [35mhttp[39m: [35mGET /api/auth/profile 401 69 - 9.600 ms anonymous[39m
2026-02-08 17:43:21:4321 [35mhttp[39m: [35mGET /api/auth/profile 401 69 - 0.082 ms anonymous[39m
2026-02-08 17:43:21:4321 [31merror[39m: [31mAuthentication error: jwt expired[39m
2026-02-08 17:43:21:4321 [35mhttp[39m: [35mGET /api/auth/profile 401 69 - 4.144 ms anonymous[39m
2026-02-08 17:43:21:4321 [35mhttp[39m: [35mGET /api/auth/profile 401 69 - 0.075 ms anonymous[39m
2026-02-08 17:43:21:4321 [31merror[39m: [31mAuthentication error: jwt expired[39m
2026-02-08 17:43:21:4321 [35mhttp[39m: [35mGET /api/auth/profile 401 69 - 6.406 ms anonymous[39m
2026-02-08 17:43:21:4321 [35mhttp[39m: [35mGET /api/auth/profile 401 69 - 0.098 ms anonymous[39m
2026-02-08 17:43:21:4321 [31merror[39m: [31mAuthentication error: jwt expired[39m
2026-02-08 17:43:21:4321 [35mhttp[39m: [35mGET /api/auth/profile 401 69 - 6.948 ms anonymous[39m
2026-02-08 17:43:21:4321 [35mhttp[39m: [35mGET /api/auth/profile 401 69 - 0.113 ms anonymous[39m
2026-02-08 17:43:21:4321 [31merror[39m: [31mAuthentication error: jwt expired[39m
2026-02-08 17:43:21:4321 [35mhttp[39m: [35mGET /api/auth/profile 401 69 - 6.227 ms anonymous[39m
2026-02-08 17:43:21:4321 [35mhttp[39m: [35mGET /api/auth/profile 401 69 - 0.074 ms anonymous[39m
2026-02-08 17:43:21:4321 [35mhttp[39m: [35mGET /api/auth/profile 401 69 - 0.344 ms anonymous[39m
2026-02-08 17:43:21:4321 [31merror[39m: [31mAuthentication error: jwt expired[39m
2026-02-08 17:43:21:4321 [35mhttp[39m: [35mGET /api/auth/profile 401 69 - 16.651 ms anonymous[39m
2026-02-08 17:43:21:4321 [35mhttp[39m: [35mGET /api/auth/profile 401 69 - 0.918 ms anonymous[39m
2026-02-08 17:43:21:4321 [31merror[39m: [31mAuthentication error: jwt expired[39m
2026-02-08 17:43:21:4321 [35mhttp[39m: [35mGET /api/auth/profile 401 69 - 23.167 ms anonymous[39m
2026-02-08 17:43:21:4321 [35mhttp[39m: [35mGET /api/auth/profile 401 69 - 0.626 ms anonymous[39m
2026-02-08 17:43:21:4321 [31merror[39m: [31mAuthentication error: jwt expired[39m
2026-02-08 17:43:22:4322 [35mhttp[39m: [35mGET /api/auth/profile 401 69 - 15.354 ms anonymous[39m
2026-02-08 17:43:22:4322 [35mhttp[39m: [35mGET /api/auth/profile 401 69 - 0.109 ms anonymous[39m
2026-02-08 17:43:22:4322 [31merror[39m: [31mAuthentication error: jwt expired[39m
2026-02-08 17:43:22:4322 [35mhttp[39m: [35mGET /api/auth/profile 401 69 - 11.453 ms anonymous[39m
2026-02-08 17:43:22:4322 [35mhttp[39m: [35mGET /api/auth/profile 401 69 - 0.081 ms anonymous[39m
2026-02-08 17:43:22:4322 [31merror[39m: [31mAuthentication error: jwt expired[39m
2026-02-08 17:43:22:4322 [35mhttp[39m: [35mGET /api/auth/profile 401 69 - 9.292 ms anonymous[39m
2026-02-08 17:43:22:4322 [35mhttp[39m: [35mGET /api/auth/profile 401 69 - 0.083 ms anonymous[39m
2026-02-08 17:43:22:4322 [35mhttp[39m: [35mGET /api/auth/profile 401 69 - 0.138 ms anonymous[39m
2026-02-08 17:43:22:4322 [31merror[39m: [31mAuthentication error: jwt expired[39m
2026-02-08 17:43:22:4322 [35mhttp[39m: [35mGET /api/auth/profile 401 69 - 13.717 ms anonymous[39m
2026-02-08 17:43:22:4322 [35mhttp[39m: [35mGET /api/auth/profile 401 69 - 0.625 ms anonymous[39m
2026-02-08 17:43:22:4322 [31merror[39m: [31mAuthentication error: jwt expired[39m
2026-02-08 17:43:22:4322 [35mhttp[39m: [35mGET /api/auth/profile 401 69 - 23.975 ms anonymous[39m
2026-02-08 17:43:22:4322 [35mhttp[39m: [35mGET /api/auth/profile 401 69 - 0.687 ms anonymous[39m
2026-02-08 17:43:22:4322 [31merror[39m: [31mAuthentication error: jwt expired[39m
2026-02-08 17:43:22:4322 [35mhttp[39m: [35mGET /api/auth/profile 401 69 - 48.404 ms anonymous[39m
2026-02-08 17:43:22:4322 [35mhttp[39m: [35mGET /api/auth/profile 401 69 - 0.260 ms anonymous[39m
2026-02-08 17:43:22:4322 [31merror[39m: [31mAuthentication error: jwt expired[39m
2026-02-08 17:43:22:4322 [35mhttp[39m: [35mGET /api/auth/profile 401 69 - 13.364 ms anonymous[39m
2026-02-08 17:43:22:4322 [35mhttp[39m: [35mGET /api/auth/profile 401 69 - 0.127 ms anonymous[39m
2026-02-08 17:43:22:4322 [35mhttp[39m: [35mGET /api/auth/profile 401 69 - 0.163 ms anonymous[39m
2026-02-08 17:43:22:4322 [31merror[39m: [31mAuthentication error: jwt expired[39m
2026-02-08 17:43:22:4322 [35mhttp[39m: [35mGET /api/auth/profile 401 69 - 13.202 ms anonymous[39m
2026-02-08 17:43:22:4322 [31merror[39m: [31mAuthentication error: jwt expired[39m
2026-02-08 17:43:22:4322 [35mhttp[39m: [35mGET /api/auth/profile 401 69 - 12.577 ms anonymous[39m
2026-02-08 17:43:22:4322 [35mhttp[39m: [35mGET /api/auth/profile 401 69 - 0.233 ms anonymous[39m
2026-02-08 17:43:22:4322 [31merror[39m: [31mAuthentication error: jwt expired[39m
2026-02-08 17:43:22:4322 [35mhttp[39m: [35mGET /api/auth/profile 401 69 - 10.382 ms anonymous[39m
2026-02-08 17:43:22:4322 [35mhttp[39m: [35mGET /api/auth/profile 401 69 - 0.110 ms anonymous[39m
2026-02-08 17:43:22:4322 [31merror[39m: [31mAuthentication error: jwt expired[39m
2026-02-08 17:43:22:4322 [35mhttp[39m: [35mGET /api/auth/profile 401 69 - 9.806 ms anonymous[39m
2026-02-08 17:43:22:4322 [35mhttp[39m: [35mGET /api/auth/profile 401 69 - 0.080 ms anonymous[39m
2026-02-08 17:43:22:4322 [35mhttp[39m: [35mGET /api/auth/profile 401 69 - 0.338 ms anonymous[39m
2026-02-08 17:43:22:4322 [31merror[39m: [31mAuthentication error: jwt expired[39m
2026-02-08 17:43:22:4322 [35mhttp[39m: [35mGET /api/auth/profile 401 69 - 11.116 ms anonymous[39m
2026-02-08 17:43:22:4322 [35mhttp[39m: [35mGET /api/auth/profile 401 69 - 0.433 ms anonymous[39m
2026-02-08 17:43:22:4322 [31merror[39m: [31mAuthentication error: jwt expired[39m
2026-02-08 17:43:22:4322 [35mhttp[39m: [35mGET /api/auth/profile 401 69 - 18.798 ms anonymous[39m
2026-02-08 17:43:22:4322 [35mhttp[39m: [35mGET /api/auth/profile 401 69 - 0.431 ms anonymous[39m
2026-02-08 17:43:22:4322 [31merror[39m: [31mAuthentication error: jwt expired[39m
2026-02-08 17:43:22:4322 [35mhttp[39m: [35mGET /api/auth/profile 401 69 - 13.155 ms anonymous[39m
2026-02-08 17:43:22:4322 [35mhttp[39m: [35mGET /api/auth/profile 401 69 - 0.134 ms anonymous[39m
2026-02-08 17:43:23:4323 [31merror[39m: [31mAuthentication error: jwt expired[39m
2026-02-08 17:43:23:4323 [35mhttp[39m: [35mGET /api/auth/profile 401 69 - 8.842 ms anonymous[39m
2026-02-08 17:43:23:4323 [35mhttp[39m: [35mGET /api/auth/profile 401 69 - 0.172 ms anonymous[39m
2026-02-08 17:43:23:4323 [31merror[39m: [31mAuthentication error: jwt expired[39m
2026-02-08 17:43:23:4323 [35mhttp[39m: [35mGET /api/auth/profile 401 69 - 9.908 ms anonymous[39m
2026-02-08 17:43:23:4323 [35mhttp[39m: [35mGET /api/auth/profile 401 69 - 0.093 ms anonymous[39m
2026-02-08 17:43:23:4323 [31merror[39m: [31mAuthentication error: jwt expired[39m
2026-02-08 17:43:23:4323 [35mhttp[39m: [35mGET /api/auth/profile 401 69 - 14.504 ms anonymous[39m
2026-02-08 17:43:23:4323 [35mhttp[39m: [35mGET /api/auth/profile 401 69 - 0.198 ms anonymous[39m
2026-02-08 17:43:23:4323 [35mhttp[39m: [35mGET /api/auth/profile 401 69 - 0.379 ms anonymous[39m
2026-02-08 17:43:23:4323 [35mhttp[39m: [35mGET /api/auth/profile 401 69 - 0.305 ms anonymous[39m
2026-02-08 17:43:23:4323 [31merror[39m: [31mAuthentication error: jwt expired[39m
2026-02-08 17:43:23:4323 [35mhttp[39m: [35mGET /api/auth/profile 401 69 - 13.915 ms anonymous[39m
2026-02-08 17:43:23:4323 [35mhttp[39m: [35mGET /api/auth/profile 401 69 - 0.208 ms anonymous[39m
2026-02-08 17:43:23:4323 [31merror[39m: [31mAuthentication error: jwt expired[39m
2026-02-08 17:43:23:4323 [35mhttp[39m: [35mGET /api/auth/profile 401 69 - 13.166 ms anonymous[39m
2026-02-08 17:43:23:4323 [35mhttp[39m: [35mGET /api/auth/profile 401 69 - 0.144 ms anonymous[39m
2026-02-08 17:43:23:4323 [31merror[39m: [31mAuthentication error: jwt expired[39m
2026-02-08 17:43:23:4323 [35mhttp[39m: [35mGET /api/auth/profile 401 69 - 9.147 ms anonymous[39m
2026-02-08 17:43:23:4323 [35mhttp[39m: [35mGET /api/auth/profile 401 69 - 0.121 ms anonymous[39m
2026-02-08 17:43:23:4323 [31merror[39m: [31mAuthentication error: jwt expired[39m
2026-02-08 17:43:23:4323 [35mhttp[39m: [35mGET /api/auth/profile 401 69 - 9.191 ms anonymous[39m
2026-02-08 17:43:23:4323 [35mhttp[39m: [35mGET /api/auth/profile 401 69 - 0.401 ms anonymous[39m
2026-02-08 17:43:23:4323 [31merror[39m: [31mAuthentication error: jwt expired[39m
2026-02-08 17:43:23:4323 [35mhttp[39m: [35mGET /api/auth/profile 401 69 - 8.724 ms anonymous[39m
2026-02-08 17:43:23:4323 [35mhttp[39m: [35mGET /api/auth/profile 401 69 - 0.072 ms anonymous[39m
2026-02-08 17:43:23:4323 [35mhttp[39m: [35mGET /api/auth/profile 401 69 - 0.125 ms anonymous[39m
2026-02-08 17:43:23:4323 [31merror[39m: [31mAuthentication error: jwt expired[39m
2026-02-08 17:43:23:4323 [35mhttp[39m: [35mGET /api/auth/profile 401 69 - 14.256 ms anonymous[39m
2026-02-08 17:43:23:4323 [35mhttp[39m: [35mGET /api/auth/profile 401 69 - 0.134 ms anonymous[39m
2026-02-08 17:43:23:4323 [31merror[39m: [31mAuthentication error: jwt expired[39m
2026-02-08 17:43:23:4323 [35mhttp[39m: [35mGET /api/auth/profile 401 69 - 16.472 ms anonymous[39m
2026-02-08 17:43:23:4323 [35mhttp[39m: [35mGET /api/auth/profile 401 69 - 0.355 ms anonymous[39m
2026-02-08 17:43:23:4323 [31merror[39m: [31mAuthentication error: jwt expired[39m
2026-02-08 17:43:23:4323 [35mhttp[39m: [35mGET /api/auth/profile 401 69 - 16.363 ms anonymous[39m
2026-02-08 17:43:23:4323 [35mhttp[39m: [35mGET /api/auth/profile 401 69 - 0.248 ms anonymous[39m
2026-02-08 17:43:23:4323 [31merror[39m: [31mAuthentication error: jwt expired[39m
2026-02-08 17:43:23:4323 [35mhttp[39m: [35mGET /api/auth/profile 401 69 - 9.565 ms anonymous[39m
2026-02-08 17:43:23:4323 [35mhttp[39m: [35mGET /api/auth/profile 401 69 - 0.083 ms anonymous[39m
2026-02-08 17:43:23:4323 [31merror[39m: [31mAuthentication error: jwt expired[39m
2026-02-08 17:43:23:4323 [35mhttp[39m: [35mGET /api/auth/profile 401 69 - 10.198 ms anonymous[39m
2026-02-08 17:43:23:4323 [35mhttp[39m: [35mGET /api/auth/profile 401 69 - 0.126 ms anonymous[39m
2026-02-08 17:43:24:4324 [35mhttp[39m: [35mGET /api/auth/profile 401 69 - 0.148 ms anonymous[39m
2026-02-08 17:43:24:4324 [31merror[39m: [31mAuthentication error: jwt expired[39m
2026-02-08 17:43:24:4324 [35mhttp[39m: [35mGET /api/auth/profile 401 69 - 17.202 ms anonymous[39m
2026-02-08 17:43:24:4324 [35mhttp[39m: [35mGET /api/auth/profile 401 69 - 0.127 ms anonymous[39m
2026-02-08 17:43:24:4324 [31merror[39m: [31mAuthentication error: jwt expired[39m
2026-02-08 17:43:24:4324 [35mhttp[39m: [35mGET /api/auth/profile 401 69 - 16.994 ms anonymous[39m
2026-02-08 17:43:24:4324 [35mhttp[39m: [35mGET /api/auth/profile 401 69 - 0.989 ms anonymous[39m
2026-02-08 17:43:24:4324 [31merror[39m: [31mAuthentication error: jwt expired[39m
2026-02-08 17:43:24:4324 [35mhttp[39m: [35mGET /api/auth/profile 401 69 - 19.936 ms anonymous[39m
2026-02-08 17:43:24:4324 [35mhttp[39m: [35mGET /api/auth/profile 401 69 - 0.335 ms anonymous[39m
2026-02-08 17:43:24:4324 [31merror[39m: [31mAuthentication error: jwt expired[39m
2026-02-08 17:43:24:4324 [35mhttp[39m: [35mGET /api/auth/profile 401 69 - 10.024 ms anonymous[39m
2026-02-08 17:43:24:4324 [35mhttp[39m: [35mGET /api/auth/profile 401 69 - 0.399 ms anonymous[39m
2026-02-08 17:43:24:4324 [31merror[39m: [31mAuthentication error: jwt expired[39m
2026-02-08 17:43:24:4324 [35mhttp[39m: [35mGET /api/auth/profile 401 69 - 12.873 ms anonymous[39m
2026-02-08 17:43:24:4324 [35mhttp[39m: [35mGET /api/auth/profile 401 69 - 0.253 ms anonymous[39m
2026-02-08 17:43:24:4324 [31merror[39m: [31mAuthentication error: jwt expired[39m
2026-02-08 17:43:24:4324 [35mhttp[39m: [35mGET /api/auth/profile 401 69 - 9.855 ms anonymous[39m
2026-02-08 17:43:24:4324 [35mhttp[39m: [35mGET /api/auth/profile 401 69 - 0.076 ms anonymous[39m
2026-02-08 17:43:24:4324 [31merror[39m: [31mAuthentication error: jwt expired[39m
2026-02-08 17:43:24:4324 [35mhttp[39m: [35mGET /api/auth/profile 401 69 - 10.196 ms anonymous[39m
2026-02-08 17:43:24:4324 [35mhttp[39m: [35mGET /api/auth/profile 401 69 - 0.080 ms anonymous[39m
2026-02-08 17:43:24:4324 [31merror[39m: [31mAuthentication error: jwt expired[39m
2026-02-08 17:43:24:4324 [35mhttp[39m: [35mGET /api/auth/profile 401 69 - 15.184 ms anonymous[39m
2026-02-08 17:43:24:4324 [35mhttp[39m: [35mGET /api/auth/profile 401 69 - 0.193 ms anonymous[39m
2026-02-08 17:43:24:4324 [31merror[39m: [31mAuthentication error: jwt expired[39m
2026-02-08 17:43:24:4324 [35mhttp[39m: [35mGET /api/auth/profile 401 69 - 8.666 ms anonymous[39m
2026-02-08 17:43:24:4324 [35mhttp[39m: [35mGET /api/auth/profile 401 69 - 0.074 ms anonymous[39m
2026-02-08 17:43:24:4324 [31merror[39m: [31mAuthentication error: jwt expired[39m
2026-02-08 17:43:24:4324 [35mhttp[39m: [35mGET /api/auth/profile 401 69 - 8.256 ms anonymous[39m
2026-02-08 17:43:24:4324 [35mhttp[39m: [35mGET /api/auth/profile 401 69 - 0.076 ms anonymous[39m
2026-02-08 17:43:24:4324 [35mhttp[39m: [35mGET /api/auth/profile 401 69 - 0.239 ms anonymous[39m
2026-02-08 17:43:24:4324 [31merror[39m: [31mAuthentication error: jwt expired[39m
2026-02-08 17:43:24:4324 [35mhttp[39m: [35mGET /api/auth/profile 401 69 - 15.384 ms anonymous[39m
2026-02-08 17:43:24:4324 [35mhttp[39m: [35mGET /api/auth/profile 401 69 - 0.136 ms anonymous[39m
2026-02-08 17:43:24:4324 [31merror[39m: [31mAuthentication error: jwt expired[39m
2026-02-08 17:43:24:4324 [35mhttp[39m: [35mGET /api/auth/profile 401 69 - 15.657 ms anonymous[39m
2026-02-08 17:43:24:4324 [35mhttp[39m: [35mGET /api/auth/profile 401 69 - 1.037 ms anonymous[39m
2026-02-08 17:43:24:4324 [31merror[39m: [31mAuthentication error: jwt expired[39m
2026-02-08 17:43:24:4324 [35mhttp[39m: [35mGET /api/auth/profile 401 69 - 18.147 ms anonymous[39m
2026-02-08 17:43:24:4324 [35mhttp[39m: [35mGET /api/auth/profile 401 69 - 0.137 ms anonymous[39m
2026-02-08 17:43:24:4324 [31merror[39m: [31mAuthentication error: jwt expired[39m
2026-02-08 17:43:24:4324 [35mhttp[39m: [35mGET /api/auth/profile 401 69 - 15.242 ms anonymous[39m
2026-02-08 17:43:24:4324 [35mhttp[39m: [35mGET /api/auth/profile 401 69 - 0.290 ms anonymous[39m
2026-02-08 17:43:24:4324 [31merror[39m: [31mAuthentication error: jwt expired[39m
2026-02-08 17:43:24:4324 [35mhttp[39m: [35mGET /api/auth/profile 401 69 - 12.509 ms anonymous[39m
2026-02-08 17:43:24:4324 [35mhttp[39m: [35mGET /api/auth/profile 401 69 - 0.161 ms anonymous[39m
2026-02-08 17:43:24:4324 [31merror[39m: [31mAuthentication error: jwt expired[39m
2026-02-08 17:43:24:4324 [35mhttp[39m: [35mGET /api/auth/profile 401 69 - 16.118 ms anonymous[39m
2026-02-08 17:43:25:4325 [35mhttp[39m: [35mGET /api/auth/profile 401 69 - 0.470 ms anonymous[39m
2026-02-08 17:43:25:4325 [31merror[39m: [31mAuthentication error: jwt expired[39m
2026-02-08 17:43:25:4325 [35mhttp[39m: [35mGET /api/auth/profile 401 69 - 9.465 ms anonymous[39m
2026-02-08 17:43:25:4325 [35mhttp[39m: [35mGET /api/auth/profile 401 69 - 0.078 ms anonymous[39m
2026-02-08 17:43:25:4325 [31merror[39m: [31mAuthentication error: jwt expired[39m
2026-02-08 17:43:25:4325 [35mhttp[39m: [35mGET /api/auth/profile 401 69 - 7.683 ms anonymous[39m
2026-02-08 17:43:25:4325 [35mhttp[39m: [35mGET /api/auth/profile 401 69 - 0.079 ms anonymous[39m
2026-02-08 17:43:25:4325 [35mhttp[39m: [35mGET /api/auth/profile 401 69 - 0.158 ms anonymous[39m
2026-02-08 17:43:25:4325 [31merror[39m: [31mAuthentication error: jwt expired[39m
2026-02-08 17:43:25:4325 [35mhttp[39m: [35mGET /api/auth/profile 401 69 - 15.457 ms anonymous[39m
2026-02-08 17:43:25:4325 [35mhttp[39m: [35mGET /api/auth/profile 401 69 - 0.372 ms anonymous[39m
2026-02-08 17:43:25:4325 [31merror[39m: [31mAuthentication error: jwt expired[39m
2026-02-08 17:43:25:4325 [35mhttp[39m: [35mGET /api/auth/profile 401 69 - 19.893 ms anonymous[39m
2026-02-08 17:43:25:4325 [35mhttp[39m: [35mGET /api/auth/profile 401 69 - 0.249 ms anonymous[39m
2026-02-08 17:43:25:4325 [31merror[39m: [31mAuthentication error: jwt expired[39m
2026-02-08 17:43:25:4325 [35mhttp[39m: [35mGET /api/auth/profile 401 69 - 10.632 ms anonymous[39m
2026-02-08 17:43:25:4325 [35mhttp[39m: [35mGET /api/auth/profile 401 69 - 0.341 ms anonymous[39m
2026-02-08 17:43:25:4325 [31merror[39m: [31mAuthentication error: jwt expired[39m
2026-02-08 17:43:25:4325 [35mhttp[39m: [35mGET /api/auth/profile 401 69 - 8.920 ms anonymous[39m
2026-02-08 17:43:25:4325 [35mhttp[39m: [35mGET /api/auth/profile 401 69 - 0.081 ms anonymous[39m
2026-02-08 17:43:25:4325 [35mhttp[39m: [35mGET /api/auth/profile 401 69 - 0.169 ms anonymous[39m
2026-02-08 17:43:25:4325 [31merror[39m: [31mAuthentication error: jwt expired[39m
2026-02-08 17:43:25:4325 [35mhttp[39m: [35mGET /api/auth/profile 401 69 - 18.204 ms anonymous[39m
2026-02-08 17:43:25:4325 [35mhttp[39m: [35mGET /api/auth/profile 401 69 - 0.482 ms anonymous[39m
2026-02-08 17:43:25:4325 [31merror[39m: [31mAuthentication error: jwt expired[39m
2026-02-08 17:43:25:4325 [35mhttp[39m: [35mGET /api/auth/profile 401 69 - 24.049 ms anonymous[39m
2026-02-08 17:43:25:4325 [35mhttp[39m: [35mGET /api/auth/profile 401 69 - 0.290 ms anonymous[39m
2026-02-08 17:43:25:4325 [31merror[39m: [31mAuthentication error: jwt expired[39m
2026-02-08 17:43:25:4325 [35mhttp[39m: [35mGET /api/auth/profile 401 69 - 20.028 ms anonymous[39m
2026-02-08 17:43:25:4325 [35mhttp[39m: [35mGET /api/auth/profile 401 69 - 0.507 ms anonymous[39m
2026-02-08 17:43:25:4325 [31merror[39m: [31mAuthentication error: jwt expired[39m
2026-02-08 17:43:25:4325 [35mhttp[39m: [35mGET /api/auth/profile 401 69 - 22.922 ms anonymous[39m
2026-02-08 17:43:25:4325 [35mhttp[39m: [35mGET /api/auth/profile 401 69 - 0.099 ms anonymous[39m
2026-02-08 17:43:25:4325 [35mhttp[39m: [35mGET /api/auth/profile 401 69 - 0.155 ms anonymous[39m
2026-02-08 17:43:25:4325 [31merror[39m: [31mAuthentication error: jwt expired[39m
2026-02-08 17:43:25:4325 [35mhttp[39m: [35mGET /api/auth/profile 401 69 - 12.977 ms anonymous[39m
2026-02-08 17:43:25:4325 [35mhttp[39m: [35mGET /api/auth/profile 401 69 - 0.145 ms anonymous[39m
2026-02-08 17:43:25:4325 [31merror[39m: [31mAuthentication error: jwt expired[39m
2026-02-08 17:43:25:4325 [35mhttp[39m: [35mGET /api/auth/profile 401 69 - 17.607 ms anonymous[39m
2026-02-08 17:43:25:4325 [35mhttp[39m: [35mGET /api/auth/profile 401 69 - 0.525 ms anonymous[39m
2026-02-08 17:43:25:4325 [31merror[39m: [31mAuthentication error: jwt expired[39m
2026-02-08 17:43:25:4325 [35mhttp[39m: [35mGET /api/auth/profile 401 69 - 18.587 ms anonymous[39m
2026-02-08 17:43:25:4325 [35mhttp[39m: [35mGET /api/auth/profile 401 69 - 0.141 ms anonymous[39m
2026-02-08 17:43:25:4325 [31merror[39m: [31mAuthentication error: jwt expired[39m
2026-02-08 17:43:25:4325 [35mhttp[39m: [35mGET /api/auth/profile 401 69 - 9.128 ms anonymous[39m
2026-02-08 17:43:25:4325 [35mhttp[39m: [35mGET /api/auth/profile 401 69 - 0.397 ms anonymous[39m
2026-02-08 17:43:25:4325 [31merror[39m: [31mAuthentication error: jwt expired[39m
2026-02-08 17:43:26:4326 [35mhttp[39m: [35mGET /api/auth/profile 401 69 - 10.423 ms anonymous[39m
2026-02-08 17:43:26:4326 [35mhttp[39m: [35mGET /api/auth/profile 401 69 - 0.088 ms anonymous[39m
2026-02-08 17:43:26:4326 [35mhttp[39m: [35mGET /api/auth/profile 401 69 - 0.307 ms anonymous[39m
2026-02-08 17:43:26:4326 [31merror[39m: [31mAuthentication error: jwt expired[39m
2026-02-08 17:43:26:4326 [35mhttp[39m: [35mGET /api/auth/profile 401 69 - 17.062 ms anonymous[39m
2026-02-08 17:43:26:4326 [35mhttp[39m: [35mGET /api/auth/profile 401 69 - 0.780 ms anonymous[39m
2026-02-08 17:43:26:4326 [31merror[39m: [31mAuthentication error: jwt expired[39m
2026-02-08 17:43:26:4326 [35mhttp[39m: [35mGET /api/auth/profile 401 69 - 23.565 ms anonymous[39m
2026-02-08 17:43:26:4326 [35mhttp[39m: [35mGET /api/auth/profile 401 69 - 0.443 ms anonymous[39m
2026-02-08 17:43:26:4326 [31merror[39m: [31mAuthentication error: jwt expired[39m
2026-02-08 17:43:26:4326 [35mhttp[39m: [35mGET /api/auth/profile 401 69 - 16.284 ms anonymous[39m
2026-02-08 17:43:26:4326 [35mhttp[39m: [35mGET /api/auth/profile 401 69 - 0.109 ms anonymous[39m
2026-02-08 17:43:26:4326 [31merror[39m: [31mAuthentication error: jwt expired[39m
2026-02-08 17:43:26:4326 [35mhttp[39m: [35mGET /api/auth/profile 401 69 - 7.161 ms anonymous[39m
2026-02-08 17:43:26:4326 [35mhttp[39m: [35mGET /api/auth/profile 401 69 - 0.101 ms anonymous[39m
2026-02-08 17:43:26:4326 [35mhttp[39m: [35mGET /api/auth/profile 401 69 - 0.173 ms anonymous[39m
2026-02-08 17:43:26:4326 [31merror[39m: [31mAuthentication error: jwt expired[39m
2026-02-08 17:43:26:4326 [35mhttp[39m: [35mGET /api/auth/profile 401 69 - 24.072 ms anonymous[39m
2026-02-08 17:43:26:4326 [35mhttp[39m: [35mGET /api/auth/profile 401 69 - 0.166 ms anonymous[39m
2026-02-08 17:43:26:4326 [31merror[39m: [31mAuthentication error: jwt expired[39m
2026-02-08 17:43:26:4326 [35mhttp[39m: [35mGET /api/auth/profile 401 69 - 18.512 ms anonymous[39m
2026-02-08 17:43:26:4326 [35mhttp[39m: [35mGET /api/auth/profile 401 69 - 0.457 ms anonymous[39m
2026-02-08 17:43:26:4326 [31merror[39m: [31mAuthentication error: jwt expired[39m
2026-02-08 17:43:26:4326 [35mhttp[39m: [35mGET /api/auth/profile 401 69 - 15.207 ms anonymous[39m
2026-02-08 17:43:26:4326 [35mhttp[39m: [35mGET /api/auth/profile 401 69 - 0.389 ms anonymous[39m
2026-02-08 17:43:26:4326 [31merror[39m: [31mAuthentication error: jwt expired[39m
2026-02-08 17:43:26:4326 [35mhttp[39m: [35mGET /api/auth/profile 401 69 - 13.606 ms anonymous[39m
2026-02-08 17:43:26:4326 [35mhttp[39m: [35mGET /api/auth/profile 401 69 - 0.353 ms anonymous[39m
2026-02-08 17:43:26:4326 [31merror[39m: [31mAuthentication error: jwt expired[39m
2026-02-08 17:43:26:4326 [35mhttp[39m: [35mGET /api/auth/profile 401 69 - 9.728 ms anonymous[39m
2026-02-08 17:43:26:4326 [35mhttp[39m: [35mGET /api/auth/profile 401 69 - 0.317 ms anonymous[39m
2026-02-08 17:43:26:4326 [31merror[39m: [31mAuthentication error: jwt expired[39m
2026-02-08 17:43:26:4326 [35mhttp[39m: [35mGET /api/auth/profile 401 69 - 12.973 ms anonymous[39m
2026-02-08 17:43:26:4326 [35mhttp[39m: [35mGET /api/auth/profile 401 69 - 0.255 ms anonymous[39m
2026-02-08 17:43:26:4326 [35mhttp[39m: [35mGET /api/auth/profile 401 69 - 0.157 ms anonymous[39m
2026-02-08 17:43:26:4326 [31merror[39m: [31mAuthentication error: jwt expired[39m
2026-02-08 17:43:26:4326 [35mhttp[39m: [35mGET /api/auth/profile 401 69 - 16.076 ms anonymous[39m
2026-02-08 17:43:26:4326 [35mhttp[39m: [35mGET /api/auth/profile 401 69 - 0.178 ms anonymous[39m
2026-02-08 17:43:26:4326 [31merror[39m: [31mAuthentication error: jwt expired[39m
2026-02-08 17:43:26:4326 [35mhttp[39m: [35mGET /api/auth/profile 401 69 - 15.883 ms anonymous[39m
2026-02-08 17:43:26:4326 [35mhttp[39m: [35mGET /api/auth/profile 401 69 - 0.300 ms anonymous[39m
2026-02-08 17:43:26:4326 [31merror[39m: [31mAuthentication error: jwt expired[39m
2026-02-08 17:43:26:4326 [35mhttp[39m: [35mGET /api/auth/profile 401 69 - 13.461 ms anonymous[39m
2026-02-08 17:43:26:4326 [35mhttp[39m: [35mGET /api/auth/profile 401 69 - 0.225 ms anonymous[39m
2026-02-08 17:43:26:4326 [31merror[39m: [31mAuthentication error: jwt expired[39m
2026-02-08 17:43:26:4326 [35mhttp[39m: [35mGET /api/auth/profile 401 69 - 15.675 ms anonymous[39m
2026-02-08 17:43:26:4326 [35mhttp[39m: [35mGET /api/auth/profile 401 69 - 0.568 ms anonymous[39m
2026-02-08 17:43:26:4326 [31merror[39m: [31mAuthentication error: jwt expired[39m
2026-02-08 17:43:27:4327 [35mhttp[39m: [35mGET /api/auth/profile 401 69 - 11.902 ms anonymous[39m
2026-02-08 17:43:27:4327 [35mhttp[39m: [35mGET /api/auth/profile 401 69 - 0.118 ms anonymous[39m
2026-02-08 17:43:27:4327 [35mhttp[39m: [35mGET /api/auth/profile 401 69 - 0.453 ms anonymous[39m
2026-02-08 17:43:27:4327 [31merror[39m: [31mAuthentication error: jwt expired[39m
2026-02-08 17:43:27:4327 [35mhttp[39m: [35mGET /api/auth/profile 401 69 - 8.076 ms anonymous[39m
2026-02-08 17:43:27:4327 [35mhttp[39m: [35mGET /api/auth/profile 401 69 - 0.114 ms anonymous[39m
2026-02-08 17:43:27:4327 [35mhttp[39m: [35mGET /api/auth/profile 401 69 - 0.141 ms anonymous[39m
2026-02-08 17:43:27:4327 [31merror[39m: [31mAuthentication error: jwt expired[39m
2026-02-08 17:43:27:4327 [35mhttp[39m: [35mGET /api/auth/profile 401 69 - 12.107 ms anonymous[39m
2026-02-08 17:43:27:4327 [35mhttp[39m: [35mGET /api/auth/profile 401 69 - 3.434 ms anonymous[39m
2026-02-08 17:43:27:4327 [31merror[39m: [31mAuthentication error: jwt expired[39m
2026-02-08 17:43:27:4327 [35mhttp[39m: [35mGET /api/auth/profile 401 69 - 18.228 ms anonymous[39m
2026-02-08 17:43:27:4327 [35mhttp[39m: [35mGET /api/auth/profile 401 69 - 0.343 ms anonymous[39m
2026-02-08 17:43:27:4327 [31merror[39m: [31mAuthentication error: jwt expired[39m
2026-02-08 17:43:27:4327 [35mhttp[39m: [35mGET /api/auth/profile 401 69 - 8.466 ms anonymous[39m
2026-02-08 17:43:27:4327 [35mhttp[39m: [35mGET /api/auth/profile 401 69 - 0.090 ms anonymous[39m
2026-02-08 17:43:27:4327 [31merror[39m: [31mAuthentication error: jwt expired[39m
2026-02-08 17:43:27:4327 [35mhttp[39m: [35mGET /api/auth/profile 401 69 - 7.677 ms anonymous[39m
2026-02-08 17:43:27:4327 [35mhttp[39m: [35mGET /api/auth/profile 401 69 - 0.070 ms anonymous[39m
2026-02-08 17:43:27:4327 [35mhttp[39m: [35mGET /api/auth/profile 401 69 - 0.149 ms anonymous[39m
2026-02-08 17:43:27:4327 [31merror[39m: [31mAuthentication error: jwt expired[39m
2026-02-08 17:43:27:4327 [35mhttp[39m: [35mGET /api/auth/profile 401 69 - 10.007 ms anonymous[39m
2026-02-08 17:43:27:4327 [35mhttp[39m: [35mGET /api/auth/profile 401 69 - 0.250 ms anonymous[39m
2026-02-08 17:43:27:4327 [31merror[39m: [31mAuthentication error: jwt expired[39m
2026-02-08 17:43:27:4327 [35mhttp[39m: [35mGET /api/auth/profile 401 69 - 12.698 ms anonymous[39m
2026-02-08 17:43:27:4327 [35mhttp[39m: [35mGET /api/auth/profile 401 69 - 0.178 ms anonymous[39m
2026-02-08 17:43:27:4327 [31merror[39m: [31mAuthentication error: jwt expired[39m
2026-02-08 17:43:27:4327 [35mhttp[39m: [35mGET /api/auth/profile 401 69 - 16.922 ms anonymous[39m
2026-02-08 17:43:27:4327 [35mhttp[39m: [35mGET /api/auth/profile 401 69 - 0.256 ms anonymous[39m
2026-02-08 17:43:27:4327 [31merror[39m: [31mAuthentication error: jwt expired[39m
2026-02-08 17:43:27:4327 [35mhttp[39m: [35mGET /api/auth/profile 401 69 - 14.503 ms anonymous[39m
2026-02-08 17:43:27:4327 [35mhttp[39m: [35mGET /api/auth/profile 401 69 - 0.235 ms anonymous[39m
2026-02-08 17:43:27:4327 [31merror[39m: [31mAuthentication error: jwt expired[39m
2026-02-08 17:43:27:4327 [35mhttp[39m: [35mGET /api/auth/profile 401 69 - 10.749 ms anonymous[39m
2026-02-08 17:43:27:4327 [35mhttp[39m: [35mGET /api/auth/profile 401 69 - 0.316 ms anonymous[39m
2026-02-08 17:43:27:4327 [31merror[39m: [31mAuthentication error: jwt expired[39m
2026-02-08 17:43:27:4327 [35mhttp[39m: [35mGET /api/auth/profile 401 69 - 12.573 ms anonymous[39m
2026-02-08 17:43:27:4327 [35mhttp[39m: [35mGET /api/auth/profile 401 69 - 0.245 ms anonymous[39m
2026-02-08 17:43:27:4327 [31merror[39m: [31mAuthentication error: jwt expired[39m
2026-02-08 17:43:27:4327 [35mhttp[39m: [35mGET /api/auth/profile 401 69 - 13.569 ms anonymous[39m
2026-02-08 17:43:27:4327 [35mhttp[39m: [35mGET /api/auth/profile 401 69 - 0.251 ms anonymous[39m
2026-02-08 17:43:27:4327 [35mhttp[39m: [35mGET /api/auth/profile 401 69 - 0.312 ms anonymous[39m
2026-02-08 17:43:27:4327 [31merror[39m: [31mAuthentication error: jwt expired[39m
2026-02-08 17:43:27:4327 [35mhttp[39m: [35mGET /api/auth/profile 401 69 - 14.595 ms anonymous[39m
2026-02-08 17:43:27:4327 [35mhttp[39m: [35mGET /api/auth/profile 401 69 - 0.475 ms anonymous[39m
2026-02-08 17:43:27:4327 [31merror[39m: [31mAuthentication error: jwt expired[39m
2026-02-08 17:43:27:4327 [35mhttp[39m: [35mGET /api/auth/profile 401 69 - 14.886 ms anonymous[39m
2026-02-08 17:43:27:4327 [35mhttp[39m: [35mGET /api/auth/profile 401 69 - 0.350 ms anonymous[39m
2026-02-08 17:43:28:4328 [31merror[39m: [31mAuthentication error: jwt expired[39m
2026-02-08 17:43:28:4328 [35mhttp[39m: [35mGET /api/auth/profile 401 69 - 16.563 ms anonymous[39m
2026-02-08 17:43:28:4328 [35mhttp[39m: [35mGET /api/auth/profile 401 69 - 0.580 ms anonymous[39m
2026-02-08 17:43:28:4328 [31merror[39m: [31mAuthentication error: jwt expired[39m
2026-02-08 17:43:28:4328 [35mhttp[39m: [35mGET /api/auth/profile 401 69 - 12.016 ms anonymous[39m
2026-02-08 17:43:28:4328 [35mhttp[39m: [35mGET /api/auth/profile 401 69 - 0.220 ms anonymous[39m
2026-02-08 17:43:28:4328 [31merror[39m: [31mAuthentication error: jwt expired[39m
2026-02-08 17:43:28:4328 [35mhttp[39m: [35mGET /api/auth/profile 401 69 - 7.289 ms anonymous[39m
2026-02-08 17:43:28:4328 [35mhttp[39m: [35mGET /api/auth/profile 401 69 - 0.498 ms anonymous[39m
2026-02-08 17:43:28:4328 [31merror[39m: [31mAuthentication error: jwt expired[39m
2026-02-08 17:43:28:4328 [35mhttp[39m: [35mGET /api/auth/profile 401 69 - 7.768 ms anonymous[39m
2026-02-08 17:43:28:4328 [35mhttp[39m: [35mGET /api/auth/profile 401 69 - 0.078 ms anonymous[39m
2026-02-08 17:43:28:4328 [35mhttp[39m: [35mGET /api/auth/profile 401 69 - 0.302 ms anonymous[39m
2026-02-08 17:43:28:4328 [31merror[39m: [31mAuthentication error: jwt expired[39m
2026-02-08 17:43:28:4328 [35mhttp[39m: [35mGET /api/auth/profile 401 69 - 18.048 ms anonymous[39m
2026-02-08 17:43:28:4328 [35mhttp[39m: [35mGET /api/auth/profile 401 69 - 0.368 ms anonymous[39m
2026-02-08 17:43:28:4328 [31merror[39m: [31mAuthentication error: jwt expired[39m
2026-02-08 17:43:28:4328 [35mhttp[39m: [35mGET /api/auth/profile 401 69 - 15.463 ms anonymous[39m
2026-02-08 17:43:28:4328 [35mhttp[39m: [35mGET /api/auth/profile 401 69 - 0.693 ms anonymous[39m
2026-02-08 17:43:28:4328 [31merror[39m: [31mAuthentication error: jwt expired[39m
2026-02-08 17:43:28:4328 [35mhttp[39m: [35mGET /api/auth/profile 401 69 - 11.329 ms anonymous[39m
2026-02-08 17:43:28:4328 [35mhttp[39m: [35mGET /api/auth/profile 401 69 - 0.215 ms anonymous[39m
2026-02-08 17:43:28:4328 [31merror[39m: [31mAuthentication error: jwt expired[39m
2026-02-08 17:43:28:4328 [35mhttp[39m: [35mGET /api/auth/profile 401 69 - 13.267 ms anonymous[39m
2026-02-08 17:43:28:4328 [35mhttp[39m: [35mGET /api/auth/profile 401 69 - 0.083 ms anonymous[39m
2026-02-08 17:43:28:4328 [35mhttp[39m: [35mGET /api/auth/profile 401 69 - 0.135 ms anonymous[39m
2026-02-08 17:43:28:4328 [31merror[39m: [31mAuthentication error: jwt expired[39m
2026-02-08 17:43:28:4328 [35mhttp[39m: [35mGET /api/auth/profile 401 69 - 22.714 ms anonymous[39m
2026-02-08 17:43:28:4328 [35mhttp[39m: [35mGET /api/auth/profile 401 69 - 0.358 ms anonymous[39m
2026-02-08 17:43:28:4328 [31merror[39m: [31mAuthentication error: jwt expired[39m
2026-02-08 17:43:28:4328 [35mhttp[39m: [35mGET /api/auth/profile 401 69 - 18.422 ms anonymous[39m
2026-02-08 17:43:28:4328 [35mhttp[39m: [35mGET /api/auth/profile 401 69 - 0.135 ms anonymous[39m
2026-02-08 17:43:28:4328 [31merror[39m: [31mAuthentication error: jwt expired[39m
2026-02-08 17:43:28:4328 [35mhttp[39m: [35mGET /api/auth/profile 401 69 - 10.135 ms anonymous[39m
2026-02-08 17:43:28:4328 [35mhttp[39m: [35mGET /api/auth/profile 401 69 - 0.135 ms anonymous[39m
2026-02-08 17:43:28:4328 [31merror[39m: [31mAuthentication error: jwt expired[39m
2026-02-08 17:43:28:4328 [35mhttp[39m: [35mGET /api/auth/profile 401 69 - 7.514 ms anonymous[39m
2026-02-08 17:43:28:4328 [35mhttp[39m: [35mGET /api/auth/profile 401 69 - 0.093 ms anonymous[39m
2026-02-08 17:43:28:4328 [31merror[39m: [31mAuthentication error: jwt expired[39m
2026-02-08 17:43:28:4328 [35mhttp[39m: [35mGET /api/auth/profile 401 69 - 14.367 ms anonymous[39m
2026-02-08 17:43:28:4328 [35mhttp[39m: [35mGET /api/auth/profile 401 69 - 0.081 ms anonymous[39m
2026-02-08 17:43:28:4328 [35mhttp[39m: [35mGET /api/auth/profile 401 69 - 0.449 ms anonymous[39m
2026-02-08 17:43:28:4328 [31merror[39m: [31mAuthentication error: jwt expired[39m
2026-02-08 17:43:28:4328 [35mhttp[39m: [35mGET /api/auth/profile 401 69 - 14.024 ms anonymous[39m
2026-02-08 17:43:28:4328 [35mhttp[39m: [35mGET /api/auth/profile 401 69 - 0.227 ms anonymous[39m
2026-02-08 17:43:28:4328 [31merror[39m: [31mAuthentication error: jwt expired[39m
2026-02-08 17:43:28:4328 [35mhttp[39m: [35mGET /api/auth/profile 401 69 - 19.524 ms anonymous[39m
2026-02-08 17:43:28:4328 [35mhttp[39m: [35mGET /api/auth/profile 401 69 - 0.725 ms anonymous[39m
2026-02-08 17:43:28:4328 [31merror[39m: [31mAuthentication error: jwt expired[39m
2026-02-08 17:43:28:4328 [35mhttp[39m: [35mGET /api/auth/profile 401 69 - 14.982 ms anonymous[39m
2026-02-08 17:43:28:4328 [35mhttp[39m: [35mGET /api/auth/profile 401 69 - 0.228 ms anonymous[39m
2026-02-08 17:43:29:4329 [31merror[39m: [31mAuthentication error: jwt expired[39m
2026-02-08 17:43:29:4329 [35mhttp[39m: [35mGET /api/auth/profile 401 69 - 9.845 ms anonymous[39m
2026-02-08 17:43:29:4329 [35mhttp[39m: [35mGET /api/auth/profile 401 69 - 0.097 ms anonymous[39m
2026-02-08 17:43:29:4329 [35mhttp[39m: [35mGET /api/auth/profile 401 69 - 0.894 ms anonymous[39m
2026-02-08 17:43:29:4329 [31merror[39m: [31mAuthentication error: jwt expired[39m
2026-02-08 17:43:29:4329 [35mhttp[39m: [35mGET /api/auth/profile 401 69 - 11.479 ms anonymous[39m
2026-02-08 17:43:29:4329 [35mhttp[39m: [35mGET /api/auth/profile 401 69 - 0.391 ms anonymous[39m
2026-02-08 17:43:29:4329 [31merror[39m: [31mAuthentication error: jwt expired[39m
2026-02-08 17:43:29:4329 [35mhttp[39m: [35mGET /api/auth/profile 401 69 - 14.440 ms anonymous[39m
2026-02-08 17:43:29:4329 [35mhttp[39m: [35mGET /api/auth/profile 401 69 - 0.622 ms anonymous[39m
2026-02-08 17:43:29:4329 [31merror[39m: [31mAuthentication error: jwt expired[39m
2026-02-08 17:43:29:4329 [35mhttp[39m: [35mGET /api/auth/profile 401 69 - 11.841 ms anonymous[39m
2026-02-08 17:43:29:4329 [35mhttp[39m: [35mGET /api/auth/profile 401 69 - 0.120 ms anonymous[39m
2026-02-08 17:43:29:4329 [31merror[39m: [31mAuthentication error: jwt expired[39m
2026-02-08 17:43:29:4329 [35mhttp[39m: [35mGET /api/auth/profile 401 69 - 10.047 ms anonymous[39m
2026-02-08 17:43:29:4329 [35mhttp[39m: [35mGET /api/auth/profile 401 69 - 0.088 ms anonymous[39m
2026-02-08 17:43:29:4329 [31merror[39m: [31mAuthentication error: jwt expired[39m
2026-02-08 17:43:29:4329 [35mhttp[39m: [35mGET /api/auth/profile 401 69 - 13.023 ms anonymous[39m
2026-02-08 17:43:29:4329 [35mhttp[39m: [35mGET /api/auth/profile 401 69 - 0.168 ms anonymous[39m
2026-02-08 17:43:29:4329 [35mhttp[39m: [35mGET /api/auth/profile 401 69 - 0.170 ms anonymous[39m
2026-02-08 17:43:29:4329 [31merror[39m: [31mAuthentication error: jwt expired[39m
2026-02-08 17:43:29:4329 [35mhttp[39m: [35mGET /api/auth/profile 401 69 - 14.271 ms anonymous[39m
2026-02-08 17:43:29:4329 [35mhttp[39m: [35mGET /api/auth/profile 401 69 - 0.381 ms anonymous[39m
2026-02-08 17:43:29:4329 [31merror[39m: [31mAuthentication error: jwt expired[39m
2026-02-08 17:43:29:4329 [35mhttp[39m: [35mGET /api/auth/profile 401 69 - 15.251 ms anonymous[39m
2026-02-08 17:43:29:4329 [35mhttp[39m: [35mGET /api/auth/profile 401 69 - 0.913 ms anonymous[39m
2026-02-08 17:43:29:4329 [31merror[39m: [31mAuthentication error: jwt expired[39m
2026-02-08 17:43:29:4329 [35mhttp[39m: [35mGET /api/auth/profile 401 69 - 20.233 ms anonymous[39m
2026-02-08 17:43:29:4329 [35mhttp[39m: [35mGET /api/auth/profile 401 69 - 0.282 ms anonymous[39m
2026-02-08 17:43:29:4329 [31merror[39m: [31mAuthentication error: jwt expired[39m
2026-02-08 17:43:29:4329 [35mhttp[39m: [35mGET /api/auth/profile 401 69 - 12.245 ms anonymous[39m
2026-02-08 17:43:29:4329 [35mhttp[39m: [35mGET /api/auth/profile 401 69 - 0.312 ms anonymous[39m
2026-02-08 17:43:29:4329 [31merror[39m: [31mAuthentication error: jwt expired[39m
2026-02-08 17:43:29:4329 [35mhttp[39m: [35mGET /api/auth/profile 401 69 - 9.106 ms anonymous[39m
2026-02-08 17:43:29:4329 [35mhttp[39m: [35mGET /api/auth/profile 401 69 - 0.089 ms anonymous[39m
2026-02-08 17:43:29:4329 [31merror[39m: [31mAuthentication error: jwt expired[39m
2026-02-08 17:43:29:4329 [35mhttp[39m: [35mGET /api/auth/profile 401 69 - 13.491 ms anonymous[39m
2026-02-08 17:43:29:4329 [35mhttp[39m: [35mGET /api/auth/profile 401 69 - 0.300 ms anonymous[39m
2026-02-08 17:43:29:4329 [31merror[39m: [31mAuthentication error: jwt expired[39m
2026-02-08 17:43:29:4329 [35mhttp[39m: [35mGET /api/auth/profile 401 69 - 8.231 ms anonymous[39m
2026-02-08 17:43:29:4329 [35mhttp[39m: [35mGET /api/auth/profile 401 69 - 0.083 ms anonymous[39m
2026-02-08 17:43:29:4329 [35mhttp[39m: [35mGET /api/auth/profile 401 69 - 0.130 ms anonymous[39m
2026-02-08 17:43:29:4329 [31merror[39m: [31mAuthentication error: jwt expired[39m
2026-02-08 17:43:29:4329 [35mhttp[39m: [35mGET /api/auth/profile 401 69 - 18.496 ms anonymous[39m
2026-02-08 17:43:29:4329 [35mhttp[39m: [35mGET /api/auth/profile 401 69 - 1.102 ms anonymous[39m
2026-02-08 17:43:29:4329 [31merror[39m: [31mAuthentication error: jwt expired[39m
2026-02-08 17:43:29:4329 [35mhttp[39m: [35mGET /api/auth/profile 401 69 - 19.982 ms anonymous[39m
2026-02-08 17:43:29:4329 [35mhttp[39m: [35mGET /api/auth/profile 401 69 - 0.285 ms anonymous[39m
2026-02-08 17:43:30:4330 [31merror[39m: [31mAuthentication error: jwt expired[39m
2026-02-08 17:43:30:4330 [35mhttp[39m: [35mGET /api/auth/profile 401 69 - 8.980 ms anonymous[39m
2026-02-08 17:43:30:4330 [35mhttp[39m: [35mGET /api/auth/profile 401 69 - 0.097 ms anonymous[39m
2026-02-08 17:43:30:4330 [35mhttp[39m: [35mGET /api/auth/profile 401 69 - 0.138 ms anonymous[39m
2026-02-08 17:43:30:4330 [31merror[39m: [31mAuthentication error: jwt expired[39m
2026-02-08 17:43:30:4330 [35mhttp[39m: [35mGET /api/auth/profile 401 69 - 10.120 ms anonymous[39m
2026-02-08 17:43:30:4330 [35mhttp[39m: [35mGET /api/auth/profile 401 69 - 0.123 ms anonymous[39m
2026-02-08 17:43:30:4330 [31merror[39m: [31mAuthentication error: jwt expired[39m
2026-02-08 17:43:30:4330 [35mhttp[39m: [35mGET /api/auth/profile 401 69 - 16.429 ms anonymous[39m
2026-02-08 17:43:30:4330 [35mhttp[39m: [35mGET /api/auth/profile 401 69 - 0.602 ms anonymous[39m
2026-02-08 17:43:30:4330 [31merror[39m: [31mAuthentication error: jwt expired[39m
2026-02-08 17:43:30:4330 [35mhttp[39m: [35mGET /api/auth/profile 401 69 - 18.209 ms anonymous[39m
2026-02-08 17:43:30:4330 [35mhttp[39m: [35mGET /api/auth/profile 401 69 - 0.366 ms anonymous[39m
2026-02-08 17:43:30:4330 [31merror[39m: [31mAuthentication error: jwt expired[39m
2026-02-08 17:43:30:4330 [35mhttp[39m: [35mGET /api/auth/profile 401 69 - 11.733 ms anonymous[39m
2026-02-08 17:43:30:4330 [35mhttp[39m: [35mGET /api/auth/profile 401 69 - 0.137 ms anonymous[39m
2026-02-08 17:43:30:4330 [31merror[39m: [31mAuthentication error: jwt expired[39m
2026-02-08 17:43:30:4330 [35mhttp[39m: [35mGET /api/auth/profile 401 69 - 9.539 ms anonymous[39m
2026-02-08 17:43:30:4330 [35mhttp[39m: [35mGET /api/auth/profile 401 69 - 0.209 ms anonymous[39m
2026-02-08 17:43:30:4330 [31merror[39m: [31mAuthentication error: jwt expired[39m
2026-02-08 17:43:30:4330 [35mhttp[39m: [35mGET /api/auth/profile 401 69 - 8.235 ms anonymous[39m
2026-02-08 17:43:30:4330 [35mhttp[39m: [35mGET /api/auth/profile 401 69 - 0.079 ms anonymous[39m
2026-02-08 17:43:30:4330 [31merror[39m: [31mAuthentication error: jwt expired[39m
2026-02-08 17:43:30:4330 [35mhttp[39m: [35mGET /api/auth/profile 401 69 - 10.975 ms anonymous[39m
2026-02-08 17:43:30:4330 [35mhttp[39m: [35mGET /api/auth/profile 401 69 - 0.218 ms anonymous[39m
2026-02-08 17:43:30:4330 [31merror[39m: [31mAuthentication error: jwt expired[39m
2026-02-08 17:43:30:4330 [35mhttp[39m: [35mGET /api/auth/profile 401 69 - 15.947 ms anonymous[39m
2026-02-08 17:43:30:4330 [35mhttp[39m: [35mGET /api/auth/profile 401 69 - 0.123 ms anonymous[39m
2026-02-08 17:43:30:4330 [31merror[39m: [31mAuthentication error: jwt expired[39m
2026-02-08 17:43:30:4330 [35mhttp[39m: [35mGET /api/auth/profile 401 69 - 11.298 ms anonymous[39m
2026-02-08 17:43:30:4330 [35mhttp[39m: [35mGET /api/auth/profile 401 69 - 0.167 ms anonymous[39m
2026-02-08 17:43:30:4330 [31merror[39m: [31mAuthentication error: jwt expired[39m
2026-02-08 17:43:30:4330 [35mhttp[39m: [35mGET /api/auth/profile 401 69 - 9.989 ms anonymous[39m
2026-02-08 17:43:30:4330 [35mhttp[39m: [35mGET /api/auth/profile 401 69 - 0.203 ms anonymous[39m
2026-02-08 17:43:30:4330 [35mhttp[39m: [35mGET /api/auth/profile 401 69 - 0.162 ms anonymous[39m
2026-02-08 17:43:30:4330 [31merror[39m: [31mAuthentication error: jwt expired[39m
2026-02-08 17:43:30:4330 [35mhttp[39m: [35mGET /api/auth/profile 401 69 - 15.616 ms anonymous[39m
2026-02-08 17:43:30:4330 [35mhttp[39m: [35mGET /api/auth/profile 401 69 - 0.488 ms anonymous[39m
2026-02-08 17:43:30:4330 [31merror[39m: [31mAuthentication error: jwt expired[39m
2026-02-08 17:43:30:4330 [35mhttp[39m: [35mGET /api/auth/profile 401 69 - 20.581 ms anonymous[39m
2026-02-08 17:43:30:4330 [35mhttp[39m: [35mGET /api/auth/profile 401 69 - 0.308 ms anonymous[39m
2026-02-08 17:43:30:4330 [31merror[39m: [31mAuthentication error: jwt expired[39m
2026-02-08 17:43:30:4330 [35mhttp[39m: [35mGET /api/auth/profile 401 69 - 14.308 ms anonymous[39m
2026-02-08 17:43:30:4330 [35mhttp[39m: [35mGET /api/auth/profile 401 69 - 0.334 ms anonymous[39m
2026-02-08 17:43:30:4330 [31merror[39m: [31mAuthentication error: jwt expired[39m
2026-02-08 17:43:30:4330 [35mhttp[39m: [35mGET /api/auth/profile 401 69 - 9.958 ms anonymous[39m
2026-02-08 17:43:30:4330 [35mhttp[39m: [35mGET /api/auth/profile 401 69 - 0.310 ms anonymous[39m
2026-02-08 17:43:31:4331 [31merror[39m: [31mAuthentication error: jwt expired[39m
2026-02-08 17:43:31:4331 [35mhttp[39m: [35mGET /api/auth/profile 401 69 - 10.156 ms anonymous[39m
2026-02-08 17:43:31:4331 [35mhttp[39m: [35mGET /api/auth/profile 401 69 - 0.103 ms anonymous[39m
2026-02-08 17:43:31:4331 [35mhttp[39m: [35mGET /api/auth/profile 401 69 - 0.177 ms anonymous[39m
2026-02-08 17:43:31:4331 [31merror[39m: [31mAuthentication error: jwt expired[39m
2026-02-08 17:43:31:4331 [35mhttp[39m: [35mGET /api/auth/profile 401 69 - 16.917 ms anonymous[39m
2026-02-08 17:43:31:4331 [35mhttp[39m: [35mGET /api/auth/profile 401 69 - 0.187 ms anonymous[39m
2026-02-08 17:43:31:4331 [31merror[39m: [31mAuthentication error: jwt expired[39m
2026-02-08 17:43:31:4331 [35mhttp[39m: [35mGET /api/auth/profile 401 69 - 28.647 ms anonymous[39m
2026-02-08 17:43:31:4331 [35mhttp[39m: [35mGET /api/auth/profile 401 69 - 2.201 ms anonymous[39m
2026-02-08 17:43:31:4331 [31merror[39m: [31mAuthentication error: jwt expired[39m
2026-02-08 17:43:31:4331 [35mhttp[39m: [35mGET /api/auth/profile 401 69 - 13.260 ms anonymous[39m
2026-02-08 17:43:31:4331 [35mhttp[39m: [35mGET /api/auth/profile 401 69 - 0.447 ms anonymous[39m
2026-02-08 17:43:31:4331 [31merror[39m: [31mAuthentication error: jwt expired[39m
2026-02-08 17:43:31:4331 [35mhttp[39m: [35mGET /api/auth/profile 401 69 - 15.755 ms anonymous[39m
2026-02-08 17:43:31:4331 [35mhttp[39m: [35mGET /api/auth/profile 401 69 - 0.564 ms anonymous[39m
2026-02-08 17:43:31:4331 [35mhttp[39m: [35mGET /api/auth/profile 401 69 - 0.133 ms anonymous[39m
2026-02-08 17:43:31:4331 [31merror[39m: [31mAuthentication error: jwt expired[39m
2026-02-08 17:43:31:4331 [35mhttp[39m: [35mGET /api/auth/profile 401 69 - 21.803 ms anonymous[39m
2026-02-08 17:43:31:4331 [35mhttp[39m: [35mGET /api/auth/profile 401 69 - 0.324 ms anonymous[39m
2026-02-08 17:43:31:4331 [31merror[39m: [31mAuthentication error: jwt expired[39m
2026-02-08 17:43:31:4331 [35mhttp[39m: [35mGET /api/auth/profile 401 69 - 17.230 ms anonymous[39m
2026-02-08 17:43:31:4331 [35mhttp[39m: [35mGET /api/auth/profile 401 69 - 0.403 ms anonymous[39m
2026-02-08 17:43:31:4331 [31merror[39m: [31mAuthentication error: jwt expired[39m
2026-02-08 17:43:31:4331 [35mhttp[39m: [35mGET /api/auth/profile 401 69 - 14.641 ms anonymous[39m
2026-02-08 17:43:31:4331 [35mhttp[39m: [35mGET /api/auth/profile 401 69 - 0.285 ms anonymous[39m
2026-02-08 17:43:31:4331 [31merror[39m: [31mAuthentication error: jwt expired[39m
2026-02-08 17:43:31:4331 [35mhttp[39m: [35mGET /api/auth/profile 401 69 - 14.465 ms anonymous[39m
2026-02-08 17:43:31:4331 [35mhttp[39m: [35mGET /api/auth/profile 401 69 - 0.194 ms anonymous[39m
2026-02-08 17:43:31:4331 [31merror[39m: [31mAuthentication error: jwt expired[39m
2026-02-08 17:43:31:4331 [35mhttp[39m: [35mGET /api/auth/profile 401 69 - 11.841 ms anonymous[39m
2026-02-08 17:43:31:4331 [35mhttp[39m: [35mGET /api/auth/profile 401 69 - 2.058 ms anonymous[39m
2026-02-08 17:43:31:4331 [31merror[39m: [31mAuthentication error: jwt expired[39m
2026-02-08 17:43:31:4331 [35mhttp[39m: [35mGET /api/auth/profile 401 69 - 9.727 ms anonymous[39m
2026-02-08 17:43:31:4331 [35mhttp[39m: [35mGET /api/auth/profile 401 69 - 0.098 ms anonymous[39m
2026-02-08 17:43:31:4331 [35mhttp[39m: [35mGET /api/auth/profile 401 69 - 0.397 ms anonymous[39m
2026-02-08 17:43:31:4331 [31merror[39m: [31mAuthentication error: jwt expired[39m
2026-02-08 17:43:31:4331 [35mhttp[39m: [35mGET /api/auth/profile 401 69 - 10.454 ms anonymous[39m
2026-02-08 17:43:31:4331 [35mhttp[39m: [35mGET /api/auth/profile 401 69 - 0.127 ms anonymous[39m
2026-02-08 17:43:31:4331 [31merror[39m: [31mAuthentication error: jwt expired[39m
2026-02-08 17:43:31:4331 [35mhttp[39m: [35mGET /api/auth/profile 401 69 - 23.354 ms anonymous[39m
2026-02-08 17:43:31:4331 [35mhttp[39m: [35mGET /api/auth/profile 401 69 - 0.648 ms anonymous[39m
2026-02-08 17:43:31:4331 [31merror[39m: [31mAuthentication error: jwt expired[39m
2026-02-08 17:43:31:4331 [35mhttp[39m: [35mGET /api/auth/profile 401 69 - 15.504 ms anonymous[39m
2026-02-08 17:43:31:4331 [35mhttp[39m: [35mGET /api/auth/profile 401 69 - 0.373 ms anonymous[39m
2026-02-08 17:43:32:4332 [31merror[39m: [31mAuthentication error: jwt expired[39m
2026-02-08 17:43:32:4332 [35mhttp[39m: [35mGET /api/auth/profile 401 69 - 11.566 ms anonymous[39m
2026-02-08 17:43:32:4332 [35mhttp[39m: [35mGET /api/auth/profile 401 69 - 0.098 ms anonymous[39m
2026-02-08 17:43:32:4332 [31merror[39m: [31mAuthentication error: jwt expired[39m
2026-02-08 17:43:32:4332 [35mhttp[39m: [35mGET /api/auth/profile 401 69 - 6.887 ms anonymous[39m
2026-02-08 17:43:32:4332 [35mhttp[39m: [35mGET /api/auth/profile 401 69 - 0.082 ms anonymous[39m
2026-02-08 17:43:32:4332 [35mhttp[39m: [35mGET /api/auth/profile 401 69 - 0.130 ms anonymous[39m
2026-02-08 17:43:32:4332 [31merror[39m: [31mAuthentication error: jwt expired[39m
2026-02-08 17:43:32:4332 [35mhttp[39m: [35mGET /api/auth/profile 401 69 - 10.209 ms anonymous[39m
2026-02-08 17:43:32:4332 [35mhttp[39m: [35mGET /api/auth/profile 401 69 - 0.148 ms anonymous[39m
2026-02-08 17:43:32:4332 [31merror[39m: [31mAuthentication error: jwt expired[39m
2026-02-08 17:43:32:4332 [35mhttp[39m: [35mGET /api/auth/profile 401 69 - 20.460 ms anonymous[39m
2026-02-08 17:43:32:4332 [35mhttp[39m: [35mGET /api/auth/profile 401 69 - 0.445 ms anonymous[39m
2026-02-08 17:43:32:4332 [31merror[39m: [31mAuthentication error: jwt expired[39m
2026-02-08 17:43:32:4332 [35mhttp[39m: [35mGET /api/auth/profile 401 69 - 17.313 ms anonymous[39m
2026-02-08 17:43:32:4332 [35mhttp[39m: [35mGET /api/auth/profile 401 69 - 0.389 ms anonymous[39m
2026-02-08 17:43:32:4332 [31merror[39m: [31mAuthentication error: jwt expired[39m
2026-02-08 17:43:32:4332 [35mhttp[39m: [35mGET /api/auth/profile 401 69 - 9.761 ms anonymous[39m
2026-02-08 17:43:32:4332 [35mhttp[39m: [35mGET /api/auth/profile 401 69 - 0.242 ms anonymous[39m
2026-02-08 17:43:32:4332 [31merror[39m: [31mAuthentication error: jwt expired[39m
2026-02-08 17:43:32:4332 [35mhttp[39m: [35mGET /api/auth/profile 401 69 - 9.367 ms anonymous[39m
2026-02-08 17:43:32:4332 [35mhttp[39m: [35mGET /api/auth/profile 401 69 - 0.114 ms anonymous[39m
2026-02-08 17:43:32:4332 [31merror[39m: [31mAuthentication error: jwt expired[39m
2026-02-08 17:43:32:4332 [35mhttp[39m: [35mGET /api/auth/profile 401 69 - 10.491 ms anonymous[39m
2026-02-08 17:43:32:4332 [35mhttp[39m: [35mGET /api/auth/profile 401 69 - 0.079 ms anonymous[39m
2026-02-08 17:43:32:4332 [31merror[39m: [31mAuthentication error: jwt expired[39m
2026-02-08 17:43:32:4332 [35mhttp[39m: [35mGET /api/auth/profile 401 69 - 10.956 ms anonymous[39m
2026-02-08 17:43:32:4332 [35mhttp[39m: [35mGET /api/auth/profile 401 69 - 0.260 ms anonymous[39m
2026-02-08 17:43:32:4332 [31merror[39m: [31mAuthentication error: jwt expired[39m
2026-02-08 17:43:32:4332 [35mhttp[39m: [35mGET /api/auth/profile 401 69 - 9.990 ms anonymous[39m
2026-02-08 17:43:32:4332 [35mhttp[39m: [35mGET /api/auth/profile 401 69 - 0.111 ms anonymous[39m
2026-02-08 17:43:32:4332 [31merror[39m: [31mAuthentication error: jwt expired[39m
2026-02-08 17:43:32:4332 [35mhttp[39m: [35mGET /api/auth/profile 401 69 - 8.346 ms anonymous[39m
2026-02-08 17:43:32:4332 [35mhttp[39m: [35mGET /api/auth/profile 401 69 - 0.074 ms anonymous[39m
2026-02-08 17:43:32:4332 [35mhttp[39m: [35mGET /api/auth/profile 401 69 - 0.409 ms anonymous[39m
2026-02-08 17:43:32:4332 [31merror[39m: [31mAuthentication error: jwt expired[39m
2026-02-08 17:43:32:4332 [35mhttp[39m: [35mGET /api/auth/profile 401 69 - 19.919 ms anonymous[39m
2026-02-08 17:43:32:4332 [35mhttp[39m: [35mGET /api/auth/profile 401 69 - 0.329 ms anonymous[39m
2026-02-08 17:43:32:4332 [31merror[39m: [31mAuthentication error: jwt expired[39m
2026-02-08 17:43:32:4332 [35mhttp[39m: [35mGET /api/auth/profile 401 69 - 8.696 ms anonymous[39m
2026-02-08 17:43:32:4332 [35mhttp[39m: [35mGET /api/auth/profile 401 69 - 0.075 ms anonymous[39m
2026-02-08 17:43:32:4332 [31merror[39m: [31mAuthentication error: jwt expired[39m
2026-02-08 17:43:32:4332 [35mhttp[39m: [35mGET /api/auth/profile 401 69 - 13.811 ms anonymous[39m
2026-02-08 17:43:32:4332 [35mhttp[39m: [35mGET /api/auth/profile 401 69 - 1.082 ms anonymous[39m
2026-02-08 17:43:32:4332 [31merror[39m: [31mAuthentication error: jwt expired[39m
2026-02-08 17:43:32:4332 [35mhttp[39m: [35mGET /api/auth/profile 401 69 - 9.663 ms anonymous[39m
2026-02-08 17:43:32:4332 [35mhttp[39m: [35mGET /api/auth/profile 401 69 - 0.082 ms anonymous[39m
2026-02-08 17:43:32:4332 [31merror[39m: [31mAuthentication error: jwt expired[39m
2026-02-08 17:43:32:4332 [35mhttp[39m: [35mGET /api/auth/profile 401 69 - 12.509 ms anonymous[39m
2026-02-08 17:43:32:4332 [35mhttp[39m: [35mGET /api/auth/profile 401 69 - 0.084 ms anonymous[39m
2026-02-08 17:43:33:4333 [31merror[39m: [31mAuthentication error: jwt expired[39m
2026-02-08 17:43:33:4333 [35mhttp[39m: [35mGET /api/auth/profile 401 69 - 13.233 ms anonymous[39m
2026-02-08 17:43:33:4333 [35mhttp[39m: [35mGET /api/auth/profile 401 69 - 0.089 ms anonymous[39m
2026-02-08 17:43:33:4333 [35mhttp[39m: [35mGET /api/auth/profile 401 69 - 0.291 ms anonymous[39m
2026-02-08 17:43:33:4333 [31merror[39m: [31mAuthentication error: jwt expired[39m
2026-02-08 17:43:33:4333 [35mhttp[39m: [35mGET /api/auth/profile 401 69 - 12.490 ms anonymous[39m
2026-02-08 17:43:33:4333 [35mhttp[39m: [35mGET /api/auth/profile 401 69 - 0.414 ms anonymous[39m
2026-02-08 17:43:33:4333 [31merror[39m: [31mAuthentication error: jwt expired[39m
2026-02-08 17:43:33:4333 [35mhttp[39m: [35mGET /api/auth/profile 401 69 - 14.970 ms anonymous[39m
2026-02-08 17:43:33:4333 [35mhttp[39m: [35mGET /api/auth/profile 401 69 - 0.317 ms anonymous[39m
2026-02-08 17:43:33:4333 [31merror[39m: [31mAuthentication error: jwt expired[39m
2026-02-08 17:43:33:4333 [35mhttp[39m: [35mGET /api/auth/profile 401 69 - 13.596 ms anonymous[39m
2026-02-08 17:43:33:4333 [35mhttp[39m: [35mGET /api/auth/profile 401 69 - 2.638 ms anonymous[39m
2026-02-08 17:43:33:4333 [31merror[39m: [31mAuthentication error: jwt expired[39m
2026-02-08 17:43:33:4333 [35mhttp[39m: [35mGET /api/auth/profile 401 69 - 12.092 ms anonymous[39m
2026-02-08 17:43:33:4333 [35mhttp[39m: [35mGET /api/auth/profile 401 69 - 0.129 ms anonymous[39m
2026-02-08 17:43:33:4333 [31merror[39m: [31mAuthentication error: jwt expired[39m
2026-02-08 17:43:33:4333 [35mhttp[39m: [35mGET /api/auth/profile 401 69 - 9.309 ms anonymous[39m
2026-02-08 17:43:33:4333 [35mhttp[39m: [35mGET /api/auth/profile 401 69 - 0.091 ms anonymous[39m
2026-02-08 17:43:33:4333 [31merror[39m: [31mAuthentication error: jwt expired[39m
2026-02-08 17:43:33:4333 [35mhttp[39m: [35mGET /api/auth/profile 401 69 - 8.627 ms anonymous[39m
2026-02-08 17:43:33:4333 [35mhttp[39m: [35mGET /api/auth/profile 401 69 - 0.130 ms anonymous[39m
2026-02-08 17:43:33:4333 [31merror[39m: [31mAuthentication error: jwt expired[39m
2026-02-08 17:43:33:4333 [35mhttp[39m: [35mGET /api/auth/profile 401 69 - 14.507 ms anonymous[39m
2026-02-08 17:43:33:4333 [35mhttp[39m: [35mGET /api/auth/profile 401 69 - 0.121 ms anonymous[39m
2026-02-08 17:43:33:4333 [31merror[39m: [31mAuthentication error: jwt expired[39m
2026-02-08 17:43:33:4333 [35mhttp[39m: [35mGET /api/auth/profile 401 69 - 11.863 ms anonymous[39m
2026-02-08 17:43:33:4333 [35mhttp[39m: [35mGET /api/auth/profile 401 69 - 0.267 ms anonymous[39m
2026-02-08 17:43:33:4333 [31merror[39m: [31mAuthentication error: jwt expired[39m
2026-02-08 17:43:33:4333 [35mhttp[39m: [35mGET /api/auth/profile 401 69 - 9.567 ms anonymous[39m
2026-02-08 17:43:33:4333 [35mhttp[39m: [35mGET /api/auth/profile 401 69 - 0.078 ms anonymous[39m
2026-02-08 17:43:33:4333 [31merror[39m: [31mAuthentication error: jwt expired[39m
2026-02-08 17:43:33:4333 [35mhttp[39m: [35mGET /api/auth/profile 401 69 - 22.932 ms anonymous[39m
2026-02-08 17:43:33:4333 [35mhttp[39m: [35mGET /api/auth/profile 401 69 - 0.119 ms anonymous[39m
2026-02-08 17:43:33:4333 [35mhttp[39m: [35mGET /api/auth/profile 401 69 - 0.343 ms anonymous[39m
2026-02-08 17:43:33:4333 [31merror[39m: [31mAuthentication error: jwt expired[39m
2026-02-08 17:43:33:4333 [35mhttp[39m: [35mGET /api/auth/profile 401 69 - 9.489 ms anonymous[39m
2026-02-08 17:43:33:4333 [35mhttp[39m: [35mGET /api/auth/profile 401 69 - 0.120 ms anonymous[39m
2026-02-08 17:43:33:4333 [31merror[39m: [31mAuthentication error: jwt expired[39m
2026-02-08 17:43:34:4334 [35mhttp[39m: [35mGET /api/auth/profile 401 69 - 11.637 ms anonymous[39m
2026-02-08 17:43:34:4334 [35mhttp[39m: [35mGET /api/auth/profile 401 69 - 0.361 ms anonymous[39m
2026-02-08 17:43:34:4334 [31merror[39m: [31mAuthentication error: jwt expired[39m
2026-02-08 17:43:34:4334 [35mhttp[39m: [35mGET /api/auth/profile 401 69 - 8.678 ms anonymous[39m
2026-02-08 17:43:34:4334 [35mhttp[39m: [35mGET /api/auth/profile 401 69 - 0.082 ms anonymous[39m
2026-02-08 17:43:34:4334 [31merror[39m: [31mAuthentication error: jwt expired[39m
2026-02-08 17:43:34:4334 [35mhttp[39m: [35mGET /api/auth/profile 401 69 - 10.756 ms anonymous[39m
2026-02-08 17:43:34:4334 [35mhttp[39m: [35mGET /api/auth/profile 401 69 - 0.384 ms anonymous[39m
2026-02-08 17:43:34:4334 [31merror[39m: [31mAuthentication error: jwt expired[39m
2026-02-08 17:43:34:4334 [35mhttp[39m: [35mGET /api/auth/profile 401 69 - 13.041 ms anonymous[39m
2026-02-08 17:43:34:4334 [35mhttp[39m: [35mGET /api/auth/profile 401 69 - 0.217 ms anonymous[39m
2026-02-08 17:43:34:4334 [35mhttp[39m: [35mGET /api/auth/profile 401 69 - 0.301 ms anonymous[39m
2026-02-08 17:43:34:4334 [31merror[39m: [31mAuthentication error: jwt expired[39m
2026-02-08 17:43:34:4334 [35mhttp[39m: [35mGET /api/auth/profile 401 69 - 11.896 ms anonymous[39m
2026-02-08 17:43:34:4334 [35mhttp[39m: [35mGET /api/auth/profile 401 69 - 2.698 ms anonymous[39m
2026-02-08 17:43:34:4334 [31merror[39m: [31mAuthentication error: jwt expired[39m
2026-02-08 17:43:34:4334 [35mhttp[39m: [35mGET /api/auth/profile 401 69 - 14.048 ms anonymous[39m
2026-02-08 17:43:34:4334 [35mhttp[39m: [35mGET /api/auth/profile 401 69 - 0.159 ms anonymous[39m
2026-02-08 17:43:34:4334 [31merror[39m: [31mAuthentication error: jwt expired[39m
2026-02-08 17:43:34:4334 [35mhttp[39m: [35mGET /api/auth/profile 401 69 - 17.402 ms anonymous[39m
2026-02-08 17:43:34:4334 [35mhttp[39m: [35mGET /api/auth/profile 401 69 - 0.953 ms anonymous[39m
2026-02-08 17:43:34:4334 [31merror[39m: [31mAuthentication error: jwt expired[39m
2026-02-08 17:43:34:4334 [35mhttp[39m: [35mGET /api/auth/profile 401 69 - 13.711 ms anonymous[39m
2026-02-08 17:43:34:4334 [35mhttp[39m: [35mGET /api/auth/profile 401 69 - 0.320 ms anonymous[39m
2026-02-08 17:43:34:4334 [31merror[39m: [31mAuthentication error: jwt expired[39m
2026-02-08 17:43:34:4334 [35mhttp[39m: [35mGET /api/auth/profile 401 69 - 27.591 ms anonymous[39m
2026-02-08 17:43:34:4334 [35mhttp[39m: [35mGET /api/auth/profile 401 69 - 0.161 ms anonymous[39m
2026-02-08 17:43:34:4334 [31merror[39m: [31mAuthentication error: jwt expired[39m
2026-02-08 17:43:34:4334 [35mhttp[39m: [35mGET /api/auth/profile 401 69 - 8.990 ms anonymous[39m
2026-02-08 17:43:34:4334 [35mhttp[39m: [35mGET /api/auth/profile 401 69 - 0.430 ms anonymous[39m
2026-02-08 17:43:34:4334 [35mhttp[39m: [35mGET /api/auth/profile 401 69 - 0.164 ms anonymous[39m
2026-02-08 17:43:34:4334 [31merror[39m: [31mAuthentication error: jwt expired[39m
2026-02-08 17:43:34:4334 [35mhttp[39m: [35mGET /api/auth/profile 401 69 - 12.704 ms anonymous[39m
2026-02-08 17:43:34:4334 [35mhttp[39m: [35mGET /api/auth/profile 401 69 - 0.181 ms anonymous[39m
2026-02-08 17:43:34:4334 [31merror[39m: [31mAuthentication error: jwt expired[39m
2026-02-08 17:43:34:4334 [35mhttp[39m: [35mGET /api/auth/profile 401 69 - 16.968 ms anonymous[39m
2026-02-08 17:43:34:4334 [35mhttp[39m: [35mGET /api/auth/profile 401 69 - 0.566 ms anonymous[39m
2026-02-08 17:43:34:4334 [31merror[39m: [31mAuthentication error: jwt expired[39m
2026-02-08 17:43:34:4334 [35mhttp[39m: [35mGET /api/auth/profile 401 69 - 14.673 ms anonymous[39m
2026-02-08 17:43:34:4334 [35mhttp[39m: [35mGET /api/auth/profile 401 69 - 0.293 ms anonymous[39m
2026-02-08 17:43:34:4334 [31merror[39m: [31mAuthentication error: jwt expired[39m
2026-02-08 17:43:34:4334 [35mhttp[39m: [35mGET /api/auth/profile 401 69 - 13.296 ms anonymous[39m
2026-02-08 17:43:34:4334 [35mhttp[39m: [35mGET /api/auth/profile 401 69 - 0.120 ms anonymous[39m
2026-02-08 17:43:34:4334 [31merror[39m: [31mAuthentication error: jwt expired[39m
2026-02-08 17:43:34:4334 [35mhttp[39m: [35mGET /api/auth/profile 401 69 - 10.653 ms anonymous[39m
2026-02-08 17:43:35:4335 [35mhttp[39m: [35mGET /api/auth/profile 401 69 - 0.284 ms anonymous[39m
2026-02-08 17:43:35:4335 [31merror[39m: [31mAuthentication error: jwt expired[39m
2026-02-08 17:43:35:4335 [35mhttp[39m: [35mGET /api/auth/profile 401 69 - 11.978 ms anonymous[39m
2026-02-08 17:43:35:4335 [35mhttp[39m: [35mGET /api/auth/profile 401 69 - 0.221 ms anonymous[39m
2026-02-08 17:43:35:4335 [35mhttp[39m: [35mGET /api/auth/profile 401 69 - 0.335 ms anonymous[39m
2026-02-08 17:43:35:4335 [31merror[39m: [31mAuthentication error: jwt expired[39m
2026-02-08 17:43:35:4335 [35mhttp[39m: [35mGET /api/auth/profile 401 69 - 11.397 ms anonymous[39m
2026-02-08 17:43:35:4335 [35mhttp[39m: [35mGET /api/auth/profile 401 69 - 0.143 ms anonymous[39m
2026-02-08 17:43:35:4335 [31merror[39m: [31mAuthentication error: jwt expired[39m
2026-02-08 17:43:35:4335 [35mhttp[39m: [35mGET /api/auth/profile 401 69 - 12.932 ms anonymous[39m
2026-02-08 17:43:35:4335 [35mhttp[39m: [35mGET /api/auth/profile 401 69 - 0.129 ms anonymous[39m
2026-02-08 17:43:35:4335 [31merror[39m: [31mAuthentication error: jwt expired[39m
2026-02-08 17:43:35:4335 [35mhttp[39m: [35mGET /api/auth/profile 401 69 - 16.790 ms anonymous[39m
2026-02-08 17:43:35:4335 [35mhttp[39m: [35mGET /api/auth/profile 401 69 - 0.246 ms anonymous[39m
2026-02-08 17:43:35:4335 [31merror[39m: [31mAuthentication error: jwt expired[39m
2026-02-08 17:43:35:4335 [35mhttp[39m: [35mGET /api/auth/profile 401 69 - 10.892 ms anonymous[39m
2026-02-08 17:43:35:4335 [35mhttp[39m: [35mGET /api/auth/profile 401 69 - 0.127 ms anonymous[39m
2026-02-08 17:43:35:4335 [31merror[39m: [31mAuthentication error: jwt expired[39m
2026-02-08 17:43:35:4335 [35mhttp[39m: [35mGET /api/auth/profile 401 69 - 20.864 ms anonymous[39m
2026-02-08 17:43:35:4335 [35mhttp[39m: [35mGET /api/auth/profile 401 69 - 0.077 ms anonymous[39m
2026-02-08 17:43:35:4335 [35mhttp[39m: [35mGET /api/auth/profile 401 69 - 0.187 ms anonymous[39m
2026-02-08 17:43:35:4335 [31merror[39m: [31mAuthentication error: jwt expired[39m
2026-02-08 17:43:35:4335 [35mhttp[39m: [35mGET /api/auth/profile 401 69 - 15.689 ms anonymous[39m
2026-02-08 17:43:35:4335 [35mhttp[39m: [35mGET /api/auth/profile 401 69 - 0.137 ms anonymous[39m
2026-02-08 17:43:35:4335 [31merror[39m: [31mAuthentication error: jwt expired[39m
2026-02-08 17:43:35:4335 [35mhttp[39m: [35mGET /api/auth/profile 401 69 - 13.091 ms anonymous[39m
2026-02-08 17:43:35:4335 [35mhttp[39m: [35mGET /api/auth/profile 401 69 - 0.515 ms anonymous[39m
2026-02-08 17:43:35:4335 [31merror[39m: [31mAuthentication error: jwt expired[39m
2026-02-08 17:43:35:4335 [35mhttp[39m: [35mGET /api/auth/profile 401 69 - 19.533 ms anonymous[39m
2026-02-08 17:43:35:4335 [35mhttp[39m: [35mGET /api/auth/profile 401 69 - 0.126 ms anonymous[39m
2026-02-08 17:43:35:4335 [31merror[39m: [31mAuthentication error: jwt expired[39m
2026-02-08 17:43:35:4335 [35mhttp[39m: [35mGET /api/auth/profile 401 69 - 14.468 ms anonymous[39m
2026-02-08 17:43:35:4335 [35mhttp[39m: [35mGET /api/auth/profile 401 69 - 0.087 ms anonymous[39m
2026-02-08 17:43:35:4335 [31merror[39m: [31mAuthentication error: jwt expired[39m
2026-02-08 17:43:35:4335 [35mhttp[39m: [35mGET /api/auth/profile 401 69 - 15.575 ms anonymous[39m
2026-02-08 17:43:35:4335 [35mhttp[39m: [35mGET /api/auth/profile 401 69 - 0.081 ms anonymous[39m
2026-02-08 17:43:35:4335 [35mhttp[39m: [35mGET /api/auth/profile 401 69 - 0.464 ms anonymous[39m
2026-02-08 17:43:35:4335 [31merror[39m: [31mAuthentication error: jwt expired[39m
2026-02-08 17:43:35:4335 [35mhttp[39m: [35mGET /api/auth/profile 401 69 - 15.204 ms anonymous[39m
2026-02-08 17:43:36:4336 [35mhttp[39m: [35mGET /api/auth/profile 401 69 - 0.130 ms anonymous[39m
2026-02-08 17:43:36:4336 [31merror[39m: [31mAuthentication error: jwt expired[39m
2026-02-08 17:43:36:4336 [35mhttp[39m: [35mGET /api/auth/profile 401 69 - 17.423 ms anonymous[39m
2026-02-08 17:43:36:4336 [35mhttp[39m: [35mGET /api/auth/profile 401 69 - 0.362 ms anonymous[39m
2026-02-08 17:43:36:4336 [31merror[39m: [31mAuthentication error: jwt expired[39m
2026-02-08 17:43:36:4336 [35mhttp[39m: [35mGET /api/auth/profile 401 69 - 13.900 ms anonymous[39m
2026-02-08 17:43:36:4336 [35mhttp[39m: [35mGET /api/auth/profile 401 69 - 0.410 ms anonymous[39m
2026-02-08 17:43:36:4336 [31merror[39m: [31mAuthentication error: jwt expired[39m
2026-02-08 17:43:36:4336 [35mhttp[39m: [35mGET /api/auth/profile 401 69 - 11.741 ms anonymous[39m
2026-02-08 17:43:36:4336 [35mhttp[39m: [35mGET /api/auth/profile 401 69 - 0.233 ms anonymous[39m
2026-02-08 17:43:36:4336 [31merror[39m: [31mAuthentication error: jwt expired[39m
2026-02-08 17:43:36:4336 [35mhttp[39m: [35mGET /api/auth/profile 401 69 - 12.708 ms anonymous[39m
2026-02-08 17:43:36:4336 [35mhttp[39m: [35mGET /api/auth/profile 401 69 - 0.101 ms anonymous[39m
2026-02-08 17:43:36:4336 [31merror[39m: [31mAuthentication error: jwt expired[39m
2026-02-08 17:43:36:4336 [35mhttp[39m: [35mGET /api/auth/profile 401 69 - 13.199 ms anonymous[39m
2026-02-08 17:43:36:4336 [35mhttp[39m: [35mGET /api/auth/profile 401 69 - 0.098 ms anonymous[39m
2026-02-08 17:43:36:4336 [31merror[39m: [31mAuthentication error: jwt expired[39m
2026-02-08 17:43:36:4336 [35mhttp[39m: [35mGET /api/auth/profile 401 69 - 10.069 ms anonymous[39m
2026-02-08 17:43:36:4336 [35mhttp[39m: [35mGET /api/auth/profile 401 69 - 0.328 ms anonymous[39m
2026-02-08 17:43:36:4336 [31merror[39m: [31mAuthentication error: jwt expired[39m
2026-02-08 17:43:36:4336 [35mhttp[39m: [35mGET /api/auth/profile 401 69 - 9.832 ms anonymous[39m
2026-02-08 17:43:36:4336 [35mhttp[39m: [35mGET /api/auth/profile 401 69 - 0.076 ms anonymous[39m
2026-02-08 17:43:36:4336 [31merror[39m: [31mAuthentication error: jwt expired[39m
2026-02-08 17:43:36:4336 [35mhttp[39m: [35mGET /api/auth/profile 401 69 - 14.382 ms anonymous[39m
2026-02-08 17:43:36:4336 [35mhttp[39m: [35mGET /api/auth/profile 401 69 - 0.085 ms anonymous[39m
2026-02-08 17:43:36:4336 [35mhttp[39m: [35mGET /api/auth/profile 401 69 - 0.471 ms anonymous[39m
2026-02-08 17:43:36:4336 [31merror[39m: [31mAuthentication error: jwt expired[39m
2026-02-08 17:43:36:4336 [35mhttp[39m: [35mGET /api/auth/profile 401 69 - 11.935 ms anonymous[39m
2026-02-08 17:43:36:4336 [35mhttp[39m: [35mGET /api/auth/profile 401 69 - 0.267 ms anonymous[39m
2026-02-08 17:43:36:4336 [31merror[39m: [31mAuthentication error: jwt expired[39m
2026-02-08 17:43:36:4336 [35mhttp[39m: [35mGET /api/auth/profile 401 69 - 15.741 ms anonymous[39m
2026-02-08 17:43:36:4336 [35mhttp[39m: [35mGET /api/auth/profile 401 69 - 0.567 ms anonymous[39m
2026-02-08 17:43:36:4336 [31merror[39m: [31mAuthentication error: jwt expired[39m
2026-02-08 17:43:36:4336 [35mhttp[39m: [35mGET /api/auth/profile 401 69 - 15.181 ms anonymous[39m
2026-02-08 17:43:36:4336 [35mhttp[39m: [35mGET /api/auth/profile 401 69 - 0.397 ms anonymous[39m
2026-02-08 17:43:36:4336 [31merror[39m: [31mAuthentication error: jwt expired[39m
2026-02-08 17:43:36:4336 [35mhttp[39m: [35mGET /api/auth/profile 401 69 - 13.206 ms anonymous[39m
2026-02-08 17:43:36:4336 [35mhttp[39m: [35mGET /api/auth/profile 401 69 - 0.139 ms anonymous[39m
2026-02-08 17:43:36:4336 [31merror[39m: [31mAuthentication error: jwt expired[39m
2026-02-08 17:43:36:4336 [35mhttp[39m: [35mGET /api/auth/profile 401 69 - 23.987 ms anonymous[39m
2026-02-08 17:43:36:4336 [35mhttp[39m: [35mGET /api/auth/profile 401 69 - 0.438 ms anonymous[39m
2026-02-08 17:43:36:4336 [35mhttp[39m: [35mGET /api/auth/profile 401 69 - 0.321 ms anonymous[39m
2026-02-08 17:43:36:4336 [31merror[39m: [31mAuthentication error: jwt expired[39m
2026-02-08 17:43:36:4336 [35mhttp[39m: [35mGET /api/auth/profile 401 69 - 18.634 ms anonymous[39m
2026-02-08 17:43:36:4336 [35mhttp[39m: [35mGET /api/auth/profile 401 69 - 0.118 ms anonymous[39m
2026-02-08 17:43:36:4336 [31merror[39m: [31mAuthentication error: jwt expired[39m
2026-02-08 17:43:36:4336 [35mhttp[39m: [35mGET /api/auth/profile 401 69 - 17.606 ms anonymous[39m
2026-02-08 17:43:36:4336 [35mhttp[39m: [35mGET /api/auth/profile 401 69 - 0.406 ms anonymous[39m
2026-02-08 17:43:37:4337 [31merror[39m: [31mAuthentication error: jwt expired[39m
2026-02-08 17:43:37:4337 [35mhttp[39m: [35mGET /api/auth/profile 401 69 - 16.483 ms anonymous[39m
2026-02-08 17:43:37:4337 [35mhttp[39m: [35mGET /api/auth/profile 401 69 - 0.318 ms anonymous[39m
2026-02-08 17:43:37:4337 [31merror[39m: [31mAuthentication error: jwt expired[39m
2026-02-08 17:43:37:4337 [35mhttp[39m: [35mGET /api/auth/profile 401 69 - 11.373 ms anonymous[39m
2026-02-08 17:43:37:4337 [35mhttp[39m: [35mGET /api/auth/profile 401 69 - 0.125 ms anonymous[39m
2026-02-08 17:43:37:4337 [31merror[39m: [31mAuthentication error: jwt expired[39m
2026-02-08 17:43:37:4337 [35mhttp[39m: [35mGET /api/auth/profile 401 69 - 6.728 ms anonymous[39m
2026-02-08 17:43:37:4337 [35mhttp[39m: [35mGET /api/auth/profile 401 69 - 0.818 ms anonymous[39m
2026-02-08 17:43:37:4337 [31merror[39m: [31mAuthentication error: jwt expired[39m
2026-02-08 17:43:37:4337 [35mhttp[39m: [35mGET /api/auth/profile 401 69 - 12.457 ms anonymous[39m
2026-02-08 17:43:37:4337 [35mhttp[39m: [35mGET /api/auth/profile 401 69 - 0.101 ms anonymous[39m
2026-02-08 17:43:37:4337 [35mhttp[39m: [35mGET /api/auth/profile 401 69 - 0.167 ms anonymous[39m
2026-02-08 17:43:37:4337 [31merror[39m: [31mAuthentication error: jwt expired[39m
2026-02-08 17:43:37:4337 [35mhttp[39m: [35mGET /api/auth/profile 401 69 - 13.680 ms anonymous[39m
2026-02-08 17:43:37:4337 [35mhttp[39m: [35mGET /api/auth/profile 401 69 - 0.501 ms anonymous[39m
2026-02-08 17:43:37:4337 [31merror[39m: [31mAuthentication error: jwt expired[39m
2026-02-08 17:43:37:4337 [35mhttp[39m: [35mGET /api/auth/profile 401 69 - 14.391 ms anonymous[39m
2026-02-08 17:43:37:4337 [35mhttp[39m: [35mGET /api/auth/profile 401 69 - 0.700 ms anonymous[39m
2026-02-08 17:43:37:4337 [31merror[39m: [31mAuthentication error: jwt expired[39m
2026-02-08 17:43:37:4337 [35mhttp[39m: [35mGET /api/auth/profile 401 69 - 11.724 ms anonymous[39m
2026-02-08 17:43:37:4337 [35mhttp[39m: [35mGET /api/auth/profile 401 69 - 0.141 ms anonymous[39m
2026-02-08 17:43:37:4337 [31merror[39m: [31mAuthentication error: jwt expired[39m
2026-02-08 17:43:37:4337 [35mhttp[39m: [35mGET /api/auth/profile 401 69 - 10.483 ms anonymous[39m
2026-02-08 17:43:37:4337 [35mhttp[39m: [35mGET /api/auth/profile 401 69 - 0.084 ms anonymous[39m
2026-02-08 17:43:37:4337 [31merror[39m: [31mAuthentication error: jwt expired[39m
2026-02-08 17:43:37:4337 [35mhttp[39m: [35mGET /api/auth/profile 401 69 - 8.360 ms anonymous[39m
2026-02-08 17:43:37:4337 [35mhttp[39m: [35mGET /api/auth/profile 401 69 - 0.094 ms anonymous[39m
2026-02-08 17:43:37:4337 [35mhttp[39m: [35mGET /api/auth/profile 401 69 - 0.363 ms anonymous[39m
2026-02-08 17:43:37:4337 [31merror[39m: [31mAuthentication error: jwt expired[39m
2026-02-08 17:43:37:4337 [35mhttp[39m: [35mGET /api/auth/profile 401 69 - 13.267 ms anonymous[39m
2026-02-08 17:43:37:4337 [35mhttp[39m: [35mGET /api/auth/profile 401 69 - 0.297 ms anonymous[39m
2026-02-08 17:43:37:4337 [31merror[39m: [31mAuthentication error: jwt expired[39m
2026-02-08 17:43:37:4337 [35mhttp[39m: [35mGET /api/auth/profile 401 69 - 17.009 ms anonymous[39m
2026-02-08 17:43:37:4337 [35mhttp[39m: [35mGET /api/auth/profile 401 69 - 0.308 ms anonymous[39m
2026-02-08 17:43:37:4337 [31merror[39m: [31mAuthentication error: jwt expired[39m
2026-02-08 17:43:37:4337 [35mhttp[39m: [35mGET /api/auth/profile 401 69 - 27.140 ms anonymous[39m
2026-02-08 17:43:37:4337 [35mhttp[39m: [35mGET /api/auth/profile 401 69 - 0.304 ms anonymous[39m
2026-02-08 17:43:37:4337 [31merror[39m: [31mAuthentication error: jwt expired[39m
2026-02-08 17:43:37:4337 [35mhttp[39m: [35mGET /api/auth/profile 401 69 - 20.648 ms anonymous[39m
2026-02-08 17:43:37:4337 [35mhttp[39m: [35mGET /api/auth/profile 401 69 - 0.348 ms anonymous[39m
2026-02-08 17:43:37:4337 [31merror[39m: [31mAuthentication error: jwt expired[39m
2026-02-08 17:43:37:4337 [35mhttp[39m: [35mGET /api/auth/profile 401 69 - 8.768 ms anonymous[39m
2026-02-08 17:43:37:4337 [35mhttp[39m: [35mGET /api/auth/profile 401 69 - 0.366 ms anonymous[39m
2026-02-08 17:43:37:4337 [31merror[39m: [31mAuthentication error: jwt expired[39m
2026-02-08 17:43:37:4337 [35mhttp[39m: [35mGET /api/auth/profile 401 69 - 12.698 ms anonymous[39m
2026-02-08 17:43:37:4337 [35mhttp[39m: [35mGET /api/auth/profile 401 69 - 0.095 ms anonymous[39m
2026-02-08 17:43:37:4337 [31merror[39m: [31mAuthentication error: jwt expired[39m
2026-02-08 17:43:38:4338 [35mhttp[39m: [35mGET /api/auth/profile 401 69 - 10.733 ms anonymous[39m
2026-02-08 17:43:38:4338 [35mhttp[39m: [35mGET /api/auth/profile 401 69 - 0.119 ms anonymous[39m
2026-02-08 17:43:38:4338 [31merror[39m: [31mAuthentication error: jwt expired[39m
2026-02-08 17:43:38:4338 [35mhttp[39m: [35mGET /api/auth/profile 401 69 - 9.881 ms anonymous[39m
2026-02-08 17:43:38:4338 [35mhttp[39m: [35mGET /api/auth/profile 401 69 - 0.089 ms anonymous[39m
2026-02-08 17:43:38:4338 [31merror[39m: [31mAuthentication error: jwt expired[39m
2026-02-08 17:43:38:4338 [35mhttp[39m: [35mGET /api/auth/profile 401 69 - 15.232 ms anonymous[39m
2026-02-08 17:43:38:4338 [35mhttp[39m: [35mGET /api/auth/profile 401 69 - 0.144 ms anonymous[39m
2026-02-08 17:43:38:4338 [35mhttp[39m: [35mGET /api/auth/profile 401 69 - 1.473 ms anonymous[39m
2026-02-08 17:43:38:4338 [31merror[39m: [31mAuthentication error: jwt expired[39m
2026-02-08 17:43:38:4338 [35mhttp[39m: [35mGET /api/auth/profile 401 69 - 14.861 ms anonymous[39m
2026-02-08 17:43:38:4338 [35mhttp[39m: [35mGET /api/auth/profile 401 69 - 0.525 ms anonymous[39m
2026-02-08 17:43:38:4338 [31merror[39m: [31mAuthentication error: jwt expired[39m
2026-02-08 17:43:38:4338 [35mhttp[39m: [35mGET /api/auth/profile 401 69 - 13.638 ms anonymous[39m
2026-02-08 17:43:38:4338 [35mhttp[39m: [35mGET /api/auth/profile 401 69 - 0.816 ms anonymous[39m
2026-02-08 17:43:38:4338 [31merror[39m: [31mAuthentication error: jwt expired[39m
2026-02-08 17:43:38:4338 [35mhttp[39m: [35mGET /api/auth/profile 401 69 - 12.586 ms anonymous[39m
2026-02-08 17:43:38:4338 [35mhttp[39m: [35mGET /api/auth/profile 401 69 - 0.397 ms anonymous[39m
2026-02-08 17:43:38:4338 [31merror[39m: [31mAuthentication error: jwt expired[39m
2026-02-08 17:43:38:4338 [35mhttp[39m: [35mGET /api/auth/profile 401 69 - 9.925 ms anonymous[39m
2026-02-08 17:43:38:4338 [35mhttp[39m: [35mGET /api/auth/profile 401 69 - 0.067 ms anonymous[39m
2026-02-08 17:43:38:4338 [35mhttp[39m: [35mGET /api/auth/profile 401 69 - 0.368 ms anonymous[39m
2026-02-08 17:43:38:4338 [31merror[39m: [31mAuthentication error: jwt expired[39m
2026-02-08 17:43:38:4338 [35mhttp[39m: [35mGET /api/auth/profile 401 69 - 25.117 ms anonymous[39m
2026-02-08 17:43:38:4338 [35mhttp[39m: [35mGET /api/auth/profile 401 69 - 0.157 ms anonymous[39m
2026-02-08 17:43:38:4338 [31merror[39m: [31mAuthentication error: jwt expired[39m
2026-02-08 17:43:38:4338 [35mhttp[39m: [35mGET /api/auth/profile 401 69 - 19.347 ms anonymous[39m
2026-02-08 17:43:38:4338 [35mhttp[39m: [35mGET /api/auth/profile 401 69 - 0.436 ms anonymous[39m
2026-02-08 17:43:38:4338 [31merror[39m: [31mAuthentication error: jwt expired[39m
2026-02-08 17:43:38:4338 [35mhttp[39m: [35mGET /api/auth/profile 401 69 - 12.792 ms anonymous[39m
2026-02-08 17:43:38:4338 [35mhttp[39m: [35mGET /api/auth/profile 401 69 - 0.901 ms anonymous[39m
2026-02-08 17:43:38:4338 [31merror[39m: [31mAuthentication error: jwt expired[39m
2026-02-08 17:43:38:4338 [35mhttp[39m: [35mGET /api/auth/profile 401 69 - 8.698 ms anonymous[39m
2026-02-08 17:43:38:4338 [35mhttp[39m: [35mGET /api/auth/profile 401 69 - 0.143 ms anonymous[39m
2026-02-08 17:43:38:4338 [31merror[39m: [31mAuthentication error: jwt expired[39m
2026-02-08 17:43:38:4338 [35mhttp[39m: [35mGET /api/auth/profile 401 69 - 8.714 ms anonymous[39m
2026-02-08 17:43:38:4338 [35mhttp[39m: [35mGET /api/auth/profile 401 69 - 0.077 ms anonymous[39m
2026-02-08 17:43:38:4338 [35mhttp[39m: [35mGET /api/auth/profile 401 69 - 0.232 ms anonymous[39m
2026-02-08 17:43:38:4338 [31merror[39m: [31mAuthentication error: jwt expired[39m
2026-02-08 17:43:38:4338 [35mhttp[39m: [35mGET /api/auth/profile 401 69 - 13.035 ms anonymous[39m
2026-02-08 17:43:38:4338 [35mhttp[39m: [35mGET /api/auth/profile 401 69 - 0.302 ms anonymous[39m
2026-02-08 17:43:38:4338 [31merror[39m: [31mAuthentication error: jwt expired[39m
2026-02-08 17:43:38:4338 [35mhttp[39m: [35mGET /api/auth/profile 401 69 - 16.226 ms anonymous[39m
2026-02-08 17:43:38:4338 [35mhttp[39m: [35mGET /api/auth/profile 401 69 - 1.288 ms anonymous[39m
2026-02-08 17:43:38:4338 [31merror[39m: [31mAuthentication error: jwt expired[39m
2026-02-08 17:43:38:4338 [35mhttp[39m: [35mGET /api/auth/profile 401 69 - 15.105 ms anonymous[39m
2026-02-08 17:43:38:4338 [35mhttp[39m: [35mGET /api/auth/profile 401 69 - 0.438 ms anonymous[39m
2026-02-08 17:43:39:4339 [31merror[39m: [31mAuthentication error: jwt expired[39m
2026-02-08 17:43:39:4339 [35mhttp[39m: [35mGET /api/auth/profile 401 69 - 14.566 ms anonymous[39m
2026-02-08 17:43:39:4339 [35mhttp[39m: [35mGET /api/auth/profile 401 69 - 0.284 ms anonymous[39m
2026-02-08 17:43:39:4339 [31merror[39m: [31mAuthentication error: jwt expired[39m
2026-02-08 17:43:39:4339 [35mhttp[39m: [35mGET /api/auth/profile 401 69 - 15.065 ms anonymous[39m
2026-02-08 17:43:39:4339 [35mhttp[39m: [35mGET /api/auth/profile 401 69 - 0.831 ms anonymous[39m
2026-02-08 17:43:39:4339 [31merror[39m: [31mAuthentication error: jwt expired[39m
2026-02-08 17:43:39:4339 [35mhttp[39m: [35mGET /api/auth/profile 401 69 - 17.137 ms anonymous[39m
2026-02-08 17:43:39:4339 [35mhttp[39m: [35mGET /api/auth/profile 401 69 - 0.081 ms anonymous[39m
2026-02-08 17:43:39:4339 [35mhttp[39m: [35mGET /api/auth/profile 401 69 - 0.138 ms anonymous[39m
2026-02-08 17:43:39:4339 [31merror[39m: [31mAuthentication error: jwt expired[39m
2026-02-08 17:43:39:4339 [35mhttp[39m: [35mGET /api/auth/profile 401 69 - 11.689 ms anonymous[39m
2026-02-08 17:43:39:4339 [35mhttp[39m: [35mGET /api/auth/profile 401 69 - 0.395 ms anonymous[39m
2026-02-08 17:43:39:4339 [31merror[39m: [31mAuthentication error: jwt expired[39m
2026-02-08 17:43:39:4339 [35mhttp[39m: [35mGET /api/auth/profile 401 69 - 22.854 ms anonymous[39m
2026-02-08 17:43:39:4339 [35mhttp[39m: [35mGET /api/auth/profile 401 69 - 0.751 ms anonymous[39m
2026-02-08 17:43:39:4339 [31merror[39m: [31mAuthentication error: jwt expired[39m
2026-02-08 17:43:39:4339 [35mhttp[39m: [35mGET /api/auth/profile 401 69 - 19.255 ms anonymous[39m
2026-02-08 17:43:39:4339 [35mhttp[39m: [35mGET /api/auth/profile 401 69 - 0.397 ms anonymous[39m
2026-02-08 17:43:39:4339 [31merror[39m: [31mAuthentication error: jwt expired[39m
2026-02-08 17:43:39:4339 [35mhttp[39m: [35mGET /api/auth/profile 401 69 - 9.920 ms anonymous[39m
2026-02-08 17:43:39:4339 [35mhttp[39m: [35mGET /api/auth/profile 401 69 - 0.080 ms anonymous[39m
2026-02-08 17:43:39:4339 [31merror[39m: [31mAuthentication error: jwt expired[39m
2026-02-08 17:43:39:4339 [35mhttp[39m: [35mGET /api/auth/profile 401 69 - 10.027 ms anonymous[39m
2026-02-08 17:43:39:4339 [35mhttp[39m: [35mGET /api/auth/profile 401 69 - 0.090 ms anonymous[39m
2026-02-08 17:43:39:4339 [35mhttp[39m: [35mGET /api/auth/profile 401 69 - 0.158 ms anonymous[39m
2026-02-08 17:43:39:4339 [31merror[39m: [31mAuthentication error: jwt expired[39m
2026-02-08 17:43:39:4339 [35mhttp[39m: [35mGET /api/auth/profile 401 69 - 15.423 ms anonymous[39m
2026-02-08 17:43:39:4339 [35mhttp[39m: [35mGET /api/auth/profile 401 69 - 0.634 ms anonymous[39m
2026-02-08 17:43:39:4339 [31merror[39m: [31mAuthentication error: jwt expired[39m
2026-02-08 17:43:39:4339 [35mhttp[39m: [35mGET /api/auth/profile 401 69 - 10.751 ms anonymous[39m
2026-02-08 17:43:39:4339 [35mhttp[39m: [35mGET /api/auth/profile 401 69 - 0.529 ms anonymous[39m
2026-02-08 17:43:39:4339 [31merror[39m: [31mAuthentication error: jwt expired[39m
2026-02-08 17:43:39:4339 [35mhttp[39m: [35mGET /api/auth/profile 401 69 - 14.498 ms anonymous[39m
2026-02-08 17:43:39:4339 [35mhttp[39m: [35mGET /api/auth/profile 401 69 - 0.408 ms anonymous[39m
2026-02-08 17:43:39:4339 [31merror[39m: [31mAuthentication error: jwt expired[39m
2026-02-08 17:43:39:4339 [35mhttp[39m: [35mGET /api/auth/profile 401 69 - 13.531 ms anonymous[39m
2026-02-08 17:43:39:4339 [35mhttp[39m: [35mGET /api/auth/profile 401 69 - 0.308 ms anonymous[39m
2026-02-08 17:43:39:4339 [31merror[39m: [31mAuthentication error: jwt expired[39m
2026-02-08 17:43:39:4339 [35mhttp[39m: [35mGET /api/auth/profile 401 69 - 14.079 ms anonymous[39m
2026-02-08 17:43:39:4339 [35mhttp[39m: [35mGET /api/auth/profile 401 69 - 0.131 ms anonymous[39m
2026-02-08 17:43:39:4339 [35mhttp[39m: [35mGET /api/auth/profile 401 69 - 0.168 ms anonymous[39m
2026-02-08 17:43:39:4339 [31merror[39m: [31mAuthentication error: jwt expired[39m
2026-02-08 17:43:39:4339 [35mhttp[39m: [35mGET /api/auth/profile 401 69 - 25.824 ms anonymous[39m
2026-02-08 17:43:40:4340 [35mhttp[39m: [35mGET /api/auth/profile 401 69 - 0.265 ms anonymous[39m
2026-02-08 17:43:40:4340 [31merror[39m: [31mAuthentication error: jwt expired[39m
2026-02-08 17:43:40:4340 [35mhttp[39m: [35mGET /api/auth/profile 401 69 - 15.884 ms anonymous[39m
2026-02-08 17:43:40:4340 [35mhttp[39m: [35mGET /api/auth/profile 401 69 - 0.125 ms anonymous[39m
2026-02-08 17:43:40:4340 [31merror[39m: [31mAuthentication error: jwt expired[39m
2026-02-08 17:43:40:4340 [35mhttp[39m: [35mGET /api/auth/profile 401 69 - 13.690 ms anonymous[39m
2026-02-08 17:43:40:4340 [35mhttp[39m: [35mGET /api/auth/profile 401 69 - 0.328 ms anonymous[39m
2026-02-08 17:43:40:4340 [31merror[39m: [31mAuthentication error: jwt expired[39m
2026-02-08 17:43:40:4340 [35mhttp[39m: [35mGET /api/auth/profile 401 69 - 14.180 ms anonymous[39m
2026-02-08 17:43:40:4340 [35mhttp[39m: [35mGET /api/auth/profile 401 69 - 0.335 ms anonymous[39m
2026-02-08 17:43:40:4340 [31merror[39m: [31mAuthentication error: jwt expired[39m
2026-02-08 17:43:40:4340 [35mhttp[39m: [35mGET /api/auth/profile 401 69 - 24.777 ms anonymous[39m
2026-02-08 17:43:40:4340 [35mhttp[39m: [35mGET /api/auth/profile 401 69 - 0.132 ms anonymous[39m
2026-02-08 17:43:40:4340 [31merror[39m: [31mAuthentication error: jwt expired[39m
2026-02-08 17:43:40:4340 [35mhttp[39m: [35mGET /api/auth/profile 401 69 - 21.491 ms anonymous[39m
2026-02-08 17:43:40:4340 [35mhttp[39m: [35mGET /api/auth/profile 401 69 - 0.084 ms anonymous[39m
2026-02-08 17:43:40:4340 [35mhttp[39m: [35mGET /api/auth/profile 401 69 - 1.529 ms anonymous[39m
2026-02-08 17:43:40:4340 [31merror[39m: [31mAuthentication error: jwt expired[39m
2026-02-08 17:43:40:4340 [35mhttp[39m: [35mGET /api/auth/profile 401 69 - 18.238 ms anonymous[39m
2026-02-08 17:43:40:4340 [35mhttp[39m: [35mGET /api/auth/profile 401 69 - 0.176 ms anonymous[39m
2026-02-08 17:43:40:4340 [31merror[39m: [31mAuthentication error: jwt expired[39m
2026-02-08 17:43:40:4340 [35mhttp[39m: [35mGET /api/auth/profile 401 69 - 13.057 ms anonymous[39m
2026-02-08 17:43:40:4340 [35mhttp[39m: [35mGET /api/auth/profile 401 69 - 0.163 ms anonymous[39m
2026-02-08 17:43:40:4340 [31merror[39m: [31mAuthentication error: jwt expired[39m
2026-02-08 17:43:40:4340 [35mhttp[39m: [35mGET /api/auth/profile 401 69 - 6.797 ms anonymous[39m
2026-02-08 17:43:40:4340 [35mhttp[39m: [35mGET /api/auth/profile 401 69 - 0.087 ms anonymous[39m
2026-02-08 17:43:40:4340 [35mhttp[39m: [35mGET /api/auth/profile 401 69 - 0.141 ms anonymous[39m
2026-02-08 17:43:40:4340 [31merror[39m: [31mAuthentication error: jwt expired[39m
2026-02-08 17:43:40:4340 [35mhttp[39m: [35mGET /api/auth/profile 401 69 - 10.422 ms anonymous[39m
2026-02-08 17:43:40:4340 [35mhttp[39m: [35mGET /api/auth/profile 401 69 - 0.274 ms anonymous[39m
2026-02-08 17:43:40:4340 [31merror[39m: [31mAuthentication error: jwt expired[39m
2026-02-08 17:43:40:4340 [35mhttp[39m: [35mGET /api/auth/profile 401 69 - 19.010 ms anonymous[39m
2026-02-08 17:43:40:4340 [35mhttp[39m: [35mGET /api/auth/profile 401 69 - 0.326 ms anonymous[39m
2026-02-08 17:43:40:4340 [31merror[39m: [31mAuthentication error: jwt expired[39m
2026-02-08 17:43:40:4340 [35mhttp[39m: [35mGET /api/auth/profile 401 69 - 10.413 ms anonymous[39m
2026-02-08 17:43:40:4340 [35mhttp[39m: [35mGET /api/auth/profile 401 69 - 0.253 ms anonymous[39m
2026-02-08 17:43:40:4340 [31merror[39m: [31mAuthentication error: jwt expired[39m
2026-02-08 17:43:40:4340 [35mhttp[39m: [35mGET /api/auth/profile 401 69 - 7.555 ms anonymous[39m
2026-02-08 17:43:40:4340 [35mhttp[39m: [35mGET /api/auth/profile 401 69 - 0.103 ms anonymous[39m
2026-02-08 17:43:40:4340 [31merror[39m: [31mAuthentication error: jwt expired[39m
2026-02-08 17:43:40:4340 [35mhttp[39m: [35mGET /api/auth/profile 401 69 - 8.764 ms anonymous[39m
2026-02-08 17:43:40:4340 [35mhttp[39m: [35mGET /api/auth/profile 401 69 - 0.073 ms anonymous[39m
2026-02-08 17:43:40:4340 [35mhttp[39m: [35mGET /api/auth/profile 401 69 - 0.570 ms anonymous[39m
2026-02-08 17:43:40:4340 [31merror[39m: [31mAuthentication error: jwt expired[39m
2026-02-08 17:43:40:4340 [35mhttp[39m: [35mGET /api/auth/profile 401 69 - 17.063 ms anonymous[39m
2026-02-08 17:43:41:4341 [35mhttp[39m: [35mGET /api/auth/profile 401 69 - 0.624 ms anonymous[39m
2026-02-08 17:43:41:4341 [35mhttp[39m: [35mGET /api/auth/profile 401 69 - 0.326 ms anonymous[39m
2026-02-08 17:43:41:4341 [31merror[39m: [31mAuthentication error: jwt expired[39m
2026-02-08 17:43:41:4341 [35mhttp[39m: [35mGET /api/auth/profile 401 69 - 11.133 ms anonymous[39m
2026-02-08 17:43:41:4341 [35mhttp[39m: [35mGET /api/auth/profile 401 69 - 0.108 ms anonymous[39m
2026-02-08 17:43:41:4341 [35mhttp[39m: [35mGET /api/auth/profile 401 69 - 0.175 ms anonymous[39m
2026-02-08 17:43:41:4341 [31merror[39m: [31mAuthentication error: jwt expired[39m
2026-02-08 17:43:41:4341 [35mhttp[39m: [35mGET /api/auth/profile 401 69 - 13.443 ms anonymous[39m
2026-02-08 17:43:41:4341 [35mhttp[39m: [35mGET /api/auth/profile 401 69 - 0.627 ms anonymous[39m
2026-02-08 17:43:41:4341 [31merror[39m: [31mAuthentication error: jwt expired[39m
2026-02-08 17:43:41:4341 [35mhttp[39m: [35mGET /api/auth/profile 401 69 - 18.950 ms anonymous[39m
2026-02-08 17:43:41:4341 [35mhttp[39m: [35mGET /api/auth/profile 401 69 - 0.171 ms anonymous[39m
2026-02-08 17:43:41:4341 [31merror[39m: [31mAuthentication error: jwt expired[39m
2026-02-08 17:43:41:4341 [35mhttp[39m: [35mGET /api/auth/profile 401 69 - 9.848 ms anonymous[39m
2026-02-08 17:43:41:4341 [35mhttp[39m: [35mGET /api/auth/profile 401 69 - 0.403 ms anonymous[39m
2026-02-08 17:43:41:4341 [31merror[39m: [31mAuthentication error: jwt expired[39m
2026-02-08 17:43:41:4341 [35mhttp[39m: [35mGET /api/auth/profile 401 69 - 9.840 ms anonymous[39m
2026-02-08 17:43:41:4341 [35mhttp[39m: [35mGET /api/auth/profile 401 69 - 0.072 ms anonymous[39m
2026-02-08 17:43:41:4341 [35mhttp[39m: [35mGET /api/auth/profile 401 69 - 0.476 ms anonymous[39m
2026-02-08 17:43:41:4341 [31merror[39m: [31mAuthentication error: jwt expired[39m
2026-02-08 17:43:41:4341 [35mhttp[39m: [35mGET /api/auth/profile 401 69 - 16.357 ms anonymous[39m
2026-02-08 17:43:41:4341 [35mhttp[39m: [35mGET /api/auth/profile 401 69 - 1.061 ms anonymous[39m
2026-02-08 17:43:41:4341 [31merror[39m: [31mAuthentication error: jwt expired[39m
2026-02-08 17:43:41:4341 [35mhttp[39m: [35mGET /api/auth/profile 401 69 - 16.227 ms anonymous[39m
2026-02-08 17:43:41:4341 [35mhttp[39m: [35mGET /api/auth/profile 401 69 - 0.501 ms anonymous[39m
2026-02-08 17:43:41:4341 [31merror[39m: [31mAuthentication error: jwt expired[39m
2026-02-08 17:43:41:4341 [35mhttp[39m: [35mGET /api/auth/profile 401 69 - 14.020 ms anonymous[39m
2026-02-08 17:43:41:4341 [35mhttp[39m: [35mGET /api/auth/profile 401 69 - 0.313 ms anonymous[39m
2026-02-08 17:43:41:4341 [31merror[39m: [31mAuthentication error: jwt expired[39m
2026-02-08 17:43:41:4341 [35mhttp[39m: [35mGET /api/auth/profile 401 69 - 11.800 ms anonymous[39m
2026-02-08 17:43:41:4341 [35mhttp[39m: [35mGET /api/auth/profile 401 69 - 0.276 ms anonymous[39m
2026-02-08 17:43:41:4341 [31merror[39m: [31mAuthentication error: jwt expired[39m
2026-02-08 17:43:41:4341 [35mhttp[39m: [35mGET /api/auth/profile 401 69 - 7.850 ms anonymous[39m
2026-02-08 17:43:41:4341 [35mhttp[39m: [35mGET /api/auth/profile 401 69 - 0.293 ms anonymous[39m
2026-02-08 17:43:41:4341 [31merror[39m: [31mAuthentication error: jwt expired[39m
2026-02-08 17:43:41:4341 [35mhttp[39m: [35mGET /api/auth/profile 401 69 - 11.805 ms anonymous[39m
2026-02-08 17:43:41:4341 [35mhttp[39m: [35mGET /api/auth/profile 401 69 - 0.079 ms anonymous[39m
2026-02-08 17:43:41:4341 [35mhttp[39m: [35mGET /api/auth/profile 401 69 - 0.135 ms anonymous[39m
2026-02-08 17:43:41:4341 [31merror[39m: [31mAuthentication error: jwt expired[39m
2026-02-08 17:43:41:4341 [35mhttp[39m: [35mGET /api/auth/profile 401 69 - 16.445 ms anonymous[39m
2026-02-08 17:43:41:4341 [35mhttp[39m: [35mGET /api/auth/profile 401 69 - 0.616 ms anonymous[39m
2026-02-08 17:43:41:4341 [31merror[39m: [31mAuthentication error: jwt expired[39m
2026-02-08 17:43:41:4341 [35mhttp[39m: [35mGET /api/auth/profile 401 69 - 15.468 ms anonymous[39m
2026-02-08 17:43:42:4342 [35mhttp[39m: [35mGET /api/auth/profile 401 69 - 0.531 ms anonymous[39m
2026-02-08 17:43:42:4342 [31merror[39m: [31mAuthentication error: jwt expired[39m
2026-02-08 17:43:42:4342 [35mhttp[39m: [35mGET /api/auth/profile 401 69 - 14.146 ms anonymous[39m
2026-02-08 17:43:42:4342 [35mhttp[39m: [35mGET /api/auth/profile 401 69 - 0.311 ms anonymous[39m
2026-02-08 17:43:42:4342 [31merror[39m: [31mAuthentication error: jwt expired[39m
2026-02-08 17:43:42:4342 [35mhttp[39m: [35mGET /api/auth/profile 401 69 - 16.027 ms anonymous[39m
2026-02-08 17:43:42:4342 [35mhttp[39m: [35mGET /api/auth/profile 401 69 - 0.139 ms anonymous[39m
2026-02-08 17:43:42:4342 [31merror[39m: [31mAuthentication error: jwt expired[39m
2026-02-08 17:43:42:4342 [35mhttp[39m: [35mGET /api/auth/profile 401 69 - 15.411 ms anonymous[39m
2026-02-08 17:43:42:4342 [35mhttp[39m: [35mGET /api/auth/profile 401 69 - 0.246 ms anonymous[39m
2026-02-08 17:43:42:4342 [31merror[39m: [31mAuthentication error: jwt expired[39m
2026-02-08 17:43:42:4342 [35mhttp[39m: [35mGET /api/auth/profile 401 69 - 10.826 ms anonymous[39m
2026-02-08 17:43:42:4342 [35mhttp[39m: [35mGET /api/auth/profile 401 69 - 0.586 ms anonymous[39m
2026-02-08 17:43:42:4342 [31merror[39m: [31mAuthentication error: jwt expired[39m
2026-02-08 17:43:42:4342 [35mhttp[39m: [35mGET /api/auth/profile 401 69 - 20.833 ms anonymous[39m
2026-02-08 17:43:42:4342 [35mhttp[39m: [35mGET /api/auth/profile 401 69 - 0.135 ms anonymous[39m
2026-02-08 17:43:42:4342 [31merror[39m: [31mAuthentication error: jwt expired[39m
2026-02-08 17:43:42:4342 [35mhttp[39m: [35mGET /api/auth/profile 401 69 - 10.890 ms anonymous[39m
2026-02-08 17:43:42:4342 [35mhttp[39m: [35mGET /api/auth/profile 401 69 - 0.147 ms anonymous[39m
2026-02-08 17:43:42:4342 [31merror[39m: [31mAuthentication error: jwt expired[39m
2026-02-08 17:43:42:4342 [35mhttp[39m: [35mGET /api/auth/profile 401 69 - 19.550 ms anonymous[39m
2026-02-08 17:43:42:4342 [35mhttp[39m: [35mGET /api/auth/profile 401 69 - 0.433 ms anonymous[39m
2026-02-08 17:43:42:4342 [35mhttp[39m: [35mGET /api/auth/profile 401 69 - 0.203 ms anonymous[39m
2026-02-08 17:43:42:4342 [31merror[39m: [31mAuthentication error: jwt expired[39m
2026-02-08 17:43:42:4342 [35mhttp[39m: [35mGET /api/auth/profile 401 69 - 26.230 ms anonymous[39m
2026-02-08 17:43:42:4342 [35mhttp[39m: [35mGET /api/auth/profile 401 69 - 0.136 ms anonymous[39m
2026-02-08 17:43:42:4342 [31merror[39m: [31mAuthentication error: jwt expired[39m
2026-02-08 17:43:42:4342 [35mhttp[39m: [35mGET /api/auth/profile 401 69 - 11.058 ms anonymous[39m
2026-02-08 17:43:42:4342 [35mhttp[39m: [35mGET /api/auth/profile 401 69 - 0.357 ms anonymous[39m
2026-02-08 17:43:42:4342 [31merror[39m: [31mAuthentication error: jwt expired[39m
2026-02-08 17:43:42:4342 [35mhttp[39m: [35mGET /api/auth/profile 401 69 - 15.985 ms anonymous[39m
2026-02-08 17:43:42:4342 [35mhttp[39m: [35mGET /api/auth/profile 401 69 - 0.337 ms anonymous[39m
2026-02-08 17:43:42:4342 [31merror[39m: [31mAuthentication error: jwt expired[39m
2026-02-08 17:43:42:4342 [35mhttp[39m: [35mGET /api/auth/profile 401 69 - 14.861 ms anonymous[39m
2026-02-08 17:43:42:4342 [35mhttp[39m: [35mGET /api/auth/profile 401 69 - 0.538 ms anonymous[39m
2026-02-08 17:43:42:4342 [31merror[39m: [31mAuthentication error: jwt expired[39m
2026-02-08 17:43:42:4342 [35mhttp[39m: [35mGET /api/auth/profile 401 69 - 17.874 ms anonymous[39m
2026-02-08 17:43:42:4342 [35mhttp[39m: [35mGET /api/auth/profile 401 69 - 0.109 ms anonymous[39m
2026-02-08 17:43:42:4342 [31merror[39m: [31mAuthentication error: jwt expired[39m
2026-02-08 17:43:42:4342 [35mhttp[39m: [35mGET /api/auth/profile 401 69 - 10.225 ms anonymous[39m
2026-02-08 17:43:42:4342 [35mhttp[39m: [35mGET /api/auth/profile 401 69 - 0.077 ms anonymous[39m
2026-02-08 17:43:43:4343 [35mhttp[39m: [35mGET /api/auth/profile 401 69 - 0.119 ms anonymous[39m
2026-02-08 17:43:43:4343 [31merror[39m: [31mAuthentication error: jwt expired[39m
2026-02-08 17:43:43:4343 [35mhttp[39m: [35mGET /api/auth/profile 401 69 - 18.024 ms anonymous[39m
2026-02-08 17:43:43:4343 [35mhttp[39m: [35mGET /api/auth/profile 401 69 - 0.473 ms anonymous[39m
2026-02-08 17:43:43:4343 [31merror[39m: [31mAuthentication error: jwt expired[39m
2026-02-08 17:43:43:4343 [35mhttp[39m: [35mGET /api/auth/profile 401 69 - 18.210 ms anonymous[39m
2026-02-08 17:43:43:4343 [35mhttp[39m: [35mGET /api/auth/profile 401 69 - 1.293 ms anonymous[39m
2026-02-08 17:43:43:4343 [31merror[39m: [31mAuthentication error: jwt expired[39m
2026-02-08 17:43:43:4343 [35mhttp[39m: [35mGET /api/auth/profile 401 69 - 17.117 ms anonymous[39m
2026-02-08 17:43:43:4343 [35mhttp[39m: [35mGET /api/auth/profile 401 69 - 0.646 ms anonymous[39m
2026-02-08 17:43:43:4343 [31merror[39m: [31mAuthentication error: jwt expired[39m
2026-02-08 17:43:43:4343 [35mhttp[39m: [35mGET /api/auth/profile 401 69 - 10.582 ms anonymous[39m
2026-02-08 17:43:43:4343 [35mhttp[39m: [35mGET /api/auth/profile 401 69 - 0.219 ms anonymous[39m
2026-02-08 17:43:43:4343 [31merror[39m: [31mAuthentication error: jwt expired[39m
2026-02-08 17:43:43:4343 [35mhttp[39m: [35mGET /api/auth/profile 401 69 - 25.969 ms anonymous[39m
2026-02-08 17:43:43:4343 [35mhttp[39m: [35mGET /api/auth/profile 401 69 - 0.281 ms anonymous[39m
2026-02-08 17:43:43:4343 [35mhttp[39m: [35mGET /api/auth/profile 401 69 - 0.170 ms anonymous[39m
2026-02-08 17:43:43:4343 [31merror[39m: [31mAuthentication error: jwt expired[39m
2026-02-08 17:43:43:4343 [35mhttp[39m: [35mGET /api/auth/profile 401 69 - 19.120 ms anonymous[39m
2026-02-08 17:43:43:4343 [35mhttp[39m: [35mGET /api/auth/profile 401 69 - 0.424 ms anonymous[39m
2026-02-08 17:43:43:4343 [31merror[39m: [31mAuthentication error: jwt expired[39m
2026-02-08 17:43:43:4343 [35mhttp[39m: [35mGET /api/auth/profile 401 69 - 18.284 ms anonymous[39m
2026-02-08 17:43:43:4343 [35mhttp[39m: [35mGET /api/auth/profile 401 69 - 0.129 ms anonymous[39m
2026-02-08 17:43:43:4343 [31merror[39m: [31mAuthentication error: jwt expired[39m
2026-02-08 17:43:43:4343 [35mhttp[39m: [35mGET /api/auth/profile 401 69 - 9.906 ms anonymous[39m
2026-02-08 17:43:43:4343 [35mhttp[39m: [35mGET /api/auth/profile 401 69 - 0.094 ms anonymous[39m
2026-02-08 17:43:43:4343 [35mhttp[39m: [35mGET /api/auth/profile 401 69 - 0.134 ms anonymous[39m
2026-02-08 17:43:43:4343 [31merror[39m: [31mAuthentication error: jwt expired[39m
2026-02-08 17:43:43:4343 [35mhttp[39m: [35mGET /api/auth/profile 401 69 - 15.890 ms anonymous[39m
2026-02-08 17:43:43:4343 [35mhttp[39m: [35mGET /api/auth/profile 401 69 - 0.414 ms anonymous[39m
2026-02-08 17:43:43:4343 [31merror[39m: [31mAuthentication error: jwt expired[39m
2026-02-08 17:43:43:4343 [35mhttp[39m: [35mGET /api/auth/profile 401 69 - 24.138 ms anonymous[39m
2026-02-08 17:43:43:4343 [35mhttp[39m: [35mGET /api/auth/profile 401 69 - 0.127 ms anonymous[39m
2026-02-08 17:43:43:4343 [31merror[39m: [31mAuthentication error: jwt expired[39m
2026-02-08 17:43:43:4343 [35mhttp[39m: [35mGET /api/auth/profile 401 69 - 19.707 ms anonymous[39m
2026-02-08 17:43:43:4343 [35mhttp[39m: [35mGET /api/auth/profile 401 69 - 0.267 ms anonymous[39m
2026-02-08 17:43:43:4343 [31merror[39m: [31mAuthentication error: jwt expired[39m
2026-02-08 17:43:43:4343 [35mhttp[39m: [35mGET /api/auth/profile 401 69 - 21.107 ms anonymous[39m
2026-02-08 17:43:43:4343 [35mhttp[39m: [35mGET /api/auth/profile 401 69 - 0.316 ms anonymous[39m
2026-02-08 17:43:43:4343 [35mhttp[39m: [35mGET /api/auth/profile 401 69 - 0.158 ms anonymous[39m
2026-02-08 17:43:43:4343 [31merror[39m: [31mAuthentication error: jwt expired[39m
2026-02-08 17:43:43:4343 [35mhttp[39m: [35mGET /api/auth/profile 401 69 - 20.730 ms anonymous[39m
2026-02-08 17:43:43:4343 [35mhttp[39m: [35mGET /api/auth/profile 401 69 - 0.603 ms anonymous[39m
2026-02-08 17:43:44:4344 [31merror[39m: [31mAuthentication error: jwt expired[39m
2026-02-08 17:43:44:4344 [35mhttp[39m: [35mGET /api/auth/profile 401 69 - 27.506 ms anonymous[39m
2026-02-08 17:43:44:4344 [35mhttp[39m: [35mGET /api/auth/profile 401 69 - 2.374 ms anonymous[39m
2026-02-08 17:43:44:4344 [31merror[39m: [31mAuthentication error: jwt expired[39m
2026-02-08 17:43:44:4344 [35mhttp[39m: [35mGET /api/auth/profile 401 69 - 27.963 ms anonymous[39m
2026-02-08 17:43:44:4344 [35mhttp[39m: [35mGET /api/auth/profile 401 69 - 0.364 ms anonymous[39m
2026-02-08 17:43:44:4344 [31merror[39m: [31mAuthentication error: jwt expired[39m
2026-02-08 17:43:44:4344 [35mhttp[39m: [35mGET /api/auth/profile 401 69 - 18.345 ms anonymous[39m
2026-02-08 17:43:44:4344 [35mhttp[39m: [35mGET /api/auth/profile 401 69 - 0.562 ms anonymous[39m
2026-02-08 17:43:44:4344 [31merror[39m: [31mAuthentication error: jwt expired[39m
2026-02-08 17:43:44:4344 [35mhttp[39m: [35mGET /api/auth/profile 401 69 - 55.662 ms anonymous[39m
2026-02-08 17:43:44:4344 [35mhttp[39m: [35mGET /api/auth/profile 401 69 - 0.109 ms anonymous[39m
2026-02-08 17:43:44:4344 [35mhttp[39m: [35mGET /api/auth/profile 401 69 - 0.650 ms anonymous[39m
2026-02-08 17:43:44:4344 [31merror[39m: [31mAuthentication error: jwt expired[39m
2026-02-08 17:43:44:4344 [35mhttp[39m: [35mGET /api/auth/profile 401 69 - 20.400 ms anonymous[39m
2026-02-08 17:43:44:4344 [35mhttp[39m: [35mGET /api/auth/profile 401 69 - 0.324 ms anonymous[39m
2026-02-08 17:43:44:4344 [31merror[39m: [31mAuthentication error: jwt expired[39m
2026-02-08 17:43:44:4344 [35mhttp[39m: [35mGET /api/auth/profile 401 69 - 16.685 ms anonymous[39m
2026-02-08 17:43:44:4344 [35mhttp[39m: [35mGET /api/auth/profile 401 69 - 0.344 ms anonymous[39m
2026-02-08 17:43:44:4344 [35mhttp[39m: [35mGET /api/auth/profile 401 69 - 1.049 ms anonymous[39m
2026-02-08 17:43:44:4344 [31merror[39m: [31mAuthentication error: jwt expired[39m
2026-02-08 17:43:44:4344 [35mhttp[39m: [35mGET /api/auth/profile 401 69 - 14.325 ms anonymous[39m
2026-02-08 17:43:44:4344 [35mhttp[39m: [35mGET /api/auth/profile 401 69 - 0.301 ms anonymous[39m
2026-02-08 17:43:44:4344 [31merror[39m: [31mAuthentication error: jwt expired[39m
2026-02-08 17:43:44:4344 [35mhttp[39m: [35mGET /api/auth/profile 401 69 - 16.564 ms anonymous[39m
2026-02-08 17:43:44:4344 [35mhttp[39m: [35mGET /api/auth/profile 401 69 - 0.529 ms anonymous[39m
2026-02-08 17:43:44:4344 [31merror[39m: [31mAuthentication error: jwt expired[39m
2026-02-08 17:43:44:4344 [35mhttp[39m: [35mGET /api/auth/profile 401 69 - 21.549 ms anonymous[39m
2026-02-08 17:43:44:4344 [35mhttp[39m: [35mGET /api/auth/profile 401 69 - 0.202 ms anonymous[39m
2026-02-08 17:43:44:4344 [31merror[39m: [31mAuthentication error: jwt expired[39m
2026-02-08 17:43:44:4344 [35mhttp[39m: [35mGET /api/auth/profile 401 69 - 14.247 ms anonymous[39m
2026-02-08 17:43:44:4344 [35mhttp[39m: [35mGET /api/auth/profile 401 69 - 0.382 ms anonymous[39m
2026-02-08 17:43:44:4344 [31merror[39m: [31mAuthentication error: jwt expired[39m
2026-02-08 17:43:44:4344 [35mhttp[39m: [35mGET /api/auth/profile 401 69 - 20.888 ms anonymous[39m
2026-02-08 17:43:44:4344 [35mhttp[39m: [35mGET /api/auth/profile 401 69 - 0.393 ms anonymous[39m
2026-02-08 17:43:44:4344 [31merror[39m: [31mAuthentication error: jwt expired[39m
2026-02-08 17:43:44:4344 [35mhttp[39m: [35mGET /api/auth/profile 401 69 - 6.880 ms anonymous[39m
2026-02-08 17:43:44:4344 [35mhttp[39m: [35mGET /api/auth/profile 401 69 - 0.172 ms anonymous[39m
2026-02-08 17:43:44:4344 [35mhttp[39m: [35mGET /api/auth/profile 401 69 - 0.136 ms anonymous[39m
2026-02-08 17:43:44:4344 [31merror[39m: [31mAuthentication error: jwt expired[39m
2026-02-08 17:43:45:4345 [35mhttp[39m: [35mGET /api/auth/profile 401 69 - 17.288 ms anonymous[39m
2026-02-08 17:43:45:4345 [35mhttp[39m: [35mGET /api/auth/profile 401 69 - 0.180 ms anonymous[39m
2026-02-08 17:43:45:4345 [31merror[39m: [31mAuthentication error: jwt expired[39m
2026-02-08 17:43:45:4345 [35mhttp[39m: [35mGET /api/auth/profile 401 69 - 13.759 ms anonymous[39m
2026-02-08 17:43:45:4345 [35mhttp[39m: [35mGET /api/auth/profile 401 69 - 0.135 ms anonymous[39m
2026-02-08 17:43:45:4345 [31merror[39m: [31mAuthentication error: jwt expired[39m
2026-02-08 17:43:45:4345 [35mhttp[39m: [35mGET /api/auth/profile 401 69 - 21.642 ms anonymous[39m
2026-02-08 17:43:45:4345 [35mhttp[39m: [35mGET /api/auth/profile 401 69 - 0.244 ms anonymous[39m
2026-02-08 17:43:45:4345 [31merror[39m: [31mAuthentication error: jwt expired[39m
2026-02-08 17:43:45:4345 [35mhttp[39m: [35mGET /api/auth/profile 401 69 - 18.973 ms anonymous[39m
2026-02-08 17:43:45:4345 [35mhttp[39m: [35mGET /api/auth/profile 401 69 - 0.480 ms anonymous[39m
2026-02-08 17:43:45:4345 [35mhttp[39m: [35mGET /api/auth/profile 401 69 - 0.780 ms anonymous[39m
2026-02-08 17:43:45:4345 [31merror[39m: [31mAuthentication error: jwt expired[39m
2026-02-08 17:43:45:4345 [35mhttp[39m: [35mGET /api/auth/profile 401 69 - 17.298 ms anonymous[39m
2026-02-08 17:43:45:4345 [35mhttp[39m: [35mGET /api/auth/profile 401 69 - 0.088 ms anonymous[39m
2026-02-08 17:43:45:4345 [31merror[39m: [31mAuthentication error: jwt expired[39m
2026-02-08 17:43:45:4345 [35mhttp[39m: [35mGET /api/auth/profile 401 69 - 5.751 ms anonymous[39m
2026-02-08 17:43:45:4345 [35mhttp[39m: [35mGET /api/auth/profile 401 69 - 0.065 ms anonymous[39m
2026-02-08 17:43:45:4345 [35mhttp[39m: [35mGET /api/auth/profile 401 69 - 0.235 ms anonymous[39m
2026-02-08 17:43:45:4345 [31merror[39m: [31mAuthentication error: jwt expired[39m
2026-02-08 17:43:45:4345 [35mhttp[39m: [35mGET /api/auth/profile 401 69 - 10.692 ms anonymous[39m
2026-02-08 17:43:45:4345 [35mhttp[39m: [35mGET /api/auth/profile 401 69 - 0.123 ms anonymous[39m
2026-02-08 17:43:45:4345 [31merror[39m: [31mAuthentication error: jwt expired[39m
2026-02-08 17:43:45:4345 [35mhttp[39m: [35mGET /api/auth/profile 401 69 - 21.247 ms anonymous[39m
2026-02-08 17:43:45:4345 [35mhttp[39m: [35mGET /api/auth/profile 401 69 - 0.135 ms anonymous[39m
2026-02-08 17:43:45:4345 [31merror[39m: [31mAuthentication error: jwt expired[39m
2026-02-08 17:43:45:4345 [35mhttp[39m: [35mGET /api/auth/profile 401 69 - 14.123 ms anonymous[39m
2026-02-08 17:43:45:4345 [35mhttp[39m: [35mGET /api/auth/profile 401 69 - 0.211 ms anonymous[39m
2026-02-08 17:43:45:4345 [31merror[39m: [31mAuthentication error: jwt expired[39m
2026-02-08 17:43:45:4345 [35mhttp[39m: [35mGET /api/auth/profile 401 69 - 9.522 ms anonymous[39m
2026-02-08 17:43:45:4345 [35mhttp[39m: [35mGET /api/auth/profile 401 69 - 0.860 ms anonymous[39m
2026-02-08 17:43:45:4345 [31merror[39m: [31mAuthentication error: jwt expired[39m
2026-02-08 17:43:45:4345 [35mhttp[39m: [35mGET /api/auth/profile 401 69 - 12.218 ms anonymous[39m
2026-02-08 17:43:45:4345 [35mhttp[39m: [35mGET /api/auth/profile 401 69 - 0.181 ms anonymous[39m
2026-02-08 17:43:45:4345 [31merror[39m: [31mAuthentication error: jwt expired[39m
2026-02-08 17:43:45:4345 [35mhttp[39m: [35mGET /api/auth/profile 401 69 - 17.963 ms anonymous[39m
2026-02-08 17:43:45:4345 [35mhttp[39m: [35mGET /api/auth/profile 401 69 - 0.399 ms anonymous[39m
2026-02-08 17:43:45:4345 [35mhttp[39m: [35mGET /api/auth/profile 401 69 - 0.152 ms anonymous[39m
2026-02-08 17:43:45:4345 [31merror[39m: [31mAuthentication error: jwt expired[39m
2026-02-08 17:43:45:4345 [35mhttp[39m: [35mGET /api/auth/profile 401 69 - 10.603 ms anonymous[39m
2026-02-08 17:43:45:4345 [35mhttp[39m: [35mGET /api/auth/profile 401 69 - 0.128 ms anonymous[39m
2026-02-08 17:43:45:4345 [31merror[39m: [31mAuthentication error: jwt expired[39m
2026-02-08 17:43:45:4345 [35mhttp[39m: [35mGET /api/auth/profile 401 69 - 15.525 ms anonymous[39m
2026-02-08 17:43:45:4345 [35mhttp[39m: [35mGET /api/auth/profile 401 69 - 0.275 ms anonymous[39m
2026-02-08 17:43:46:4346 [31merror[39m: [31mAuthentication error: jwt expired[39m
2026-02-08 17:43:46:4346 [35mhttp[39m: [35mGET /api/auth/profile 401 69 - 19.909 ms anonymous[39m
2026-02-08 17:43:46:4346 [35mhttp[39m: [35mGET /api/auth/profile 401 69 - 0.302 ms anonymous[39m
2026-02-08 17:43:46:4346 [31merror[39m: [31mAuthentication error: jwt expired[39m
2026-02-08 17:43:46:4346 [35mhttp[39m: [35mGET /api/auth/profile 401 69 - 7.572 ms anonymous[39m
2026-02-08 17:43:46:4346 [35mhttp[39m: [35mGET /api/auth/profile 401 69 - 0.129 ms anonymous[39m
2026-02-08 17:43:46:4346 [31merror[39m: [31mAuthentication error: jwt expired[39m
2026-02-08 17:43:46:4346 [35mhttp[39m: [35mGET /api/auth/profile 401 69 - 12.353 ms anonymous[39m
2026-02-08 17:43:46:4346 [35mhttp[39m: [35mGET /api/auth/profile 401 69 - 0.091 ms anonymous[39m
2026-02-08 17:43:46:4346 [31merror[39m: [31mAuthentication error: jwt expired[39m
2026-02-08 17:43:46:4346 [35mhttp[39m: [35mGET /api/auth/profile 401 69 - 11.226 ms anonymous[39m
2026-02-08 17:43:46:4346 [35mhttp[39m: [35mGET /api/auth/profile 401 69 - 0.151 ms anonymous[39m
2026-02-08 17:43:46:4346 [31merror[39m: [31mAuthentication error: jwt expired[39m
2026-02-08 17:43:46:4346 [35mhttp[39m: [35mGET /api/auth/profile 401 69 - 11.994 ms anonymous[39m
2026-02-08 17:43:46:4346 [35mhttp[39m: [35mGET /api/auth/profile 401 69 - 0.567 ms anonymous[39m
2026-02-08 17:43:46:4346 [31merror[39m: [31mAuthentication error: jwt expired[39m
2026-02-08 17:43:46:4346 [35mhttp[39m: [35mGET /api/auth/profile 401 69 - 9.680 ms anonymous[39m
2026-02-08 17:43:46:4346 [35mhttp[39m: [35mGET /api/auth/profile 401 69 - 0.081 ms anonymous[39m
2026-02-08 17:43:46:4346 [31merror[39m: [31mAuthentication error: jwt expired[39m
2026-02-08 17:43:46:4346 [35mhttp[39m: [35mGET /api/auth/profile 401 69 - 9.140 ms anonymous[39m
2026-02-08 17:43:46:4346 [35mhttp[39m: [35mGET /api/auth/profile 401 69 - 0.722 ms anonymous[39m
2026-02-08 17:43:46:4346 [31merror[39m: [31mAuthentication error: jwt expired[39m
2026-02-08 17:43:46:4346 [35mhttp[39m: [35mGET /api/auth/profile 401 69 - 11.477 ms anonymous[39m
2026-02-08 17:43:46:4346 [35mhttp[39m: [35mGET /api/auth/profile 401 69 - 0.084 ms anonymous[39m
2026-02-08 17:43:46:4346 [35mhttp[39m: [35mGET /api/auth/profile 401 69 - 0.189 ms anonymous[39m
2026-02-08 17:43:46:4346 [31merror[39m: [31mAuthentication error: jwt expired[39m
2026-02-08 17:43:46:4346 [35mhttp[39m: [35mGET /api/auth/profile 401 69 - 12.575 ms anonymous[39m
2026-02-08 17:43:46:4346 [31merror[39m: [31mAuthentication error: jwt expired[39m
2026-02-08 17:43:46:4346 [35mhttp[39m: [35mGET /api/auth/profile 401 69 - 9.575 ms anonymous[39m
2026-02-08 17:43:46:4346 [35mhttp[39m: [35mGET /api/auth/profile 401 69 - 0.084 ms anonymous[39m
2026-02-08 17:43:46:4346 [35mhttp[39m: [35mGET /api/auth/profile 401 69 - 0.705 ms anonymous[39m
2026-02-08 17:43:46:4346 [31merror[39m: [31mAuthentication error: jwt expired[39m
2026-02-08 17:43:46:4346 [35mhttp[39m: [35mGET /api/auth/profile 401 69 - 10.228 ms anonymous[39m
2026-02-08 17:43:46:4346 [35mhttp[39m: [35mGET /api/auth/profile 401 69 - 0.246 ms anonymous[39m
2026-02-08 17:43:46:4346 [31merror[39m: [31mAuthentication error: jwt expired[39m
2026-02-08 17:43:46:4346 [35mhttp[39m: [35mGET /api/auth/profile 401 69 - 23.832 ms anonymous[39m
2026-02-08 17:43:46:4346 [35mhttp[39m: [35mGET /api/auth/profile 401 69 - 0.508 ms anonymous[39m
2026-02-08 17:43:46:4346 [31merror[39m: [31mAuthentication error: jwt expired[39m
2026-02-08 17:43:46:4346 [35mhttp[39m: [35mGET /api/auth/profile 401 69 - 21.809 ms anonymous[39m
2026-02-08 17:43:46:4346 [35mhttp[39m: [35mGET /api/auth/profile 401 69 - 0.131 ms anonymous[39m
2026-02-08 17:43:46:4346 [31merror[39m: [31mAuthentication error: jwt expired[39m
2026-02-08 17:43:46:4346 [35mhttp[39m: [35mGET /api/auth/profile 401 69 - 10.298 ms anonymous[39m
2026-02-08 17:43:46:4346 [35mhttp[39m: [35mGET /api/auth/profile 401 69 - 0.077 ms anonymous[39m
2026-02-08 17:43:47:4347 [31merror[39m: [31mAuthentication error: jwt expired[39m
2026-02-08 17:43:47:4347 [35mhttp[39m: [35mGET /api/auth/profile 401 69 - 7.713 ms anonymous[39m
2026-02-08 17:43:47:4347 [35mhttp[39m: [35mGET /api/auth/profile 401 69 - 0.071 ms anonymous[39m
2026-02-08 17:43:47:4347 [31merror[39m: [31mAuthentication error: jwt expired[39m
2026-02-08 17:43:47:4347 [35mhttp[39m: [35mGET /api/auth/profile 401 69 - 10.256 ms anonymous[39m
2026-02-08 17:43:47:4347 [35mhttp[39m: [35mGET /api/auth/profile 401 69 - 0.124 ms anonymous[39m
2026-02-08 17:43:47:4347 [35mhttp[39m: [35mGET /api/auth/profile 401 69 - 0.317 ms anonymous[39m
2026-02-08 17:43:47:4347 [31merror[39m: [31mAuthentication error: jwt expired[39m
2026-02-08 17:43:47:4347 [35mhttp[39m: [35mGET /api/auth/profile 401 69 - 16.663 ms anonymous[39m
2026-02-08 17:43:47:4347 [35mhttp[39m: [35mGET /api/auth/profile 401 69 - 0.400 ms anonymous[39m
2026-02-08 17:43:47:4347 [31merror[39m: [31mAuthentication error: jwt expired[39m
2026-02-08 17:43:47:4347 [35mhttp[39m: [35mGET /api/auth/profile 401 69 - 15.479 ms anonymous[39m
2026-02-08 17:43:47:4347 [35mhttp[39m: [35mGET /api/auth/profile 401 69 - 0.593 ms anonymous[39m
2026-02-08 17:43:47:4347 [31merror[39m: [31mAuthentication error: jwt expired[39m
2026-02-08 17:43:47:4347 [35mhttp[39m: [35mGET /api/auth/profile 401 69 - 17.040 ms anonymous[39m
2026-02-08 17:43:47:4347 [35mhttp[39m: [35mGET /api/auth/profile 401 69 - 0.481 ms anonymous[39m
2026-02-08 17:43:47:4347 [31merror[39m: [31mAuthentication error: jwt expired[39m
2026-02-08 17:43:47:4347 [35mhttp[39m: [35mGET /api/auth/profile 401 69 - 14.294 ms anonymous[39m
2026-02-08 17:43:47:4347 [35mhttp[39m: [35mGET /api/auth/profile 401 69 - 0.140 ms anonymous[39m
2026-02-08 17:43:47:4347 [31merror[39m: [31mAuthentication error: jwt expired[39m
2026-02-08 17:43:47:4347 [35mhttp[39m: [35mGET /api/auth/profile 401 69 - 9.730 ms anonymous[39m
2026-02-08 17:43:47:4347 [35mhttp[39m: [35mGET /api/auth/profile 401 69 - 0.142 ms anonymous[39m
2026-02-08 17:43:47:4347 [35mhttp[39m: [35mGET /api/auth/profile 401 69 - 0.348 ms anonymous[39m
2026-02-08 17:43:47:4347 [31merror[39m: [31mAuthentication error: jwt expired[39m
2026-02-08 17:43:47:4347 [35mhttp[39m: [35mGET /api/auth/profile 401 69 - 15.007 ms anonymous[39m
2026-02-08 17:43:47:4347 [35mhttp[39m: [35mGET /api/auth/profile 401 69 - 0.177 ms anonymous[39m
2026-02-08 17:43:47:4347 [31merror[39m: [31mAuthentication error: jwt expired[39m
2026-02-08 17:43:47:4347 [35mhttp[39m: [35mGET /api/auth/profile 401 69 - 15.622 ms anonymous[39m
2026-02-08 17:43:47:4347 [35mhttp[39m: [35mGET /api/auth/profile 401 69 - 0.250 ms anonymous[39m
2026-02-08 17:43:47:4347 [31merror[39m: [31mAuthentication error: jwt expired[39m
2026-02-08 17:43:47:4347 [35mhttp[39m: [35mGET /api/auth/profile 401 69 - 12.393 ms anonymous[39m
2026-02-08 17:43:47:4347 [35mhttp[39m: [35mGET /api/auth/profile 401 69 - 0.321 ms anonymous[39m
2026-02-08 17:43:47:4347 [31merror[39m: [31mAuthentication error: jwt expired[39m
2026-02-08 17:43:47:4347 [35mhttp[39m: [35mGET /api/auth/profile 401 69 - 8.918 ms anonymous[39m
2026-02-08 17:43:47:4347 [35mhttp[39m: [35mGET /api/auth/profile 401 69 - 0.080 ms anonymous[39m
2026-02-08 17:43:47:4347 [31merror[39m: [31mAuthentication error: jwt expired[39m
2026-02-08 17:43:47:4347 [35mhttp[39m: [35mGET /api/auth/profile 401 69 - 16.068 ms anonymous[39m
2026-02-08 17:43:47:4347 [35mhttp[39m: [35mGET /api/auth/profile 401 69 - 0.069 ms anonymous[39m
2026-02-08 17:43:47:4347 [35mhttp[39m: [35mGET /api/auth/profile 401 69 - 0.133 ms anonymous[39m
2026-02-08 17:43:47:4347 [31merror[39m: [31mAuthentication error: jwt expired[39m
2026-02-08 17:43:47:4347 [35mhttp[39m: [35mGET /api/auth/profile 401 69 - 19.107 ms anonymous[39m
2026-02-08 17:43:47:4347 [35mhttp[39m: [35mGET /api/auth/profile 401 69 - 0.124 ms anonymous[39m
2026-02-08 17:43:47:4347 [31merror[39m: [31mAuthentication error: jwt expired[39m
2026-02-08 17:43:47:4347 [35mhttp[39m: [35mGET /api/auth/profile 401 69 - 13.040 ms anonymous[39m
2026-02-08 17:43:47:4347 [35mhttp[39m: [35mGET /api/auth/profile 401 69 - 0.201 ms anonymous[39m
2026-02-08 17:43:47:4347 [31merror[39m: [31mAuthentication error: jwt expired[39m
2026-02-08 17:43:47:4347 [35mhttp[39m: [35mGET /api/auth/profile 401 69 - 15.007 ms anonymous[39m
2026-02-08 17:43:47:4347 [35mhttp[39m: [35mGET /api/auth/profile 401 69 - 0.150 ms anonymous[39m
2026-02-08 17:43:48:4348 [31merror[39m: [31mAuthentication error: jwt expired[39m
2026-02-08 17:43:48:4348 [35mhttp[39m: [35mGET /api/auth/profile 401 69 - 8.260 ms anonymous[39m
2026-02-08 17:43:48:4348 [35mhttp[39m: [35mGET /api/auth/profile 401 69 - 0.473 ms anonymous[39m
2026-02-08 17:43:48:4348 [31merror[39m: [31mAuthentication error: jwt expired[39m
2026-02-08 17:43:48:4348 [35mhttp[39m: [35mGET /api/auth/profile 401 69 - 17.745 ms anonymous[39m
2026-02-08 17:43:48:4348 [35mhttp[39m: [35mGET /api/auth/profile 401 69 - 0.081 ms anonymous[39m
2026-02-08 17:43:48:4348 [35mhttp[39m: [35mGET /api/auth/profile 401 69 - 2.060 ms anonymous[39m
2026-02-08 17:43:48:4348 [31merror[39m: [31mAuthentication error: jwt expired[39m
2026-02-08 17:43:48:4348 [35mhttp[39m: [35mGET /api/auth/profile 401 69 - 15.330 ms anonymous[39m
2026-02-08 17:43:48:4348 [35mhttp[39m: [35mGET /api/auth/profile 401 69 - 0.459 ms anonymous[39m
2026-02-08 17:43:48:4348 [31merror[39m: [31mAuthentication error: jwt expired[39m
2026-02-08 17:43:48:4348 [35mhttp[39m: [35mGET /api/auth/profile 401 69 - 23.363 ms anonymous[39m
2026-02-08 17:43:48:4348 [35mhttp[39m: [35mGET /api/auth/profile 401 69 - 0.163 ms anonymous[39m
2026-02-08 17:43:48:4348 [31merror[39m: [31mAuthentication error: jwt expired[39m
2026-02-08 17:43:48:4348 [35mhttp[39m: [35mGET /api/auth/profile 401 69 - 12.509 ms anonymous[39m
2026-02-08 17:43:48:4348 [35mhttp[39m: [35mGET /api/auth/profile 401 69 - 0.159 ms anonymous[39m
2026-02-08 17:43:48:4348 [31merror[39m: [31mAuthentication error: jwt expired[39m
2026-02-08 17:43:48:4348 [35mhttp[39m: [35mGET /api/auth/profile 401 69 - 11.749 ms anonymous[39m
2026-02-08 17:43:48:4348 [35mhttp[39m: [35mGET /api/auth/profile 401 69 - 0.089 ms anonymous[39m
2026-02-08 17:43:48:4348 [31merror[39m: [31mAuthentication error: jwt expired[39m
2026-02-08 17:43:48:4348 [35mhttp[39m: [35mGET /api/auth/profile 401 69 - 8.167 ms anonymous[39m
2026-02-08 17:43:48:4348 [35mhttp[39m: [35mGET /api/auth/profile 401 69 - 0.084 ms anonymous[39m
2026-02-08 17:43:48:4348 [35mhttp[39m: [35mGET /api/auth/profile 401 69 - 0.172 ms anonymous[39m
2026-02-08 17:43:48:4348 [31merror[39m: [31mAuthentication error: jwt expired[39m
2026-02-08 17:43:48:4348 [35mhttp[39m: [35mGET /api/auth/profile 401 69 - 13.990 ms anonymous[39m
2026-02-08 17:43:48:4348 [35mhttp[39m: [35mGET /api/auth/profile 401 69 - 0.354 ms anonymous[39m
2026-02-08 17:43:48:4348 [31merror[39m: [31mAuthentication error: jwt expired[39m
2026-02-08 17:43:48:4348 [35mhttp[39m: [35mGET /api/auth/profile 401 69 - 14.510 ms anonymous[39m
2026-02-08 17:43:48:4348 [35mhttp[39m: [35mGET /api/auth/profile 401 69 - 0.792 ms anonymous[39m
2026-02-08 17:43:48:4348 [31merror[39m: [31mAuthentication error: jwt expired[39m
2026-02-08 17:43:48:4348 [35mhttp[39m: [35mGET /api/auth/profile 401 69 - 17.276 ms anonymous[39m
2026-02-08 17:43:48:4348 [35mhttp[39m: [35mGET /api/auth/profile 401 69 - 0.229 ms anonymous[39m
2026-02-08 17:43:48:4348 [31merror[39m: [31mAuthentication error: jwt expired[39m
2026-02-08 17:43:48:4348 [35mhttp[39m: [35mGET /api/auth/profile 401 69 - 18.045 ms anonymous[39m
2026-02-08 17:43:48:4348 [35mhttp[39m: [35mGET /api/auth/profile 401 69 - 0.255 ms anonymous[39m
2026-02-08 17:43:48:4348 [31merror[39m: [31mAuthentication error: jwt expired[39m
2026-02-08 17:43:48:4348 [35mhttp[39m: [35mGET /api/auth/profile 401 69 - 8.223 ms anonymous[39m
2026-02-08 17:43:48:4348 [35mhttp[39m: [35mGET /api/auth/profile 401 69 - 0.078 ms anonymous[39m
2026-02-08 17:43:48:4348 [35mhttp[39m: [35mGET /api/auth/profile 401 69 - 0.160 ms anonymous[39m
2026-02-08 17:43:48:4348 [31merror[39m: [31mAuthentication error: jwt expired[39m
2026-02-08 17:43:48:4348 [35mhttp[39m: [35mGET /api/auth/profile 401 69 - 19.422 ms anonymous[39m
2026-02-08 17:43:49:4349 [35mhttp[39m: [35mGET /api/auth/profile 401 69 - 0.135 ms anonymous[39m
2026-02-08 17:43:49:4349 [31merror[39m: [31mAuthentication error: jwt expired[39m
2026-02-08 17:43:49:4349 [35mhttp[39m: [35mGET /api/auth/profile 401 69 - 12.293 ms anonymous[39m
2026-02-08 17:43:49:4349 [35mhttp[39m: [35mGET /api/auth/profile 401 69 - 0.358 ms anonymous[39m
2026-02-08 17:43:49:4349 [31merror[39m: [31mAuthentication error: jwt expired[39m
2026-02-08 17:43:49:4349 [35mhttp[39m: [35mGET /api/auth/profile 401 69 - 27.144 ms anonymous[39m
2026-02-08 17:43:49:4349 [35mhttp[39m: [35mGET /api/auth/profile 401 69 - 0.287 ms anonymous[39m
2026-02-08 17:43:49:4349 [35mhttp[39m: [35mGET /api/auth/profile 401 69 - 0.348 ms anonymous[39m
2026-02-08 17:43:49:4349 [31merror[39m: [31mAuthentication error: jwt expired[39m
2026-02-08 17:43:49:4349 [35mhttp[39m: [35mGET /api/auth/profile 401 69 - 15.636 ms anonymous[39m
2026-02-08 17:43:49:4349 [35mhttp[39m: [35mGET /api/auth/profile 401 69 - 0.639 ms anonymous[39m
2026-02-08 17:43:49:4349 [31merror[39m: [31mAuthentication error: jwt expired[39m
2026-02-08 17:43:49:4349 [35mhttp[39m: [35mGET /api/auth/profile 401 69 - 18.588 ms anonymous[39m
2026-02-08 17:43:49:4349 [35mhttp[39m: [35mGET /api/auth/profile 401 69 - 7.802 ms anonymous[39m
2026-02-08 17:43:49:4349 [31merror[39m: [31mAuthentication error: jwt expired[39m
2026-02-08 17:43:49:4349 [35mhttp[39m: [35mGET /api/auth/profile 401 69 - 22.989 ms anonymous[39m
2026-02-08 17:43:49:4349 [35mhttp[39m: [35mGET /api/auth/profile 401 69 - 0.435 ms anonymous[39m
2026-02-08 17:43:49:4349 [31merror[39m: [31mAuthentication error: jwt expired[39m
2026-02-08 17:43:49:4349 [35mhttp[39m: [35mGET /api/auth/profile 401 69 - 18.533 ms anonymous[39m
2026-02-08 17:43:49:4349 [35mhttp[39m: [35mGET /api/auth/profile 401 69 - 0.241 ms anonymous[39m
2026-02-08 17:43:49:4349 [31merror[39m: [31mAuthentication error: jwt expired[39m
2026-02-08 17:43:49:4349 [35mhttp[39m: [35mGET /api/auth/profile 401 69 - 16.601 ms anonymous[39m
2026-02-08 17:43:49:4349 [35mhttp[39m: [35mGET /api/auth/profile 401 69 - 0.205 ms anonymous[39m
2026-02-08 17:43:49:4349 [35mhttp[39m: [35mGET /api/auth/profile 401 69 - 3.257 ms anonymous[39m
2026-02-08 17:43:49:4349 [31merror[39m: [31mAuthentication error: jwt expired[39m
2026-02-08 17:43:49:4349 [35mhttp[39m: [35mGET /api/auth/profile 401 69 - 11.534 ms anonymous[39m
2026-02-08 17:43:49:4349 [35mhttp[39m: [35mGET /api/auth/profile 401 69 - 0.137 ms anonymous[39m
2026-02-08 17:43:49:4349 [31merror[39m: [31mAuthentication error: jwt expired[39m
2026-02-08 17:43:49:4349 [35mhttp[39m: [35mGET /api/auth/profile 401 69 - 35.782 ms anonymous[39m
2026-02-08 17:43:49:4349 [35mhttp[39m: [35mGET /api/auth/profile 401 69 - 0.217 ms anonymous[39m
2026-02-08 17:43:49:4349 [31merror[39m: [31mAuthentication error: jwt expired[39m
2026-02-08 17:43:49:4349 [35mhttp[39m: [35mGET /api/auth/profile 401 69 - 24.341 ms anonymous[39m
2026-02-08 17:43:49:4349 [35mhttp[39m: [35mGET /api/auth/profile 401 69 - 0.490 ms anonymous[39m
2026-02-08 17:43:50:4350 [31merror[39m: [31mAuthentication error: jwt expired[39m
2026-02-08 17:43:50:4350 [35mhttp[39m: [35mGET /api/auth/profile 401 69 - 16.276 ms anonymous[39m
2026-02-08 17:43:50:4350 [35mhttp[39m: [35mGET /api/auth/profile 401 69 - 0.348 ms anonymous[39m
2026-02-08 17:43:50:4350 [35mhttp[39m: [35mGET /api/auth/profile 401 69 - 0.156 ms anonymous[39m
2026-02-08 17:43:50:4350 [31merror[39m: [31mAuthentication error: jwt expired[39m
2026-02-08 17:43:50:4350 [35mhttp[39m: [35mGET /api/auth/profile 401 69 - 18.460 ms anonymous[39m
2026-02-08 17:43:50:4350 [35mhttp[39m: [35mGET /api/auth/profile 401 69 - 0.476 ms anonymous[39m
2026-02-08 17:43:50:4350 [31merror[39m: [31mAuthentication error: jwt expired[39m
2026-02-08 17:43:50:4350 [35mhttp[39m: [35mGET /api/auth/profile 401 69 - 16.246 ms anonymous[39m
2026-02-08 17:43:50:4350 [35mhttp[39m: [35mGET /api/auth/profile 401 69 - 0.243 ms anonymous[39m
2026-02-08 17:43:50:4350 [31merror[39m: [31mAuthentication error: jwt expired[39m
2026-02-08 17:43:50:4350 [35mhttp[39m: [35mGET /api/auth/profile 401 69 - 25.232 ms anonymous[39m
2026-02-08 17:43:50:4350 [35mhttp[39m: [35mGET /api/auth/profile 401 69 - 0.394 ms anonymous[39m
2026-02-08 17:43:50:4350 [35mhttp[39m: [35mGET /api/auth/profile 401 69 - 0.139 ms anonymous[39m
2026-02-08 17:43:50:4350 [31merror[39m: [31mAuthentication error: jwt expired[39m
2026-02-08 17:43:50:4350 [35mhttp[39m: [35mGET /api/auth/profile 401 69 - 28.663 ms anonymous[39m
2026-02-08 17:43:50:4350 [35mhttp[39m: [35mGET /api/auth/profile 401 69 - 0.637 ms anonymous[39m
2026-02-08 17:43:50:4350 [31merror[39m: [31mAuthentication error: jwt expired[39m
2026-02-08 17:43:50:4350 [35mhttp[39m: [35mGET /api/auth/profile 401 69 - 15.899 ms anonymous[39m
2026-02-08 17:43:50:4350 [35mhttp[39m: [35mGET /api/auth/profile 401 69 - 0.892 ms anonymous[39m
2026-02-08 17:43:50:4350 [31merror[39m: [31mAuthentication error: jwt expired[39m
2026-02-08 17:43:50:4350 [35mhttp[39m: [35mGET /api/auth/profile 401 69 - 16.586 ms anonymous[39m
2026-02-08 17:43:50:4350 [35mhttp[39m: [35mGET /api/auth/profile 401 69 - 0.618 ms anonymous[39m
2026-02-08 17:43:50:4350 [31merror[39m: [31mAuthentication error: jwt expired[39m
2026-02-08 17:43:50:4350 [35mhttp[39m: [35mGET /api/auth/profile 401 69 - 8.784 ms anonymous[39m
2026-02-08 17:43:50:4350 [35mhttp[39m: [35mGET /api/auth/profile 401 69 - 0.245 ms anonymous[39m
2026-02-08 17:43:50:4350 [31merror[39m: [31mAuthentication error: jwt expired[39m
2026-02-08 17:43:50:4350 [35mhttp[39m: [35mGET /api/auth/profile 401 69 - 10.647 ms anonymous[39m
2026-02-08 17:43:50:4350 [35mhttp[39m: [35mGET /api/auth/profile 401 69 - 0.272 ms anonymous[39m
2026-02-08 17:43:50:4350 [31merror[39m: [31mAuthentication error: jwt expired[39m
2026-02-08 17:43:50:4350 [35mhttp[39m: [35mGET /api/auth/profile 401 69 - 15.138 ms anonymous[39m
2026-02-08 17:43:50:4350 [35mhttp[39m: [35mGET /api/auth/profile 401 69 - 0.103 ms anonymous[39m
2026-02-08 17:43:50:4350 [35mhttp[39m: [35mGET /api/auth/profile 401 69 - 10.103 ms anonymous[39m
2026-02-08 17:43:50:4350 [31merror[39m: [31mAuthentication error: jwt expired[39m
2026-02-08 17:43:50:4350 [35mhttp[39m: [35mGET /api/auth/profile 401 69 - 11.319 ms anonymous[39m
2026-02-08 17:43:51:4351 [35mhttp[39m: [35mGET /api/auth/profile 401 69 - 1.677 ms anonymous[39m
2026-02-08 17:43:51:4351 [31merror[39m: [31mAuthentication error: jwt expired[39m
2026-02-08 17:43:51:4351 [35mhttp[39m: [35mGET /api/auth/profile 401 69 - 17.446 ms anonymous[39m
2026-02-08 17:43:51:4351 [35mhttp[39m: [35mGET /api/auth/profile 401 69 - 0.246 ms anonymous[39m
2026-02-08 17:43:51:4351 [31merror[39m: [31mAuthentication error: jwt expired[39m
2026-02-08 17:43:51:4351 [35mhttp[39m: [35mGET /api/auth/profile 401 69 - 27.676 ms anonymous[39m
2026-02-08 17:43:51:4351 [35mhttp[39m: [35mGET /api/auth/profile 401 69 - 0.195 ms anonymous[39m
2026-02-08 17:43:51:4351 [31merror[39m: [31mAuthentication error: jwt expired[39m
2026-02-08 17:43:51:4351 [35mhttp[39m: [35mGET /api/auth/profile 401 69 - 21.845 ms anonymous[39m
2026-02-08 17:43:51:4351 [35mhttp[39m: [35mGET /api/auth/profile 401 69 - 0.300 ms anonymous[39m
2026-02-08 17:43:51:4351 [31merror[39m: [31mAuthentication error: jwt expired[39m
2026-02-08 17:43:51:4351 [35mhttp[39m: [35mGET /api/auth/profile 401 69 - 22.944 ms anonymous[39m
2026-02-08 17:43:51:4351 [35mhttp[39m: [35mGET /api/auth/profile 401 69 - 0.107 ms anonymous[39m
2026-02-08 17:43:51:4351 [35mhttp[39m: [35mGET /api/auth/profile 401 69 - 0.610 ms anonymous[39m
2026-02-08 17:43:51:4351 [31merror[39m: [31mAuthentication error: jwt expired[39m
2026-02-08 17:43:51:4351 [35mhttp[39m: [35mGET /api/auth/profile 401 69 - 11.175 ms anonymous[39m
2026-02-08 17:43:51:4351 [35mhttp[39m: [35mGET /api/auth/profile 401 69 - 0.397 ms anonymous[39m
2026-02-08 17:43:51:4351 [31merror[39m: [31mAuthentication error: jwt expired[39m
2026-02-08 17:43:51:4351 [35mhttp[39m: [35mGET /api/auth/profile 401 69 - 15.166 ms anonymous[39m
2026-02-08 17:43:51:4351 [35mhttp[39m: [35mGET /api/auth/profile 401 69 - 0.272 ms anonymous[39m
2026-02-08 17:43:51:4351 [31merror[39m: [31mAuthentication error: jwt expired[39m
2026-02-08 17:43:51:4351 [35mhttp[39m: [35mGET /api/auth/profile 401 69 - 19.614 ms anonymous[39m
2026-02-08 17:43:51:4351 [35mhttp[39m: [35mGET /api/auth/profile 401 69 - 0.217 ms anonymous[39m
2026-02-08 17:43:51:4351 [31merror[39m: [31mAuthentication error: jwt expired[39m
2026-02-08 17:43:51:4351 [35mhttp[39m: [35mGET /api/auth/profile 401 69 - 17.610 ms anonymous[39m
2026-02-08 17:43:51:4351 [35mhttp[39m: [35mGET /api/auth/profile 401 69 - 0.098 ms anonymous[39m
2026-02-08 17:43:51:4351 [31merror[39m: [31mAuthentication error: jwt expired[39m
2026-02-08 17:43:51:4351 [35mhttp[39m: [35mGET /api/auth/profile 401 69 - 5.297 ms anonymous[39m
2026-02-08 17:43:51:4351 [35mhttp[39m: [35mGET /api/auth/profile 401 69 - 0.327 ms anonymous[39m
2026-02-08 17:43:51:4351 [31merror[39m: [31mAuthentication error: jwt expired[39m
2026-02-08 17:43:51:4351 [35mhttp[39m: [35mGET /api/auth/profile 401 69 - 9.771 ms anonymous[39m
2026-02-08 17:43:51:4351 [35mhttp[39m: [35mGET /api/auth/profile 401 69 - 0.118 ms anonymous[39m
2026-02-08 17:43:51:4351 [35mhttp[39m: [35mGET /api/auth/profile 401 69 - 0.456 ms anonymous[39m
2026-02-08 17:43:51:4351 [31merror[39m: [31mAuthentication error: jwt expired[39m
2026-02-08 17:43:51:4351 [35mhttp[39m: [35mGET /api/auth/profile 401 69 - 22.302 ms anonymous[39m
2026-02-08 17:43:51:4351 [35mhttp[39m: [35mGET /api/auth/profile 401 69 - 0.422 ms anonymous[39m
2026-02-08 17:43:52:4352 [31merror[39m: [31mAuthentication error: jwt expired[39m
2026-02-08 17:43:52:4352 [35mhttp[39m: [35mGET /api/auth/profile 401 69 - 25.972 ms anonymous[39m
2026-02-08 17:43:52:4352 [35mhttp[39m: [35mGET /api/auth/profile 401 69 - 0.147 ms anonymous[39m
2026-02-08 17:43:52:4352 [31merror[39m: [31mAuthentication error: jwt expired[39m
2026-02-08 17:43:52:4352 [35mhttp[39m: [35mGET /api/auth/profile 401 69 - 16.654 ms anonymous[39m
2026-02-08 17:43:52:4352 [35mhttp[39m: [35mGET /api/auth/profile 401 69 - 0.117 ms anonymous[39m
2026-02-08 17:43:52:4352 [31merror[39m: [31mAuthentication error: jwt expired[39m
2026-02-08 17:43:52:4352 [35mhttp[39m: [35mGET /api/auth/profile 401 69 - 17.072 ms anonymous[39m
2026-02-08 17:43:52:4352 [35mhttp[39m: [35mGET /api/auth/profile 401 69 - 0.247 ms anonymous[39m
2026-02-08 17:43:52:4352 [31merror[39m: [31mAuthentication error: jwt expired[39m
2026-02-08 17:43:52:4352 [35mhttp[39m: [35mGET /api/auth/profile 401 69 - 12.130 ms anonymous[39m
2026-02-08 17:43:52:4352 [35mhttp[39m: [35mGET /api/auth/profile 401 69 - 0.192 ms anonymous[39m
2026-02-08 17:43:52:4352 [35mhttp[39m: [35mGET /api/auth/profile 401 69 - 0.135 ms anonymous[39m
2026-02-08 17:43:52:4352 [31merror[39m: [31mAuthentication error: jwt expired[39m
2026-02-08 17:43:52:4352 [35mhttp[39m: [35mGET /api/auth/profile 401 69 - 18.294 ms anonymous[39m
2026-02-08 17:43:52:4352 [35mhttp[39m: [35mGET /api/auth/profile 401 69 - 0.471 ms anonymous[39m
2026-02-08 17:43:52:4352 [31merror[39m: [31mAuthentication error: jwt expired[39m
2026-02-08 17:43:52:4352 [35mhttp[39m: [35mGET /api/auth/profile 401 69 - 22.044 ms anonymous[39m
2026-02-08 17:43:52:4352 [35mhttp[39m: [35mGET /api/auth/profile 401 69 - 0.130 ms anonymous[39m
2026-02-08 17:43:52:4352 [35mhttp[39m: [35mGET /api/auth/profile 401 69 - 0.306 ms anonymous[39m
2026-02-08 17:43:52:4352 [31merror[39m: [31mAuthentication error: jwt expired[39m
2026-02-08 17:43:52:4352 [35mhttp[39m: [35mGET /api/auth/profile 401 69 - 17.472 ms anonymous[39m
2026-02-08 17:43:52:4352 [35mhttp[39m: [35mGET /api/auth/profile 401 69 - 0.447 ms anonymous[39m
2026-02-08 17:43:52:4352 [31merror[39m: [31mAuthentication error: jwt expired[39m
2026-02-08 17:43:52:4352 [35mhttp[39m: [35mGET /api/auth/profile 401 69 - 18.096 ms anonymous[39m
2026-02-08 17:43:52:4352 [35mhttp[39m: [35mGET /api/auth/profile 401 69 - 1.999 ms anonymous[39m
2026-02-08 17:43:52:4352 [31merror[39m: [31mAuthentication error: jwt expired[39m
2026-02-08 17:43:52:4352 [35mhttp[39m: [35mGET /api/auth/profile 401 69 - 11.739 ms anonymous[39m
2026-02-08 17:43:52:4352 [35mhttp[39m: [35mGET /api/auth/profile 401 69 - 0.268 ms anonymous[39m
2026-02-08 17:43:52:4352 [31merror[39m: [31mAuthentication error: jwt expired[39m
2026-02-08 17:43:52:4352 [35mhttp[39m: [35mGET /api/auth/profile 401 69 - 21.021 ms anonymous[39m
2026-02-08 17:43:52:4352 [35mhttp[39m: [35mGET /api/auth/profile 401 69 - 10.017 ms anonymous[39m
2026-02-08 17:43:52:4352 [31merror[39m: [31mAuthentication error: jwt expired[39m
2026-02-08 17:43:52:4352 [35mhttp[39m: [35mGET /api/auth/profile 401 69 - 24.954 ms anonymous[39m
2026-02-08 17:43:52:4352 [35mhttp[39m: [35mGET /api/auth/profile 401 69 - 0.732 ms anonymous[39m
2026-02-08 17:43:52:4352 [31merror[39m: [31mAuthentication error: jwt expired[39m
2026-02-08 17:43:52:4352 [35mhttp[39m: [35mGET /api/auth/profile 401 69 - 20.662 ms anonymous[39m
2026-02-08 17:43:52:4352 [35mhttp[39m: [35mGET /api/auth/profile 401 69 - 0.247 ms anonymous[39m
2026-02-08 17:43:53:4353 [31merror[39m: [31mAuthentication error: jwt expired[39m
2026-02-08 17:43:53:4353 [35mhttp[39m: [35mGET /api/auth/profile 401 69 - 9.695 ms anonymous[39m
2026-02-08 17:43:53:4353 [35mhttp[39m: [35mGET /api/auth/profile 401 69 - 0.097 ms anonymous[39m
2026-02-08 17:43:53:4353 [35mhttp[39m: [35mGET /api/auth/profile 401 69 - 0.144 ms anonymous[39m
2026-02-08 17:43:53:4353 [31merror[39m: [31mAuthentication error: jwt expired[39m
2026-02-08 17:43:53:4353 [35mhttp[39m: [35mGET /api/auth/profile 401 69 - 16.735 ms anonymous[39m
2026-02-08 17:43:53:4353 [35mhttp[39m: [35mGET /api/auth/profile 401 69 - 0.359 ms anonymous[39m
2026-02-08 17:43:53:4353 [31merror[39m: [31mAuthentication error: jwt expired[39m
2026-02-08 17:43:53:4353 [35mhttp[39m: [35mGET /api/auth/profile 401 69 - 18.722 ms anonymous[39m
2026-02-08 17:43:53:4353 [35mhttp[39m: [35mGET /api/auth/profile 401 69 - 0.127 ms anonymous[39m
2026-02-08 17:43:53:4353 [35mhttp[39m: [35mGET /api/auth/profile 401 69 - 0.783 ms anonymous[39m
2026-02-08 17:43:53:4353 [35mhttp[39m: [35mGET /api/auth/profile 401 69 - 0.553 ms anonymous[39m
2026-02-08 17:43:53:4353 [31merror[39m: [31mAuthentication error: jwt expired[39m
2026-02-08 17:43:53:4353 [35mhttp[39m: [35mGET /api/auth/profile 401 69 - 15.006 ms anonymous[39m
2026-02-08 17:43:53:4353 [35mhttp[39m: [35mGET /api/auth/profile 401 69 - 0.098 ms anonymous[39m
2026-02-08 17:43:53:4353 [31merror[39m: [31mAuthentication error: jwt expired[39m
2026-02-08 17:43:53:4353 [35mhttp[39m: [35mGET /api/auth/profile 401 69 - 5.669 ms anonymous[39m
2026-02-08 17:43:53:4353 [35mhttp[39m: [35mGET /api/auth/profile 401 69 - 0.160 ms anonymous[39m
2026-02-08 17:43:53:4353 [31merror[39m: [31mAuthentication error: jwt expired[39m
2026-02-08 17:43:53:4353 [35mhttp[39m: [35mGET /api/auth/profile 401 69 - 12.002 ms anonymous[39m
2026-02-08 17:43:53:4353 [35mhttp[39m: [35mGET /api/auth/profile 401 69 - 0.175 ms anonymous[39m
2026-02-08 17:43:53:4353 [31merror[39m: [31mAuthentication error: jwt expired[39m
2026-02-08 17:43:53:4353 [35mhttp[39m: [35mGET /api/auth/profile 401 69 - 19.652 ms anonymous[39m
2026-02-08 17:43:53:4353 [35mhttp[39m: [35mGET /api/auth/profile 401 69 - 0.371 ms anonymous[39m
2026-02-08 17:43:53:4353 [31merror[39m: [31mAuthentication error: jwt expired[39m
2026-02-08 17:43:53:4353 [35mhttp[39m: [35mGET /api/auth/profile 401 69 - 15.271 ms anonymous[39m
2026-02-08 17:43:53:4353 [35mhttp[39m: [35mGET /api/auth/profile 401 69 - 0.425 ms anonymous[39m
2026-02-08 17:43:53:4353 [31merror[39m: [31mAuthentication error: jwt expired[39m
2026-02-08 17:43:53:4353 [35mhttp[39m: [35mGET /api/auth/profile 401 69 - 10.053 ms anonymous[39m
2026-02-08 17:43:53:4353 [35mhttp[39m: [35mGET /api/auth/profile 401 69 - 0.089 ms anonymous[39m
2026-02-08 17:43:53:4353 [35mhttp[39m: [35mGET /api/auth/profile 401 69 - 0.596 ms anonymous[39m
2026-02-08 17:43:53:4353 [31merror[39m: [31mAuthentication error: jwt expired[39m
2026-02-08 17:43:53:4353 [35mhttp[39m: [35mGET /api/auth/profile 401 69 - 16.558 ms anonymous[39m
2026-02-08 17:43:53:4353 [35mhttp[39m: [35mGET /api/auth/profile 401 69 - 0.323 ms anonymous[39m
2026-02-08 17:43:53:4353 [31merror[39m: [31mAuthentication error: jwt expired[39m
2026-02-08 17:43:53:4353 [35mhttp[39m: [35mGET /api/auth/profile 401 69 - 19.245 ms anonymous[39m
2026-02-08 17:43:53:4353 [35mhttp[39m: [35mGET /api/auth/profile 401 69 - 1.230 ms anonymous[39m
2026-02-08 17:43:54:4354 [31merror[39m: [31mAuthentication error: jwt expired[39m
2026-02-08 17:43:54:4354 [35mhttp[39m: [35mGET /api/auth/profile 401 69 - 17.248 ms anonymous[39m
2026-02-08 17:43:54:4354 [35mhttp[39m: [35mGET /api/auth/profile 401 69 - 0.276 ms anonymous[39m
2026-02-08 17:43:54:4354 [35mhttp[39m: [35mGET /api/auth/profile 401 69 - 0.768 ms anonymous[39m
2026-02-08 17:43:54:4354 [31merror[39m: [31mAuthentication error: jwt expired[39m
2026-02-08 17:43:54:4354 [35mhttp[39m: [35mGET /api/auth/profile 401 69 - 24.030 ms anonymous[39m
2026-02-08 17:43:54:4354 [35mhttp[39m: [35mGET /api/auth/profile 401 69 - 0.207 ms anonymous[39m
2026-02-08 17:43:54:4354 [31merror[39m: [31mAuthentication error: jwt expired[39m
2026-02-08 17:43:54:4354 [35mhttp[39m: [35mGET /api/auth/profile 401 69 - 21.770 ms anonymous[39m
2026-02-08 17:43:54:4354 [35mhttp[39m: [35mGET /api/auth/profile 401 69 - 0.288 ms anonymous[39m
2026-02-08 17:43:54:4354 [31merror[39m: [31mAuthentication error: jwt expired[39m
2026-02-08 17:43:54:4354 [35mhttp[39m: [35mGET /api/auth/profile 401 69 - 17.304 ms anonymous[39m
2026-02-08 17:43:54:4354 [35mhttp[39m: [35mGET /api/auth/profile 401 69 - 0.170 ms anonymous[39m
2026-02-08 17:43:54:4354 [31merror[39m: [31mAuthentication error: jwt expired[39m
2026-02-08 17:43:54:4354 [35mhttp[39m: [35mGET /api/auth/profile 401 69 - 8.324 ms anonymous[39m
2026-02-08 17:43:54:4354 [35mhttp[39m: [35mGET /api/auth/profile 401 69 - 0.081 ms anonymous[39m
2026-02-08 17:43:54:4354 [31merror[39m: [31mAuthentication error: jwt expired[39m
2026-02-08 17:43:54:4354 [35mhttp[39m: [35mGET /api/auth/profile 401 69 - 16.201 ms anonymous[39m
2026-02-08 17:43:54:4354 [35mhttp[39m: [35mGET /api/auth/profile 401 69 - 0.091 ms anonymous[39m
2026-02-08 17:43:54:4354 [35mhttp[39m: [35mGET /api/auth/profile 401 69 - 0.148 ms anonymous[39m
2026-02-08 17:43:54:4354 [31merror[39m: [31mAuthentication error: jwt expired[39m
2026-02-08 17:43:54:4354 [35mhttp[39m: [35mGET /api/auth/profile 401 69 - 14.205 ms anonymous[39m
2026-02-08 17:43:54:4354 [35mhttp[39m: [35mGET /api/auth/profile 401 69 - 0.285 ms anonymous[39m
2026-02-08 17:43:54:4354 [31merror[39m: [31mAuthentication error: jwt expired[39m
2026-02-08 17:43:54:4354 [35mhttp[39m: [35mGET /api/auth/profile 401 69 - 11.600 ms anonymous[39m
2026-02-08 17:43:54:4354 [35mhttp[39m: [35mGET /api/auth/profile 401 69 - 0.248 ms anonymous[39m
2026-02-08 17:43:54:4354 [31merror[39m: [31mAuthentication error: jwt expired[39m
2026-02-08 17:43:54:4354 [35mhttp[39m: [35mGET /api/auth/profile 401 69 - 11.401 ms anonymous[39m
2026-02-08 17:43:54:4354 [35mhttp[39m: [35mGET /api/auth/profile 401 69 - 0.084 ms anonymous[39m
2026-02-08 17:43:54:4354 [31merror[39m: [31mAuthentication error: jwt expired[39m
2026-02-08 17:43:54:4354 [35mhttp[39m: [35mGET /api/auth/profile 401 69 - 7.920 ms anonymous[39m
2026-02-08 17:43:54:4354 [35mhttp[39m: [35mGET /api/auth/profile 401 69 - 0.157 ms anonymous[39m
2026-02-08 17:43:54:4354 [31merror[39m: [31mAuthentication error: jwt expired[39m
2026-02-08 17:43:54:4354 [35mhttp[39m: [35mGET /api/auth/profile 401 69 - 7.862 ms anonymous[39m
2026-02-08 17:43:54:4354 [35mhttp[39m: [35mGET /api/auth/profile 401 69 - 0.124 ms anonymous[39m
2026-02-08 17:43:54:4354 [35mhttp[39m: [35mGET /api/auth/profile 401 69 - 0.308 ms anonymous[39m
2026-02-08 17:43:54:4354 [31merror[39m: [31mAuthentication error: jwt expired[39m
2026-02-08 17:43:54:4354 [35mhttp[39m: [35mGET /api/auth/profile 401 69 - 11.782 ms anonymous[39m
2026-02-08 17:43:54:4354 [35mhttp[39m: [35mGET /api/auth/profile 401 69 - 0.473 ms anonymous[39m
2026-02-08 17:43:54:4354 [31merror[39m: [31mAuthentication error: jwt expired[39m
2026-02-08 17:43:54:4354 [35mhttp[39m: [35mGET /api/auth/profile 401 69 - 19.016 ms anonymous[39m
2026-02-08 17:43:54:4354 [35mhttp[39m: [35mGET /api/auth/profile 401 69 - 0.422 ms anonymous[39m
2026-02-08 17:43:54:4354 [31merror[39m: [31mAuthentication error: jwt expired[39m
2026-02-08 17:43:55:4355 [35mhttp[39m: [35mGET /api/auth/profile 401 69 - 20.419 ms anonymous[39m
2026-02-08 17:43:55:4355 [35mhttp[39m: [35mGET /api/auth/profile 401 69 - 0.507 ms anonymous[39m
2026-02-08 17:43:55:4355 [31merror[39m: [31mAuthentication error: jwt expired[39m
2026-02-08 17:43:55:4355 [35mhttp[39m: [35mGET /api/auth/profile 401 69 - 11.577 ms anonymous[39m
2026-02-08 17:43:55:4355 [35mhttp[39m: [35mGET /api/auth/profile 401 69 - 0.224 ms anonymous[39m
2026-02-08 17:43:55:4355 [35mhttp[39m: [35mGET /api/auth/profile 401 69 - 0.140 ms anonymous[39m
2026-02-08 17:43:55:4355 [31merror[39m: [31mAuthentication error: jwt expired[39m
2026-02-08 17:43:55:4355 [35mhttp[39m: [35mGET /api/auth/profile 401 69 - 10.872 ms anonymous[39m
2026-02-08 17:43:55:4355 [35mhttp[39m: [35mGET /api/auth/profile 401 69 - 0.127 ms anonymous[39m
2026-02-08 17:43:55:4355 [31merror[39m: [31mAuthentication error: jwt expired[39m
2026-02-08 17:43:55:4355 [35mhttp[39m: [35mGET /api/auth/profile 401 69 - 19.115 ms anonymous[39m
2026-02-08 17:43:55:4355 [35mhttp[39m: [35mGET /api/auth/profile 401 69 - 0.291 ms anonymous[39m
2026-02-08 17:43:55:4355 [31merror[39m: [31mAuthentication error: jwt expired[39m
2026-02-08 17:43:55:4355 [35mhttp[39m: [35mGET /api/auth/profile 401 69 - 24.436 ms anonymous[39m
2026-02-08 17:43:55:4355 [35mhttp[39m: [35mGET /api/auth/profile 401 69 - 0.127 ms anonymous[39m
2026-02-08 17:43:55:4355 [31merror[39m: [31mAuthentication error: jwt expired[39m
2026-02-08 17:43:55:4355 [35mhttp[39m: [35mGET /api/auth/profile 401 69 - 9.333 ms anonymous[39m
2026-02-08 17:43:55:4355 [35mhttp[39m: [35mGET /api/auth/profile 401 69 - 0.083 ms anonymous[39m
2026-02-08 17:43:55:4355 [31merror[39m: [31mAuthentication error: jwt expired[39m
2026-02-08 17:43:55:4355 [35mhttp[39m: [35mGET /api/auth/profile 401 69 - 5.944 ms anonymous[39m
2026-02-08 17:43:55:4355 [35mhttp[39m: [35mGET /api/auth/profile 401 69 - 0.066 ms anonymous[39m
2026-02-08 17:43:55:4355 [31merror[39m: [31mAuthentication error: jwt expired[39m
2026-02-08 17:43:55:4355 [35mhttp[39m: [35mGET /api/auth/profile 401 69 - 9.581 ms anonymous[39m
2026-02-08 17:43:55:4355 [35mhttp[39m: [35mGET /api/auth/profile 401 69 - 0.085 ms anonymous[39m
2026-02-08 17:43:55:4355 [31merror[39m: [31mAuthentication error: jwt expired[39m
2026-02-08 17:43:55:4355 [35mhttp[39m: [35mGET /api/auth/profile 401 69 - 7.209 ms anonymous[39m
2026-02-08 17:43:55:4355 [35mhttp[39m: [35mGET /api/auth/profile 401 69 - 0.080 ms anonymous[39m
2026-02-08 17:43:55:4355 [35mhttp[39m: [35mGET /api/auth/profile 401 69 - 0.134 ms anonymous[39m
2026-02-08 17:43:55:4355 [31merror[39m: [31mAuthentication error: jwt expired[39m
2026-02-08 17:43:55:4355 [35mhttp[39m: [35mGET /api/auth/profile 401 69 - 14.682 ms anonymous[39m
2026-02-08 17:43:55:4355 [35mhttp[39m: [35mGET /api/auth/profile 401 69 - 0.195 ms anonymous[39m
2026-02-08 17:43:55:4355 [31merror[39m: [31mAuthentication error: jwt expired[39m
2026-02-08 17:43:55:4355 [35mhttp[39m: [35mGET /api/auth/profile 401 69 - 13.637 ms anonymous[39m
2026-02-08 17:43:55:4355 [35mhttp[39m: [35mGET /api/auth/profile 401 69 - 0.225 ms anonymous[39m
2026-02-08 17:43:55:4355 [31merror[39m: [31mAuthentication error: jwt expired[39m
2026-02-08 17:43:55:4355 [35mhttp[39m: [35mGET /api/auth/profile 401 69 - 10.462 ms anonymous[39m
2026-02-08 17:43:55:4355 [35mhttp[39m: [35mGET /api/auth/profile 401 69 - 0.266 ms anonymous[39m
2026-02-08 17:43:55:4355 [31merror[39m: [31mAuthentication error: jwt expired[39m
2026-02-08 17:43:55:4355 [35mhttp[39m: [35mGET /api/auth/profile 401 69 - 12.677 ms anonymous[39m
2026-02-08 17:43:55:4355 [35mhttp[39m: [35mGET /api/auth/profile 401 69 - 0.238 ms anonymous[39m
2026-02-08 17:43:55:4355 [31merror[39m: [31mAuthentication error: jwt expired[39m
2026-02-08 17:43:55:4355 [35mhttp[39m: [35mGET /api/auth/profile 401 69 - 15.353 ms anonymous[39m
2026-02-08 17:43:55:4355 [35mhttp[39m: [35mGET /api/auth/profile 401 69 - 0.085 ms anonymous[39m
2026-02-08 17:43:55:4355 [31merror[39m: [31mAuthentication error: jwt expired[39m
2026-02-08 17:43:55:4355 [35mhttp[39m: [35mGET /api/auth/profile 401 69 - 5.755 ms anonymous[39m
2026-02-08 17:43:55:4355 [35mhttp[39m: [35mGET /api/auth/profile 401 69 - 0.078 ms anonymous[39m
2026-02-08 17:43:55:4355 [35mhttp[39m: [35mGET /api/auth/profile 401 69 - 0.187 ms anonymous[39m
2026-02-08 17:43:55:4355 [31merror[39m: [31mAuthentication error: jwt expired[39m
2026-02-08 17:43:55:4355 [35mhttp[39m: [35mGET /api/auth/profile 401 69 - 15.404 ms anonymous[39m
2026-02-08 17:43:56:4356 [35mhttp[39m: [35mGET /api/auth/profile 401 69 - 0.562 ms anonymous[39m
2026-02-08 17:43:56:4356 [31merror[39m: [31mAuthentication error: jwt expired[39m
2026-02-08 17:43:56:4356 [35mhttp[39m: [35mGET /api/auth/profile 401 69 - 14.427 ms anonymous[39m
2026-02-08 17:43:56:4356 [35mhttp[39m: [35mGET /api/auth/profile 401 69 - 0.327 ms anonymous[39m
2026-02-08 17:43:56:4356 [31merror[39m: [31mAuthentication error: jwt expired[39m
2026-02-08 17:43:56:4356 [35mhttp[39m: [35mGET /api/auth/profile 401 69 - 12.364 ms anonymous[39m
2026-02-08 17:43:56:4356 [35mhttp[39m: [35mGET /api/auth/profile 401 69 - 0.572 ms anonymous[39m
2026-02-08 17:43:56:4356 [31merror[39m: [31mAuthentication error: jwt expired[39m
2026-02-08 17:43:56:4356 [35mhttp[39m: [35mGET /api/auth/profile 401 69 - 7.285 ms anonymous[39m
2026-02-08 17:43:56:4356 [35mhttp[39m: [35mGET /api/auth/profile 401 69 - 0.086 ms anonymous[39m
2026-02-08 17:43:56:4356 [35mhttp[39m: [35mGET /api/auth/profile 401 69 - 0.238 ms anonymous[39m
2026-02-08 17:43:56:4356 [31merror[39m: [31mAuthentication error: jwt expired[39m
2026-02-08 17:43:56:4356 [35mhttp[39m: [35mGET /api/auth/profile 401 69 - 19.129 ms anonymous[39m
2026-02-08 17:43:56:4356 [35mhttp[39m: [35mGET /api/auth/profile 401 69 - 0.421 ms anonymous[39m
2026-02-08 17:43:56:4356 [31merror[39m: [31mAuthentication error: jwt expired[39m
2026-02-08 17:43:56:4356 [35mhttp[39m: [35mGET /api/auth/profile 401 69 - 19.940 ms anonymous[39m
2026-02-08 17:43:56:4356 [35mhttp[39m: [35mGET /api/auth/profile 401 69 - 0.450 ms anonymous[39m
2026-02-08 17:43:56:4356 [31merror[39m: [31mAuthentication error: jwt expired[39m
2026-02-08 17:43:56:4356 [35mhttp[39m: [35mGET /api/auth/profile 401 69 - 12.957 ms anonymous[39m
2026-02-08 17:43:56:4356 [35mhttp[39m: [35mGET /api/auth/profile 401 69 - 0.211 ms anonymous[39m
2026-02-08 17:43:56:4356 [31merror[39m: [31mAuthentication error: jwt expired[39m
2026-02-08 17:43:56:4356 [35mhttp[39m: [35mGET /api/auth/profile 401 69 - 12.587 ms anonymous[39m
2026-02-08 17:43:56:4356 [35mhttp[39m: [35mGET /api/auth/profile 401 69 - 0.167 ms anonymous[39m
2026-02-08 17:43:56:4356 [31merror[39m: [31mAuthentication error: jwt expired[39m
2026-02-08 17:43:56:4356 [35mhttp[39m: [35mGET /api/auth/profile 401 69 - 15.651 ms anonymous[39m
2026-02-08 17:43:56:4356 [35mhttp[39m: [35mGET /api/auth/profile 401 69 - 0.120 ms anonymous[39m
2026-02-08 17:43:56:4356 [31merror[39m: [31mAuthentication error: jwt expired[39m
2026-02-08 17:43:56:4356 [35mhttp[39m: [35mGET /api/auth/profile 401 69 - 29.229 ms anonymous[39m
2026-02-08 17:43:56:4356 [35mhttp[39m: [35mGET /api/auth/profile 401 69 - 1.315 ms anonymous[39m
2026-02-08 17:43:56:4356 [31merror[39m: [31mAuthentication error: jwt expired[39m
2026-02-08 17:43:56:4356 [35mhttp[39m: [35mGET /api/auth/profile 401 69 - 21.491 ms anonymous[39m
2026-02-08 17:43:56:4356 [35mhttp[39m: [35mGET /api/auth/profile 401 69 - 0.456 ms anonymous[39m
2026-02-08 17:43:56:4356 [31merror[39m: [31mAuthentication error: jwt expired[39m
2026-02-08 17:43:56:4356 [35mhttp[39m: [35mGET /api/auth/profile 401 69 - 19.357 ms anonymous[39m
2026-02-08 17:43:56:4356 [35mhttp[39m: [35mGET /api/auth/profile 401 69 - 0.234 ms anonymous[39m
2026-02-08 17:43:56:4356 [31merror[39m: [31mAuthentication error: jwt expired[39m
2026-02-08 17:43:56:4356 [35mhttp[39m: [35mGET /api/auth/profile 401 69 - 17.604 ms anonymous[39m
2026-02-08 17:43:56:4356 [35mhttp[39m: [35mGET /api/auth/profile 401 69 - 0.405 ms anonymous[39m
2026-02-08 17:43:56:4356 [31merror[39m: [31mAuthentication error: jwt expired[39m
2026-02-08 17:43:56:4356 [35mhttp[39m: [35mGET /api/auth/profile 401 69 - 18.155 ms anonymous[39m
2026-02-08 17:43:56:4356 [35mhttp[39m: [35mGET /api/auth/profile 401 69 - 0.523 ms anonymous[39m
2026-02-08 17:43:56:4356 [31merror[39m: [31mAuthentication error: jwt expired[39m
2026-02-08 17:43:56:4356 [35mhttp[39m: [35mGET /api/auth/profile 401 69 - 14.708 ms anonymous[39m
2026-02-08 17:43:56:4356 [35mhttp[39m: [35mGET /api/auth/profile 401 69 - 0.109 ms anonymous[39m
2026-02-08 17:43:56:4356 [35mhttp[39m: [35mGET /api/auth/profile 401 69 - 0.133 ms anonymous[39m
2026-02-08 17:43:57:4357 [31merror[39m: [31mAuthentication error: jwt expired[39m
2026-02-08 17:43:57:4357 [35mhttp[39m: [35mGET /api/auth/profile 401 69 - 15.597 ms anonymous[39m
2026-02-08 17:43:57:4357 [35mhttp[39m: [35mGET /api/auth/profile 401 69 - 0.375 ms anonymous[39m
2026-02-08 17:43:57:4357 [31merror[39m: [31mAuthentication error: jwt expired[39m
2026-02-08 17:43:57:4357 [35mhttp[39m: [35mGET /api/auth/profile 401 69 - 21.768 ms anonymous[39m
2026-02-08 17:43:57:4357 [35mhttp[39m: [35mGET /api/auth/profile 401 69 - 3.211 ms anonymous[39m
2026-02-08 17:43:57:4357 [31merror[39m: [31mAuthentication error: jwt expired[39m
2026-02-08 17:43:57:4357 [35mhttp[39m: [35mGET /api/auth/profile 401 69 - 15.788 ms anonymous[39m
2026-02-08 17:43:57:4357 [35mhttp[39m: [35mGET /api/auth/profile 401 69 - 0.158 ms anonymous[39m
2026-02-08 17:43:57:4357 [31merror[39m: [31mAuthentication error: jwt expired[39m
2026-02-08 17:43:57:4357 [35mhttp[39m: [35mGET /api/auth/profile 401 69 - 46.081 ms anonymous[39m
2026-02-08 17:43:57:4357 [35mhttp[39m: [35mGET /api/auth/profile 401 69 - 1.618 ms anonymous[39m
2026-02-08 17:43:57:4357 [31merror[39m: [31mAuthentication error: jwt expired[39m
2026-02-08 17:43:57:4357 [35mhttp[39m: [35mGET /api/auth/profile 401 69 - 30.323 ms anonymous[39m
2026-02-08 17:43:57:4357 [31merror[39m: [31mAuthentication error: jwt expired[39m
2026-02-08 17:43:57:4357 [35mhttp[39m: [35mGET /api/auth/profile 401 69 - 18.299 ms anonymous[39m
2026-02-08 17:43:57:4357 [31merror[39m: [31mAuthentication error: jwt expired[39m
2026-02-08 17:43:57:4357 [35mhttp[39m: [35mGET /api/auth/profile 401 69 - 12.738 ms anonymous[39m
2026-02-08 17:43:57:4357 [31merror[39m: [31mAuthentication error: jwt expired[39m
2026-02-08 17:43:57:4357 [35mhttp[39m: [35mGET /api/auth/profile 401 69 - 11.954 ms anonymous[39m
2026-02-08 17:43:57:4357 [31merror[39m: [31mAuthentication error: jwt expired[39m
2026-02-08 17:43:57:4357 [35mhttp[39m: [35mGET /api/auth/profile 401 69 - 19.330 ms anonymous[39m
2026-02-08 17:43:57:4357 [31merror[39m: [31mAuthentication error: jwt expired[39m
2026-02-08 17:43:57:4357 [35mhttp[39m: [35mGET /api/auth/profile 401 69 - 7.482 ms anonymous[39m
2026-02-08 17:43:57:4357 [31merror[39m: [31mAuthentication error: jwt expired[39m
2026-02-08 17:43:57:4357 [35mhttp[39m: [35mGET /api/auth/profile 401 69 - 7.654 ms anonymous[39m
2026-02-08 17:43:57:4357 [31merror[39m: [31mAuthentication error: jwt expired[39m
2026-02-08 17:43:57:4357 [35mhttp[39m: [35mGET /api/auth/profile 401 69 - 6.967 ms anonymous[39m
2026-02-08 17:43:57:4357 [31merror[39m: [31mAuthentication error: jwt expired[39m
2026-02-08 17:43:57:4357 [35mhttp[39m: [35mGET /api/auth/profile 401 69 - 6.398 ms anonymous[39m
2026-02-08 17:43:58:4358 [31merror[39m: [31mAuthentication error: jwt expired[39m
2026-02-08 17:43:58:4358 [35mhttp[39m: [35mGET /api/auth/profile 401 69 - 7.227 ms anonymous[39m
2026-02-08 17:43:58:4358 [31merror[39m: [31mAuthentication error: jwt expired[39m
2026-02-08 17:43:58:4358 [35mhttp[39m: [35mGET /api/auth/profile 401 69 - 9.708 ms anonymous[39m
2026-02-08 17:43:58:4358 [31merror[39m: [31mAuthentication error: jwt expired[39m
2026-02-08 17:43:58:4358 [35mhttp[39m: [35mGET /api/auth/profile 401 69 - 6.987 ms anonymous[39m
2026-02-08 17:43:58:4358 [35mhttp[39m: [35mGET /api/auth/profile 401 69 - 0.222 ms anonymous[39m
2026-02-08 17:43:58:4358 [31merror[39m: [31mAuthentication error: jwt expired[39m
2026-02-08 17:43:58:4358 [35mhttp[39m: [35mGET /api/auth/profile 401 69 - 24.677 ms anonymous[39m
2026-02-08 17:43:58:4358 [35mhttp[39m: [35mGET /api/auth/profile 401 69 - 0.452 ms anonymous[39m
2026-02-08 17:43:58:4358 [31merror[39m: [31mAuthentication error: jwt expired[39m
2026-02-08 17:43:58:4358 [35mhttp[39m: [35mGET /api/auth/profile 401 69 - 16.111 ms anonymous[39m
2026-02-08 17:43:58:4358 [35mhttp[39m: [35mGET /api/auth/profile 401 69 - 0.104 ms anonymous[39m
2026-02-08 17:43:58:4358 [31merror[39m: [31mAuthentication error: jwt expired[39m
2026-02-08 17:43:58:4358 [35mhttp[39m: [35mGET /api/auth/profile 401 69 - 14.640 ms anonymous[39m
2026-02-08 17:43:58:4358 [35mhttp[39m: [35mGET /api/auth/profile 401 69 - 0.094 ms anonymous[39m
2026-02-08 17:43:58:4358 [35mhttp[39m: [35mGET /api/auth/profile 401 69 - 0.574 ms anonymous[39m
2026-02-08 17:43:58:4358 [31merror[39m: [31mAuthentication error: jwt expired[39m
2026-02-08 17:43:58:4358 [35mhttp[39m: [35mGET /api/auth/profile 401 69 - 15.272 ms anonymous[39m
2026-02-08 17:43:58:4358 [35mhttp[39m: [35mGET /api/auth/profile 401 69 - 0.753 ms anonymous[39m
2026-02-08 17:43:58:4358 [31merror[39m: [31mAuthentication error: jwt expired[39m
2026-02-08 17:43:58:4358 [35mhttp[39m: [35mGET /api/auth/profile 401 69 - 13.333 ms anonymous[39m
2026-02-08 17:43:58:4358 [35mhttp[39m: [35mGET /api/auth/profile 401 69 - 0.273 ms anonymous[39m
2026-02-08 17:43:58:4358 [31merror[39m: [31mAuthentication error: jwt expired[39m
2026-02-08 17:43:58:4358 [35mhttp[39m: [35mGET /api/auth/profile 401 69 - 15.787 ms anonymous[39m
2026-02-08 17:43:58:4358 [35mhttp[39m: [35mGET /api/auth/profile 401 69 - 0.139 ms anonymous[39m
2026-02-08 17:43:58:4358 [31merror[39m: [31mAuthentication error: jwt expired[39m
2026-02-08 17:43:58:4358 [35mhttp[39m: [35mGET /api/auth/profile 401 69 - 13.901 ms anonymous[39m
2026-02-08 17:43:58:4358 [35mhttp[39m: [35mGET /api/auth/profile 401 69 - 0.296 ms anonymous[39m
2026-02-08 17:43:58:4358 [31merror[39m: [31mAuthentication error: jwt expired[39m
2026-02-08 17:43:58:4358 [35mhttp[39m: [35mGET /api/auth/profile 401 69 - 19.100 ms anonymous[39m
2026-02-08 17:43:58:4358 [35mhttp[39m: [35mGET /api/auth/profile 401 69 - 0.128 ms anonymous[39m
2026-02-08 17:43:58:4358 [35mhttp[39m: [35mGET /api/auth/profile 401 69 - 0.679 ms anonymous[39m
2026-02-08 17:43:58:4358 [31merror[39m: [31mAuthentication error: jwt expired[39m
2026-02-08 17:43:58:4358 [35mhttp[39m: [35mGET /api/auth/profile 401 69 - 22.398 ms anonymous[39m
2026-02-08 17:43:58:4358 [35mhttp[39m: [35mGET /api/auth/profile 401 69 - 0.177 ms anonymous[39m
2026-02-08 17:43:58:4358 [31merror[39m: [31mAuthentication error: jwt expired[39m
2026-02-08 17:43:58:4358 [35mhttp[39m: [35mGET /api/auth/profile 401 69 - 13.167 ms anonymous[39m
2026-02-08 17:43:58:4358 [35mhttp[39m: [35mGET /api/auth/profile 401 69 - 0.152 ms anonymous[39m
2026-02-08 17:43:58:4358 [31merror[39m: [31mAuthentication error: jwt expired[39m
2026-02-08 17:43:58:4358 [35mhttp[39m: [35mGET /api/auth/profile 401 69 - 8.842 ms anonymous[39m
2026-02-08 17:43:58:4358 [35mhttp[39m: [35mGET /api/auth/profile 401 69 - 0.310 ms anonymous[39m
2026-02-08 17:43:59:4359 [31merror[39m: [31mAuthentication error: jwt expired[39m
2026-02-08 17:43:59:4359 [35mhttp[39m: [35mGET /api/auth/profile 401 69 - 14.655 ms anonymous[39m
2026-02-08 17:43:59:4359 [35mhttp[39m: [35mGET /api/auth/profile 401 69 - 0.113 ms anonymous[39m
2026-02-08 17:43:59:4359 [31merror[39m: [31mAuthentication error: jwt expired[39m
2026-02-08 17:43:59:4359 [35mhttp[39m: [35mGET /api/auth/profile 401 69 - 8.549 ms anonymous[39m
2026-02-08 17:43:59:4359 [35mhttp[39m: [35mGET /api/auth/profile 401 69 - 0.248 ms anonymous[39m
2026-02-08 17:43:59:4359 [35mhttp[39m: [35mGET /api/auth/profile 401 69 - 0.139 ms anonymous[39m
2026-02-08 17:43:59:4359 [31merror[39m: [31mAuthentication error: jwt expired[39m
2026-02-08 17:43:59:4359 [35mhttp[39m: [35mGET /api/auth/profile 401 69 - 14.681 ms anonymous[39m
2026-02-08 17:43:59:4359 [35mhttp[39m: [35mGET /api/auth/profile 401 69 - 0.474 ms anonymous[39m
2026-02-08 17:43:59:4359 [31merror[39m: [31mAuthentication error: jwt expired[39m
2026-02-08 17:43:59:4359 [35mhttp[39m: [35mGET /api/auth/profile 401 69 - 21.850 ms anonymous[39m
2026-02-08 17:43:59:4359 [35mhttp[39m: [35mGET /api/auth/profile 401 69 - 0.967 ms anonymous[39m
2026-02-08 17:43:59:4359 [31merror[39m: [31mAuthentication error: jwt expired[39m
2026-02-08 17:43:59:4359 [35mhttp[39m: [35mGET /api/auth/profile 401 69 - 15.022 ms anonymous[39m
2026-02-08 17:43:59:4359 [35mhttp[39m: [35mGET /api/auth/profile 401 69 - 0.187 ms anonymous[39m
2026-02-08 17:43:59:4359 [31merror[39m: [31mAuthentication error: jwt expired[39m
2026-02-08 17:43:59:4359 [35mhttp[39m: [35mGET /api/auth/profile 401 69 - 16.829 ms anonymous[39m
2026-02-08 17:43:59:4359 [35mhttp[39m: [35mGET /api/auth/profile 401 69 - 0.205 ms anonymous[39m
2026-02-08 17:43:59:4359 [31merror[39m: [31mAuthentication error: jwt expired[39m
2026-02-08 17:43:59:4359 [35mhttp[39m: [35mGET /api/auth/profile 401 69 - 12.751 ms anonymous[39m
2026-02-08 17:43:59:4359 [35mhttp[39m: [35mGET /api/auth/profile 401 69 - 0.286 ms anonymous[39m
2026-02-08 17:43:59:4359 [31merror[39m: [31mAuthentication error: jwt expired[39m
2026-02-08 17:43:59:4359 [35mhttp[39m: [35mGET /api/auth/profile 401 69 - 10.850 ms anonymous[39m
2026-02-08 17:43:59:4359 [35mhttp[39m: [35mGET /api/auth/profile 401 69 - 0.098 ms anonymous[39m
2026-02-08 17:43:59:4359 [31merror[39m: [31mAuthentication error: jwt expired[39m
2026-02-08 17:43:59:4359 [35mhttp[39m: [35mGET /api/auth/profile 401 69 - 10.529 ms anonymous[39m
2026-02-08 17:43:59:4359 [35mhttp[39m: [35mGET /api/auth/profile 401 69 - 0.079 ms anonymous[39m
2026-02-08 17:43:59:4359 [35mhttp[39m: [35mGET /api/auth/profile 401 69 - 0.154 ms anonymous[39m
2026-02-08 17:43:59:4359 [31merror[39m: [31mAuthentication error: jwt expired[39m
2026-02-08 17:43:59:4359 [35mhttp[39m: [35mGET /api/auth/profile 401 69 - 41.335 ms anonymous[39m
2026-02-08 17:43:59:4359 [35mhttp[39m: [35mGET /api/auth/profile 401 69 - 0.216 ms anonymous[39m
2026-02-08 17:43:59:4359 [31merror[39m: [31mAuthentication error: jwt expired[39m
2026-02-08 17:43:59:4359 [35mhttp[39m: [35mGET /api/auth/profile 401 69 - 87.153 ms anonymous[39m
2026-02-08 17:43:59:4359 [35mhttp[39m: [35mGET /api/auth/profile 401 69 - 0.770 ms anonymous[39m
2026-02-08 17:43:59:4359 [31merror[39m: [31mAuthentication error: jwt expired[39m
2026-02-08 17:43:59:4359 [35mhttp[39m: [35mGET /api/auth/profile 401 69 - 35.172 ms anonymous[39m
2026-02-08 17:43:59:4359 [35mhttp[39m: [35mGET /api/auth/profile 401 69 - 0.146 ms anonymous[39m
2026-02-08 17:44:00:440 [31merror[39m: [31mAuthentication error: jwt expired[39m
2026-02-08 17:44:00:440 [35mhttp[39m: [35mGET /api/auth/profile 401 69 - 13.804 ms anonymous[39m
2026-02-08 17:44:00:440 [35mhttp[39m: [35mGET /api/auth/profile 401 69 - 0.647 ms anonymous[39m
2026-02-08 17:44:00:440 [31merror[39m: [31mAuthentication error: jwt expired[39m
2026-02-08 17:44:00:440 [35mhttp[39m: [35mGET /api/auth/profile 401 69 - 18.186 ms anonymous[39m
2026-02-08 17:44:00:440 [35mhttp[39m: [35mGET /api/auth/profile 401 69 - 0.214 ms anonymous[39m
2026-02-08 17:44:00:440 [31merror[39m: [31mAuthentication error: jwt expired[39m
2026-02-08 17:44:00:440 [35mhttp[39m: [35mGET /api/auth/profile 401 69 - 19.613 ms anonymous[39m
2026-02-08 17:44:00:440 [35mhttp[39m: [35mGET /api/auth/profile 401 69 - 0.198 ms anonymous[39m
2026-02-08 17:44:00:440 [31merror[39m: [31mAuthentication error: jwt expired[39m
2026-02-08 17:44:00:440 [35mhttp[39m: [35mGET /api/auth/profile 401 69 - 11.987 ms anonymous[39m
2026-02-08 17:44:00:440 [35mhttp[39m: [35mGET /api/auth/profile 401 69 - 0.127 ms anonymous[39m
2026-02-08 17:44:00:440 [31merror[39m: [31mAuthentication error: jwt expired[39m
2026-02-08 17:44:00:440 [35mhttp[39m: [35mGET /api/auth/profile 401 69 - 18.590 ms anonymous[39m
2026-02-08 17:44:00:440 [35mhttp[39m: [35mGET /api/auth/profile 401 69 - 0.132 ms anonymous[39m
2026-02-08 17:44:00:440 [35mhttp[39m: [35mGET /api/auth/profile 401 69 - 0.265 ms anonymous[39m
2026-02-08 17:44:00:440 [31merror[39m: [31mAuthentication error: jwt expired[39m
2026-02-08 17:44:00:440 [35mhttp[39m: [35mGET /api/auth/profile 401 69 - 23.619 ms anonymous[39m
2026-02-08 17:44:00:440 [35mhttp[39m: [35mGET /api/auth/profile 401 69 - 0.330 ms anonymous[39m
2026-02-08 17:44:00:440 [31merror[39m: [31mAuthentication error: jwt expired[39m
2026-02-08 17:44:00:440 [35mhttp[39m: [35mGET /api/auth/profile 401 69 - 23.432 ms anonymous[39m
2026-02-08 17:44:00:440 [35mhttp[39m: [35mGET /api/auth/profile 401 69 - 0.307 ms anonymous[39m
2026-02-08 17:44:00:440 [31merror[39m: [31mAuthentication error: jwt expired[39m
2026-02-08 17:44:00:440 [35mhttp[39m: [35mGET /api/auth/profile 401 69 - 15.074 ms anonymous[39m
2026-02-08 17:44:00:440 [35mhttp[39m: [35mGET /api/auth/profile 401 69 - 0.176 ms anonymous[39m
2026-02-08 17:44:00:440 [31merror[39m: [31mAuthentication error: jwt expired[39m
2026-02-08 17:44:00:440 [35mhttp[39m: [35mGET /api/auth/profile 401 69 - 18.435 ms anonymous[39m
2026-02-08 17:44:00:440 [35mhttp[39m: [35mGET /api/auth/profile 401 69 - 0.979 ms anonymous[39m
2026-02-08 17:44:00:440 [31merror[39m: [31mAuthentication error: jwt expired[39m
2026-02-08 17:44:00:440 [35mhttp[39m: [35mGET /api/auth/profile 401 69 - 19.251 ms anonymous[39m
2026-02-08 17:44:00:440 [35mhttp[39m: [35mGET /api/auth/profile 401 69 - 0.271 ms anonymous[39m
2026-02-08 17:44:00:440 [35mhttp[39m: [35mGET /api/auth/profile 401 69 - 3.145 ms anonymous[39m
2026-02-08 17:44:00:440 [31merror[39m: [31mAuthentication error: jwt expired[39m
2026-02-08 17:44:00:440 [35mhttp[39m: [35mGET /api/auth/profile 401 69 - 13.090 ms anonymous[39m
2026-02-08 17:44:00:440 [35mhttp[39m: [35mGET /api/auth/profile 401 69 - 0.205 ms anonymous[39m
2026-02-08 17:44:00:440 [31merror[39m: [31mAuthentication error: jwt expired[39m
2026-02-08 17:44:00:440 [35mhttp[39m: [35mGET /api/auth/profile 401 69 - 8.970 ms anonymous[39m
2026-02-08 17:44:00:440 [35mhttp[39m: [35mGET /api/auth/profile 401 69 - 0.092 ms anonymous[39m
2026-02-08 17:44:01:441 [31merror[39m: [31mAuthentication error: jwt expired[39m
2026-02-08 17:44:01:441 [35mhttp[39m: [35mGET /api/auth/profile 401 69 - 21.443 ms anonymous[39m
2026-02-08 17:44:01:441 [35mhttp[39m: [35mGET /api/auth/profile 401 69 - 0.186 ms anonymous[39m
2026-02-08 17:44:01:441 [35mhttp[39m: [35mGET /api/auth/profile 401 69 - 0.182 ms anonymous[39m
2026-02-08 17:44:01:441 [31merror[39m: [31mAuthentication error: jwt expired[39m
2026-02-08 17:44:01:441 [35mhttp[39m: [35mGET /api/auth/profile 401 69 - 17.312 ms anonymous[39m
2026-02-08 17:44:01:441 [35mhttp[39m: [35mGET /api/auth/profile 401 69 - 0.543 ms anonymous[39m
2026-02-08 17:44:01:441 [31merror[39m: [31mAuthentication error: jwt expired[39m
2026-02-08 17:44:01:441 [35mhttp[39m: [35mGET /api/auth/profile 401 69 - 18.504 ms anonymous[39m
2026-02-08 17:44:01:441 [35mhttp[39m: [35mGET /api/auth/profile 401 69 - 1.754 ms anonymous[39m
2026-02-08 17:44:01:441 [31merror[39m: [31mAuthentication error: jwt expired[39m
2026-02-08 17:44:01:441 [35mhttp[39m: [35mGET /api/auth/profile 401 69 - 14.969 ms anonymous[39m
2026-02-08 17:44:01:441 [35mhttp[39m: [35mGET /api/auth/profile 401 69 - 0.319 ms anonymous[39m
2026-02-08 17:44:01:441 [31merror[39m: [31mAuthentication error: jwt expired[39m
2026-02-08 17:44:01:441 [35mhttp[39m: [35mGET /api/auth/profile 401 69 - 14.999 ms anonymous[39m
2026-02-08 17:44:01:441 [35mhttp[39m: [35mGET /api/auth/profile 401 69 - 0.415 ms anonymous[39m
2026-02-08 17:44:01:441 [31merror[39m: [31mAuthentication error: jwt expired[39m
2026-02-08 17:44:01:441 [35mhttp[39m: [35mGET /api/auth/profile 401 69 - 18.988 ms anonymous[39m
2026-02-08 17:44:01:441 [35mhttp[39m: [35mGET /api/auth/profile 401 69 - 0.510 ms anonymous[39m
2026-02-08 17:44:01:441 [31merror[39m: [31mAuthentication error: jwt expired[39m
2026-02-08 17:44:01:441 [35mhttp[39m: [35mGET /api/auth/profile 401 69 - 25.280 ms anonymous[39m
2026-02-08 17:44:01:441 [35mhttp[39m: [35mGET /api/auth/profile 401 69 - 0.281 ms anonymous[39m
2026-02-08 17:44:01:441 [31merror[39m: [31mAuthentication error: jwt expired[39m
2026-02-08 17:44:01:441 [35mhttp[39m: [35mGET /api/auth/profile 401 69 - 12.142 ms anonymous[39m
2026-02-08 17:44:01:441 [35mhttp[39m: [35mGET /api/auth/profile 401 69 - 0.114 ms anonymous[39m
2026-02-08 17:44:01:441 [31merror[39m: [31mAuthentication error: jwt expired[39m
2026-02-08 17:44:01:441 [35mhttp[39m: [35mGET /api/auth/profile 401 69 - 9.968 ms anonymous[39m
2026-02-08 17:44:01:441 [35mhttp[39m: [35mGET /api/auth/profile 401 69 - 0.083 ms anonymous[39m
2026-02-08 17:44:01:441 [31merror[39m: [31mAuthentication error: jwt expired[39m
2026-02-08 17:44:01:441 [35mhttp[39m: [35mGET /api/auth/profile 401 69 - 7.298 ms anonymous[39m
2026-02-08 17:44:01:441 [35mhttp[39m: [35mGET /api/auth/profile 401 69 - 0.080 ms anonymous[39m
2026-02-08 17:44:01:441 [31merror[39m: [31mAuthentication error: jwt expired[39m
2026-02-08 17:44:01:441 [35mhttp[39m: [35mGET /api/auth/profile 401 69 - 14.491 ms anonymous[39m
2026-02-08 17:44:01:441 [35mhttp[39m: [35mGET /api/auth/profile 401 69 - 0.293 ms anonymous[39m
2026-02-08 17:44:01:441 [31merror[39m: [31mAuthentication error: jwt expired[39m
2026-02-08 17:44:01:441 [35mhttp[39m: [35mGET /api/auth/profile 401 69 - 5.672 ms anonymous[39m
2026-02-08 17:44:01:441 [35mhttp[39m: [35mGET /api/auth/profile 401 69 - 0.135 ms anonymous[39m
2026-02-08 17:44:01:441 [35mhttp[39m: [35mGET /api/auth/profile 401 69 - 0.583 ms anonymous[39m
2026-02-08 17:44:01:441 [31merror[39m: [31mAuthentication error: jwt expired[39m
2026-02-08 17:44:01:441 [35mhttp[39m: [35mGET /api/auth/profile 401 69 - 11.939 ms anonymous[39m
2026-02-08 17:44:02:442 [35mhttp[39m: [35mGET /api/auth/profile 401 69 - 0.197 ms anonymous[39m
2026-02-08 17:44:02:442 [31merror[39m: [31mAuthentication error: jwt expired[39m
2026-02-08 17:44:02:442 [35mhttp[39m: [35mGET /api/auth/profile 401 69 - 11.453 ms anonymous[39m
2026-02-08 17:44:02:442 [35mhttp[39m: [35mGET /api/auth/profile 401 69 - 0.535 ms anonymous[39m
2026-02-08 17:44:02:442 [31merror[39m: [31mAuthentication error: jwt expired[39m
2026-02-08 17:44:02:442 [35mhttp[39m: [35mGET /api/auth/profile 401 69 - 16.173 ms anonymous[39m
2026-02-08 17:44:02:442 [35mhttp[39m: [35mGET /api/auth/profile 401 69 - 0.293 ms anonymous[39m
2026-02-08 17:44:02:442 [31merror[39m: [31mAuthentication error: jwt expired[39m
2026-02-08 17:44:02:442 [35mhttp[39m: [35mGET /api/auth/profile 401 69 - 23.675 ms anonymous[39m
2026-02-08 17:44:02:442 [35mhttp[39m: [35mGET /api/auth/profile 401 69 - 0.500 ms anonymous[39m
2026-02-08 17:44:02:442 [31merror[39m: [31mAuthentication error: jwt expired[39m
2026-02-08 17:44:02:442 [35mhttp[39m: [35mGET /api/auth/profile 401 69 - 18.367 ms anonymous[39m
2026-02-08 17:44:02:442 [35mhttp[39m: [35mGET /api/auth/profile 401 69 - 0.345 ms anonymous[39m
2026-02-08 17:44:02:442 [31merror[39m: [31mAuthentication error: jwt expired[39m
2026-02-08 17:44:02:442 [35mhttp[39m: [35mGET /api/auth/profile 401 69 - 16.656 ms anonymous[39m
2026-02-08 17:44:02:442 [35mhttp[39m: [35mGET /api/auth/profile 401 69 - 0.710 ms anonymous[39m
2026-02-08 17:44:02:442 [31merror[39m: [31mAuthentication error: jwt expired[39m
2026-02-08 17:44:02:442 [35mhttp[39m: [35mGET /api/auth/profile 401 69 - 15.432 ms anonymous[39m
2026-02-08 17:44:02:442 [35mhttp[39m: [35mGET /api/auth/profile 401 69 - 0.219 ms anonymous[39m
2026-02-08 17:44:02:442 [31merror[39m: [31mAuthentication error: jwt expired[39m
2026-02-08 17:44:02:442 [35mhttp[39m: [35mGET /api/auth/profile 401 69 - 6.005 ms anonymous[39m
2026-02-08 17:44:02:442 [35mhttp[39m: [35mGET /api/auth/profile 401 69 - 0.079 ms anonymous[39m
2026-02-08 17:44:02:442 [31merror[39m: [31mAuthentication error: jwt expired[39m
2026-02-08 17:44:02:442 [35mhttp[39m: [35mGET /api/auth/profile 401 69 - 11.637 ms anonymous[39m
2026-02-08 17:44:02:442 [35mhttp[39m: [35mGET /api/auth/profile 401 69 - 0.085 ms anonymous[39m
2026-02-08 17:44:02:442 [35mhttp[39m: [35mGET /api/auth/profile 401 69 - 0.134 ms anonymous[39m
2026-02-08 17:44:02:442 [31merror[39m: [31mAuthentication error: jwt expired[39m
2026-02-08 17:44:02:442 [35mhttp[39m: [35mGET /api/auth/profile 401 69 - 14.640 ms anonymous[39m
2026-02-08 17:44:02:442 [35mhttp[39m: [35mGET /api/auth/profile 401 69 - 0.332 ms anonymous[39m
2026-02-08 17:44:02:442 [31merror[39m: [31mAuthentication error: jwt expired[39m
2026-02-08 17:44:02:442 [35mhttp[39m: [35mGET /api/auth/profile 401 69 - 21.110 ms anonymous[39m
2026-02-08 17:44:02:442 [35mhttp[39m: [35mGET /api/auth/profile 401 69 - 0.140 ms anonymous[39m
2026-02-08 17:44:02:442 [31merror[39m: [31mAuthentication error: jwt expired[39m
2026-02-08 17:44:02:442 [35mhttp[39m: [35mGET /api/auth/profile 401 69 - 11.654 ms anonymous[39m
2026-02-08 17:44:02:442 [35mhttp[39m: [35mGET /api/auth/profile 401 69 - 0.484 ms anonymous[39m
2026-02-08 17:44:02:442 [31merror[39m: [31mAuthentication error: jwt expired[39m
2026-02-08 17:44:02:442 [35mhttp[39m: [35mGET /api/auth/profile 401 69 - 10.480 ms anonymous[39m
2026-02-08 17:44:02:442 [35mhttp[39m: [35mGET /api/auth/profile 401 69 - 0.072 ms anonymous[39m
2026-02-08 17:44:02:442 [31merror[39m: [31mAuthentication error: jwt expired[39m
2026-02-08 17:44:02:442 [35mhttp[39m: [35mGET /api/auth/profile 401 69 - 8.722 ms anonymous[39m
2026-02-08 17:44:02:442 [35mhttp[39m: [35mGET /api/auth/profile 401 69 - 0.120 ms anonymous[39m
2026-02-08 17:44:03:443 [31merror[39m: [31mAuthentication error: jwt expired[39m
2026-02-08 17:44:03:443 [35mhttp[39m: [35mGET /api/auth/profile 401 69 - 10.420 ms anonymous[39m
2026-02-08 17:44:03:443 [35mhttp[39m: [35mGET /api/auth/profile 401 69 - 0.080 ms anonymous[39m
2026-02-08 17:44:03:443 [35mhttp[39m: [35mGET /api/auth/profile 401 69 - 0.592 ms anonymous[39m
2026-02-08 17:44:03:443 [31merror[39m: [31mAuthentication error: jwt expired[39m
2026-02-08 17:44:03:443 [35mhttp[39m: [35mGET /api/auth/profile 401 69 - 14.352 ms anonymous[39m
2026-02-08 17:44:03:443 [35mhttp[39m: [35mGET /api/auth/profile 401 69 - 0.345 ms anonymous[39m
2026-02-08 17:44:03:443 [31merror[39m: [31mAuthentication error: jwt expired[39m
2026-02-08 17:44:03:443 [35mhttp[39m: [35mGET /api/auth/profile 401 69 - 20.655 ms anonymous[39m
2026-02-08 17:44:03:443 [35mhttp[39m: [35mGET /api/auth/profile 401 69 - 0.464 ms anonymous[39m
2026-02-08 17:44:03:443 [31merror[39m: [31mAuthentication error: jwt expired[39m
2026-02-08 17:44:03:443 [35mhttp[39m: [35mGET /api/auth/profile 401 69 - 16.429 ms anonymous[39m
2026-02-08 17:44:03:443 [35mhttp[39m: [35mGET /api/auth/profile 401 69 - 0.284 ms anonymous[39m
2026-02-08 17:44:03:443 [31merror[39m: [31mAuthentication error: jwt expired[39m
2026-02-08 17:44:03:443 [35mhttp[39m: [35mGET /api/auth/profile 401 69 - 13.843 ms anonymous[39m
2026-02-08 17:44:03:443 [35mhttp[39m: [35mGET /api/auth/profile 401 69 - 0.544 ms anonymous[39m
2026-02-08 17:44:03:443 [35mhttp[39m: [35mGET /api/auth/profile 401 69 - 1.570 ms anonymous[39m
2026-02-08 17:44:03:443 [31merror[39m: [31mAuthentication error: jwt expired[39m
2026-02-08 17:44:03:443 [35mhttp[39m: [35mGET /api/auth/profile 401 69 - 11.680 ms anonymous[39m
2026-02-08 17:44:03:443 [35mhttp[39m: [35mGET /api/auth/profile 401 69 - 0.135 ms anonymous[39m
2026-02-08 17:44:03:443 [31merror[39m: [31mAuthentication error: jwt expired[39m
2026-02-08 17:44:03:443 [35mhttp[39m: [35mGET /api/auth/profile 401 69 - 14.184 ms anonymous[39m
2026-02-08 17:44:03:443 [35mhttp[39m: [35mGET /api/auth/profile 401 69 - 0.304 ms anonymous[39m
2026-02-08 17:44:03:443 [31merror[39m: [31mAuthentication error: jwt expired[39m
2026-02-08 17:44:03:443 [35mhttp[39m: [35mGET /api/auth/profile 401 69 - 13.486 ms anonymous[39m
2026-02-08 17:44:03:443 [35mhttp[39m: [35mGET /api/auth/profile 401 69 - 0.419 ms anonymous[39m
2026-02-08 17:44:03:443 [31merror[39m: [31mAuthentication error: jwt expired[39m
2026-02-08 17:44:03:443 [35mhttp[39m: [35mGET /api/auth/profile 401 69 - 11.695 ms anonymous[39m
2026-02-08 17:44:03:443 [35mhttp[39m: [35mGET /api/auth/profile 401 69 - 0.074 ms anonymous[39m
2026-02-08 17:44:03:443 [31merror[39m: [31mAuthentication error: jwt expired[39m
2026-02-08 17:44:03:443 [35mhttp[39m: [35mGET /api/auth/profile 401 69 - 6.720 ms anonymous[39m
2026-02-08 17:44:03:443 [35mhttp[39m: [35mGET /api/auth/profile 401 69 - 0.100 ms anonymous[39m
2026-02-08 17:44:03:443 [31merror[39m: [31mAuthentication error: jwt expired[39m
2026-02-08 17:44:03:443 [35mhttp[39m: [35mGET /api/auth/profile 401 69 - 11.704 ms anonymous[39m
2026-02-08 17:44:03:443 [35mhttp[39m: [35mGET /api/auth/profile 401 69 - 0.164 ms anonymous[39m
2026-02-08 17:44:03:443 [31merror[39m: [31mAuthentication error: jwt expired[39m
2026-02-08 17:44:03:443 [35mhttp[39m: [35mGET /api/auth/profile 401 69 - 9.594 ms anonymous[39m
2026-02-08 17:44:03:443 [35mhttp[39m: [35mGET /api/auth/profile 401 69 - 0.125 ms anonymous[39m
2026-02-08 17:44:03:443 [35mhttp[39m: [35mGET /api/auth/profile 401 69 - 0.276 ms anonymous[39m
2026-02-08 17:44:03:443 [31merror[39m: [31mAuthentication error: jwt expired[39m
2026-02-08 17:44:03:443 [35mhttp[39m: [35mGET /api/auth/profile 401 69 - 16.174 ms anonymous[39m
2026-02-08 17:44:03:443 [35mhttp[39m: [35mGET /api/auth/profile 401 69 - 0.503 ms anonymous[39m
2026-02-08 17:44:03:443 [31merror[39m: [31mAuthentication error: jwt expired[39m
2026-02-08 17:44:03:443 [35mhttp[39m: [35mGET /api/auth/profile 401 69 - 25.004 ms anonymous[39m
2026-02-08 17:44:03:443 [35mhttp[39m: [35mGET /api/auth/profile 401 69 - 0.160 ms anonymous[39m
2026-02-08 17:44:03:443 [31merror[39m: [31mAuthentication error: jwt expired[39m
2026-02-08 17:44:04:444 [35mhttp[39m: [35mGET /api/auth/profile 401 69 - 11.885 ms anonymous[39m
2026-02-08 17:44:04:444 [35mhttp[39m: [35mGET /api/auth/profile 401 69 - 0.138 ms anonymous[39m
2026-02-08 17:44:04:444 [35mhttp[39m: [35mGET /api/auth/profile 401 69 - 0.275 ms anonymous[39m
2026-02-08 17:44:04:444 [31merror[39m: [31mAuthentication error: jwt expired[39m
2026-02-08 17:44:04:444 [35mhttp[39m: [35mGET /api/auth/profile 401 69 - 19.138 ms anonymous[39m
2026-02-08 17:44:04:444 [35mhttp[39m: [35mGET /api/auth/profile 401 69 - 1.328 ms anonymous[39m
2026-02-08 17:44:04:444 [31merror[39m: [31mAuthentication error: jwt expired[39m
2026-02-08 17:44:04:444 [35mhttp[39m: [35mGET /api/auth/profile 401 69 - 14.241 ms anonymous[39m
2026-02-08 17:44:04:444 [35mhttp[39m: [35mGET /api/auth/profile 401 69 - 0.448 ms anonymous[39m
2026-02-08 17:44:04:444 [31merror[39m: [31mAuthentication error: jwt expired[39m
2026-02-08 17:44:04:444 [35mhttp[39m: [35mGET /api/auth/profile 401 69 - 19.325 ms anonymous[39m
2026-02-08 17:44:04:444 [35mhttp[39m: [35mGET /api/auth/profile 401 69 - 3.582 ms anonymous[39m
2026-02-08 17:44:04:444 [31merror[39m: [31mAuthentication error: jwt expired[39m
2026-02-08 17:44:04:444 [35mhttp[39m: [35mGET /api/auth/profile 401 69 - 15.635 ms anonymous[39m
2026-02-08 17:44:04:444 [35mhttp[39m: [35mGET /api/auth/profile 401 69 - 0.520 ms anonymous[39m
2026-02-08 17:44:04:444 [31merror[39m: [31mAuthentication error: jwt expired[39m
2026-02-08 17:44:04:444 [35mhttp[39m: [35mGET /api/auth/profile 401 69 - 11.231 ms anonymous[39m
2026-02-08 17:44:04:444 [35mhttp[39m: [35mGET /api/auth/profile 401 69 - 0.099 ms anonymous[39m
2026-02-08 17:44:04:444 [31merror[39m: [31mAuthentication error: jwt expired[39m
2026-02-08 17:44:04:444 [35mhttp[39m: [35mGET /api/auth/profile 401 69 - 10.954 ms anonymous[39m
2026-02-08 17:44:04:444 [35mhttp[39m: [35mGET /api/auth/profile 401 69 - 0.095 ms anonymous[39m
2026-02-08 17:44:04:444 [31merror[39m: [31mAuthentication error: jwt expired[39m
2026-02-08 17:44:04:444 [35mhttp[39m: [35mGET /api/auth/profile 401 69 - 10.164 ms anonymous[39m
2026-02-08 17:44:04:444 [35mhttp[39m: [35mGET /api/auth/profile 401 69 - 0.076 ms anonymous[39m
2026-02-08 17:44:04:444 [35mhttp[39m: [35mGET /api/auth/profile 401 69 - 0.173 ms anonymous[39m
2026-02-08 17:44:04:444 [31merror[39m: [31mAuthentication error: jwt expired[39m
2026-02-08 17:44:04:444 [35mhttp[39m: [35mGET /api/auth/profile 401 69 - 32.373 ms anonymous[39m
2026-02-08 17:44:04:444 [35mhttp[39m: [35mGET /api/auth/profile 401 69 - 0.584 ms anonymous[39m
2026-02-08 17:44:04:444 [35mhttp[39m: [35mGET /api/auth/profile 401 69 - 0.652 ms anonymous[39m
2026-02-08 17:44:04:444 [31merror[39m: [31mAuthentication error: jwt expired[39m
2026-02-08 17:44:04:444 [35mhttp[39m: [35mGET /api/auth/profile 401 69 - 14.214 ms anonymous[39m
2026-02-08 17:44:04:444 [35mhttp[39m: [35mGET /api/auth/profile 401 69 - 0.174 ms anonymous[39m
2026-02-08 17:44:04:444 [31merror[39m: [31mAuthentication error: jwt expired[39m
2026-02-08 17:44:04:444 [35mhttp[39m: [35mGET /api/auth/profile 401 69 - 26.099 ms anonymous[39m
2026-02-08 17:44:04:444 [35mhttp[39m: [35mGET /api/auth/profile 401 69 - 0.154 ms anonymous[39m
2026-02-08 17:44:04:444 [31merror[39m: [31mAuthentication error: jwt expired[39m
2026-02-08 17:44:04:444 [35mhttp[39m: [35mGET /api/auth/profile 401 69 - 12.508 ms anonymous[39m
2026-02-08 17:44:04:444 [35mhttp[39m: [35mGET /api/auth/profile 401 69 - 0.422 ms anonymous[39m
2026-02-08 17:44:04:444 [31merror[39m: [31mAuthentication error: jwt expired[39m
2026-02-08 17:44:04:444 [35mhttp[39m: [35mGET /api/auth/profile 401 69 - 11.936 ms anonymous[39m
2026-02-08 17:44:04:444 [35mhttp[39m: [35mGET /api/auth/profile 401 69 - 0.392 ms anonymous[39m
2026-02-08 17:44:04:444 [31merror[39m: [31mAuthentication error: jwt expired[39m
2026-02-08 17:44:04:444 [35mhttp[39m: [35mGET /api/auth/profile 401 69 - 9.474 ms anonymous[39m
2026-02-08 17:44:04:444 [35mhttp[39m: [35mGET /api/auth/profile 401 69 - 0.148 ms anonymous[39m
2026-02-08 17:44:05:445 [31merror[39m: [31mAuthentication error: jwt expired[39m
2026-02-08 17:44:05:445 [35mhttp[39m: [35mGET /api/auth/profile 401 69 - 38.167 ms anonymous[39m
2026-02-08 17:44:05:445 [35mhttp[39m: [35mGET /api/auth/profile 401 69 - 0.407 ms anonymous[39m
2026-02-08 17:44:05:445 [31merror[39m: [31mAuthentication error: jwt expired[39m
2026-02-08 17:44:05:445 [35mhttp[39m: [35mGET /api/auth/profile 401 69 - 18.362 ms anonymous[39m
2026-02-08 17:44:05:445 [35mhttp[39m: [35mGET /api/auth/profile 401 69 - 0.557 ms anonymous[39m
2026-02-08 17:44:05:445 [35mhttp[39m: [35mGET /api/auth/profile 401 69 - 0.469 ms anonymous[39m
2026-02-08 17:44:05:445 [31merror[39m: [31mAuthentication error: jwt expired[39m
2026-02-08 17:44:05:445 [35mhttp[39m: [35mGET /api/auth/profile 401 69 - 17.540 ms anonymous[39m
2026-02-08 17:44:05:445 [35mhttp[39m: [35mGET /api/auth/profile 401 69 - 0.621 ms anonymous[39m
2026-02-08 17:44:05:445 [31merror[39m: [31mAuthentication error: jwt expired[39m
2026-02-08 17:44:05:445 [35mhttp[39m: [35mGET /api/auth/profile 401 69 - 15.415 ms anonymous[39m
2026-02-08 17:44:05:445 [35mhttp[39m: [35mGET /api/auth/profile 401 69 - 0.449 ms anonymous[39m
2026-02-08 17:44:05:445 [31merror[39m: [31mAuthentication error: jwt expired[39m
2026-02-08 17:44:05:445 [35mhttp[39m: [35mGET /api/auth/profile 401 69 - 12.593 ms anonymous[39m
2026-02-08 17:44:05:445 [35mhttp[39m: [35mGET /api/auth/profile 401 69 - 0.082 ms anonymous[39m
2026-02-08 17:44:05:445 [35mhttp[39m: [35mGET /api/auth/profile 401 69 - 1.862 ms anonymous[39m
2026-02-08 17:44:05:445 [31merror[39m: [31mAuthentication error: jwt expired[39m
2026-02-08 17:44:05:445 [35mhttp[39m: [35mGET /api/auth/profile 401 69 - 22.347 ms anonymous[39m
2026-02-08 17:44:05:445 [35mhttp[39m: [35mGET /api/auth/profile 401 69 - 0.302 ms anonymous[39m
2026-02-08 17:44:05:445 [31merror[39m: [31mAuthentication error: jwt expired[39m
2026-02-08 17:44:05:445 [35mhttp[39m: [35mGET /api/auth/profile 401 69 - 18.103 ms anonymous[39m
2026-02-08 17:44:05:445 [35mhttp[39m: [35mGET /api/auth/profile 401 69 - 0.245 ms anonymous[39m
2026-02-08 17:44:05:445 [31merror[39m: [31mAuthentication error: jwt expired[39m
2026-02-08 17:44:05:445 [35mhttp[39m: [35mGET /api/auth/profile 401 69 - 32.462 ms anonymous[39m
2026-02-08 17:44:05:445 [35mhttp[39m: [35mGET /api/auth/profile 401 69 - 0.354 ms anonymous[39m
2026-02-08 17:44:05:445 [31merror[39m: [31mAuthentication error: jwt expired[39m
2026-02-08 17:44:05:445 [35mhttp[39m: [35mGET /api/auth/profile 401 69 - 22.366 ms anonymous[39m
2026-02-08 17:44:05:445 [35mhttp[39m: [35mGET /api/auth/profile 401 69 - 0.452 ms anonymous[39m
2026-02-08 17:44:05:445 [31merror[39m: [31mAuthentication error: jwt expired[39m
2026-02-08 17:44:05:445 [35mhttp[39m: [35mGET /api/auth/profile 401 69 - 22.632 ms anonymous[39m
2026-02-08 17:44:05:445 [35mhttp[39m: [35mGET /api/auth/profile 401 69 - 0.431 ms anonymous[39m
2026-02-08 17:44:05:445 [31merror[39m: [31mAuthentication error: jwt expired[39m
2026-02-08 17:44:05:445 [35mhttp[39m: [35mGET /api/auth/profile 401 69 - 16.205 ms anonymous[39m
2026-02-08 17:44:05:445 [35mhttp[39m: [35mGET /api/auth/profile 401 69 - 0.104 ms anonymous[39m
2026-02-08 17:44:06:446 [31merror[39m: [31mAuthentication error: jwt expired[39m
2026-02-08 17:44:06:446 [35mhttp[39m: [35mGET /api/auth/profile 401 69 - 8.528 ms anonymous[39m
2026-02-08 17:44:06:446 [35mhttp[39m: [35mGET /api/auth/profile 401 69 - 0.104 ms anonymous[39m
2026-02-08 17:44:06:446 [31merror[39m: [31mAuthentication error: jwt expired[39m
2026-02-08 17:44:06:446 [35mhttp[39m: [35mGET /api/auth/profile 401 69 - 8.323 ms anonymous[39m
2026-02-08 17:44:06:446 [35mhttp[39m: [35mGET /api/auth/profile 401 69 - 0.835 ms anonymous[39m
2026-02-08 17:44:06:446 [31merror[39m: [31mAuthentication error: jwt expired[39m
2026-02-08 17:44:06:446 [35mhttp[39m: [35mGET /api/auth/profile 401 69 - 16.470 ms anonymous[39m
2026-02-08 17:44:06:446 [35mhttp[39m: [35mGET /api/auth/profile 401 69 - 0.104 ms anonymous[39m
2026-02-08 17:44:06:446 [31merror[39m: [31mAuthentication error: jwt expired[39m
2026-02-08 17:44:06:446 [35mhttp[39m: [35mGET /api/auth/profile 401 69 - 19.982 ms anonymous[39m
2026-02-08 17:44:06:446 [35mhttp[39m: [35mGET /api/auth/profile 401 69 - 0.084 ms anonymous[39m
2026-02-08 17:44:06:446 [31merror[39m: [31mAuthentication error: jwt expired[39m
2026-02-08 17:44:06:446 [35mhttp[39m: [35mGET /api/auth/profile 401 69 - 9.203 ms anonymous[39m
2026-02-08 17:44:06:446 [35mhttp[39m: [35mGET /api/auth/profile 401 69 - 0.082 ms anonymous[39m
2026-02-08 17:44:06:446 [35mhttp[39m: [35mGET /api/auth/profile 401 69 - 0.354 ms anonymous[39m
2026-02-08 17:44:06:446 [31merror[39m: [31mAuthentication error: jwt expired[39m
2026-02-08 17:44:06:446 [35mhttp[39m: [35mGET /api/auth/profile 401 69 - 20.520 ms anonymous[39m
2026-02-08 17:44:06:446 [31merror[39m: [31mAuthentication error: jwt expired[39m
2026-02-08 17:44:06:446 [35mhttp[39m: [35mGET /api/auth/profile 401 69 - 5.124 ms anonymous[39m
2026-02-08 17:44:06:446 [35mhttp[39m: [35mGET /api/auth/profile 401 69 - 0.086 ms anonymous[39m
2026-02-08 17:44:06:446 [31merror[39m: [31mAuthentication error: jwt expired[39m
2026-02-08 17:44:06:446 [35mhttp[39m: [35mGET /api/auth/profile 401 69 - 17.578 ms anonymous[39m
2026-02-08 17:44:06:446 [35mhttp[39m: [35mGET /api/auth/profile 401 69 - 0.134 ms anonymous[39m
2026-02-08 17:44:06:446 [31merror[39m: [31mAuthentication error: jwt expired[39m
2026-02-08 17:44:06:446 [35mhttp[39m: [35mGET /api/auth/profile 401 69 - 8.609 ms anonymous[39m
2026-02-08 17:44:06:446 [35mhttp[39m: [35mGET /api/auth/profile 401 69 - 0.084 ms anonymous[39m
2026-02-08 17:44:06:446 [35mhttp[39m: [35mGET /api/auth/profile 401 69 - 0.145 ms anonymous[39m
2026-02-08 17:44:06:446 [31merror[39m: [31mAuthentication error: jwt expired[39m
2026-02-08 17:44:06:446 [35mhttp[39m: [35mGET /api/auth/profile 401 69 - 13.483 ms anonymous[39m
2026-02-08 17:44:06:446 [35mhttp[39m: [35mGET /api/auth/profile 401 69 - 0.140 ms anonymous[39m
2026-02-08 17:44:06:446 [31merror[39m: [31mAuthentication error: jwt expired[39m
2026-02-08 17:44:06:446 [35mhttp[39m: [35mGET /api/auth/profile 401 69 - 17.125 ms anonymous[39m
2026-02-08 17:44:06:446 [35mhttp[39m: [35mGET /api/auth/profile 401 69 - 0.602 ms anonymous[39m
2026-02-08 17:44:06:446 [31merror[39m: [31mAuthentication error: jwt expired[39m
2026-02-08 17:44:06:446 [35mhttp[39m: [35mGET /api/auth/profile 401 69 - 16.068 ms anonymous[39m
2026-02-08 17:44:06:446 [35mhttp[39m: [35mGET /api/auth/profile 401 69 - 0.261 ms anonymous[39m
2026-02-08 17:44:06:446 [31merror[39m: [31mAuthentication error: jwt expired[39m
2026-02-08 17:44:06:446 [35mhttp[39m: [35mGET /api/auth/profile 401 69 - 21.988 ms anonymous[39m
2026-02-08 17:44:06:446 [35mhttp[39m: [35mGET /api/auth/profile 401 69 - 0.306 ms anonymous[39m
2026-02-08 17:44:06:446 [31merror[39m: [31mAuthentication error: jwt expired[39m
2026-02-08 17:44:06:446 [35mhttp[39m: [35mGET /api/auth/profile 401 69 - 12.295 ms anonymous[39m
2026-02-08 17:44:06:446 [35mhttp[39m: [35mGET /api/auth/profile 401 69 - 0.303 ms anonymous[39m
2026-02-08 17:44:07:447 [31merror[39m: [31mAuthentication error: jwt expired[39m
2026-02-08 17:44:07:447 [35mhttp[39m: [35mGET /api/auth/profile 401 69 - 17.337 ms anonymous[39m
2026-02-08 17:44:07:447 [35mhttp[39m: [35mGET /api/auth/profile 401 69 - 0.739 ms anonymous[39m
2026-02-08 17:44:07:447 [31merror[39m: [31mAuthentication error: jwt expired[39m
2026-02-08 17:44:07:447 [35mhttp[39m: [35mGET /api/auth/profile 401 69 - 8.954 ms anonymous[39m
2026-02-08 17:44:07:447 [35mhttp[39m: [35mGET /api/auth/profile 401 69 - 0.277 ms anonymous[39m
2026-02-08 17:44:07:447 [35mhttp[39m: [35mGET /api/auth/profile 401 69 - 0.415 ms anonymous[39m
2026-02-08 17:44:07:447 [31merror[39m: [31mAuthentication error: jwt expired[39m
2026-02-08 17:44:07:447 [35mhttp[39m: [35mGET /api/auth/profile 401 69 - 20.439 ms anonymous[39m
2026-02-08 17:44:07:447 [35mhttp[39m: [35mGET /api/auth/profile 401 69 - 0.356 ms anonymous[39m
2026-02-08 17:44:07:447 [31merror[39m: [31mAuthentication error: jwt expired[39m
2026-02-08 17:44:07:447 [35mhttp[39m: [35mGET /api/auth/profile 401 69 - 28.005 ms anonymous[39m
2026-02-08 17:44:07:447 [35mhttp[39m: [35mGET /api/auth/profile 401 69 - 0.546 ms anonymous[39m
2026-02-08 17:44:07:447 [31merror[39m: [31mAuthentication error: jwt expired[39m
2026-02-08 17:44:07:447 [35mhttp[39m: [35mGET /api/auth/profile 401 69 - 14.566 ms anonymous[39m
2026-02-08 17:44:07:447 [35mhttp[39m: [35mGET /api/auth/profile 401 69 - 0.556 ms anonymous[39m
2026-02-08 17:44:07:447 [35mhttp[39m: [35mGET /api/auth/profile 401 69 - 0.229 ms anonymous[39m
2026-02-08 17:44:07:447 [31merror[39m: [31mAuthentication error: jwt expired[39m
2026-02-08 17:44:07:447 [35mhttp[39m: [35mGET /api/auth/profile 401 69 - 11.124 ms anonymous[39m
2026-02-08 17:44:07:447 [35mhttp[39m: [35mGET /api/auth/profile 401 69 - 0.812 ms anonymous[39m
2026-02-08 17:44:07:447 [31merror[39m: [31mAuthentication error: jwt expired[39m
2026-02-08 17:44:07:447 [35mhttp[39m: [35mGET /api/auth/profile 401 69 - 13.860 ms anonymous[39m
2026-02-08 17:44:07:447 [35mhttp[39m: [35mGET /api/auth/profile 401 69 - 0.464 ms anonymous[39m
2026-02-08 17:44:07:447 [31merror[39m: [31mAuthentication error: jwt expired[39m
2026-02-08 17:44:07:447 [35mhttp[39m: [35mGET /api/auth/profile 401 69 - 11.327 ms anonymous[39m
2026-02-08 17:44:07:447 [35mhttp[39m: [35mGET /api/auth/profile 401 69 - 0.121 ms anonymous[39m
2026-02-08 17:44:07:447 [31merror[39m: [31mAuthentication error: jwt expired[39m
2026-02-08 17:44:07:447 [35mhttp[39m: [35mGET /api/auth/profile 401 69 - 9.269 ms anonymous[39m
2026-02-08 17:44:07:447 [35mhttp[39m: [35mGET /api/auth/profile 401 69 - 0.158 ms anonymous[39m
2026-02-08 17:44:07:447 [31merror[39m: [31mAuthentication error: jwt expired[39m
2026-02-08 17:44:07:447 [35mhttp[39m: [35mGET /api/auth/profile 401 69 - 11.950 ms anonymous[39m
2026-02-08 17:44:07:447 [35mhttp[39m: [35mGET /api/auth/profile 401 69 - 0.084 ms anonymous[39m
2026-02-08 17:44:07:447 [35mhttp[39m: [35mGET /api/auth/profile 401 69 - 0.157 ms anonymous[39m
2026-02-08 17:44:07:447 [31merror[39m: [31mAuthentication error: jwt expired[39m
2026-02-08 17:44:07:447 [35mhttp[39m: [35mGET /api/auth/profile 401 69 - 13.043 ms anonymous[39m
2026-02-08 17:44:07:447 [35mhttp[39m: [35mGET /api/auth/profile 401 69 - 0.213 ms anonymous[39m
2026-02-08 17:44:07:447 [31merror[39m: [31mAuthentication error: jwt expired[39m
2026-02-08 17:44:07:447 [35mhttp[39m: [35mGET /api/auth/profile 401 69 - 14.840 ms anonymous[39m
2026-02-08 17:44:07:447 [35mhttp[39m: [35mGET /api/auth/profile 401 69 - 0.285 ms anonymous[39m
2026-02-08 17:44:07:447 [31merror[39m: [31mAuthentication error: jwt expired[39m
2026-02-08 17:44:07:447 [35mhttp[39m: [35mGET /api/auth/profile 401 69 - 11.079 ms anonymous[39m
2026-02-08 17:44:07:447 [35mhttp[39m: [35mGET /api/auth/profile 401 69 - 0.193 ms anonymous[39m
2026-02-08 17:44:07:447 [31merror[39m: [31mAuthentication error: jwt expired[39m
2026-02-08 17:44:07:447 [35mhttp[39m: [35mGET /api/auth/profile 401 69 - 8.796 ms anonymous[39m
2026-02-08 17:44:07:447 [35mhttp[39m: [35mGET /api/auth/profile 401 69 - 0.080 ms anonymous[39m
2026-02-08 17:44:07:447 [35mhttp[39m: [35mGET /api/auth/profile 401 69 - 0.459 ms anonymous[39m
2026-02-08 17:44:07:447 [31merror[39m: [31mAuthentication error: jwt expired[39m
2026-02-08 17:44:07:447 [35mhttp[39m: [35mGET /api/auth/profile 401 69 - 17.368 ms anonymous[39m
2026-02-08 17:44:07:447 [35mhttp[39m: [35mGET /api/auth/profile 401 69 - 0.226 ms anonymous[39m
2026-02-08 17:44:08:448 [31merror[39m: [31mAuthentication error: jwt expired[39m
2026-02-08 17:44:08:448 [35mhttp[39m: [35mGET /api/auth/profile 401 69 - 16.279 ms anonymous[39m
2026-02-08 17:44:08:448 [35mhttp[39m: [35mGET /api/auth/profile 401 69 - 0.128 ms anonymous[39m
2026-02-08 17:44:08:448 [31merror[39m: [31mAuthentication error: jwt expired[39m
2026-02-08 17:44:08:448 [35mhttp[39m: [35mGET /api/auth/profile 401 69 - 14.805 ms anonymous[39m
2026-02-08 17:44:08:448 [35mhttp[39m: [35mGET /api/auth/profile 401 69 - 0.095 ms anonymous[39m
2026-02-08 17:44:08:448 [35mhttp[39m: [35mGET /api/auth/profile 401 69 - 0.178 ms anonymous[39m
2026-02-08 17:44:08:448 [31merror[39m: [31mAuthentication error: jwt expired[39m
2026-02-08 17:44:08:448 [35mhttp[39m: [35mGET /api/auth/profile 401 69 - 17.605 ms anonymous[39m
2026-02-08 17:44:08:448 [35mhttp[39m: [35mGET /api/auth/profile 401 69 - 0.495 ms anonymous[39m
2026-02-08 17:44:08:448 [31merror[39m: [31mAuthentication error: jwt expired[39m
2026-02-08 17:44:08:448 [35mhttp[39m: [35mGET /api/auth/profile 401 69 - 14.029 ms anonymous[39m
2026-02-08 17:44:08:448 [35mhttp[39m: [35mGET /api/auth/profile 401 69 - 0.286 ms anonymous[39m
2026-02-08 17:44:08:448 [35mhttp[39m: [35mGET /api/auth/profile 401 69 - 0.141 ms anonymous[39m
2026-02-08 17:44:08:448 [35mhttp[39m: [35mGET /api/auth/profile 401 69 - 0.167 ms anonymous[39m
2026-02-08 17:44:08:448 [31merror[39m: [31mAuthentication error: jwt expired[39m
2026-02-08 17:44:08:448 [35mhttp[39m: [35mGET /api/auth/profile 401 69 - 13.655 ms anonymous[39m
2026-02-08 17:44:08:448 [35mhttp[39m: [35mGET /api/auth/profile 401 69 - 0.375 ms anonymous[39m
2026-02-08 17:44:08:448 [31merror[39m: [31mAuthentication error: jwt expired[39m
2026-02-08 17:44:08:448 [35mhttp[39m: [35mGET /api/auth/profile 401 69 - 14.741 ms anonymous[39m
2026-02-08 17:44:08:448 [35mhttp[39m: [35mGET /api/auth/profile 401 69 - 0.385 ms anonymous[39m
2026-02-08 17:44:08:448 [31merror[39m: [31mAuthentication error: jwt expired[39m
2026-02-08 17:44:08:448 [35mhttp[39m: [35mGET /api/auth/profile 401 69 - 8.632 ms anonymous[39m
2026-02-08 17:44:08:448 [35mhttp[39m: [35mGET /api/auth/profile 401 69 - 0.083 ms anonymous[39m
2026-02-08 17:44:08:448 [31merror[39m: [31mAuthentication error: jwt expired[39m
2026-02-08 17:44:08:448 [35mhttp[39m: [35mGET /api/auth/profile 401 69 - 8.256 ms anonymous[39m
2026-02-08 17:44:08:448 [35mhttp[39m: [35mGET /api/auth/profile 401 69 - 0.079 ms anonymous[39m
2026-02-08 17:44:08:448 [31merror[39m: [31mAuthentication error: jwt expired[39m
2026-02-08 17:44:08:448 [35mhttp[39m: [35mGET /api/auth/profile 401 69 - 8.752 ms anonymous[39m
2026-02-08 17:44:08:448 [35mhttp[39m: [35mGET /api/auth/profile 401 69 - 0.070 ms anonymous[39m
2026-02-08 17:44:08:448 [35mhttp[39m: [35mGET /api/auth/profile 401 69 - 0.296 ms anonymous[39m
2026-02-08 17:44:08:448 [31merror[39m: [31mAuthentication error: jwt expired[39m
2026-02-08 17:44:08:448 [35mhttp[39m: [35mGET /api/auth/profile 401 69 - 10.916 ms anonymous[39m
2026-02-08 17:44:08:448 [35mhttp[39m: [35mGET /api/auth/profile 401 69 - 0.124 ms anonymous[39m
2026-02-08 17:44:08:448 [31merror[39m: [31mAuthentication error: jwt expired[39m
2026-02-08 17:44:08:448 [35mhttp[39m: [35mGET /api/auth/profile 401 69 - 15.322 ms anonymous[39m
2026-02-08 17:44:08:448 [35mhttp[39m: [35mGET /api/auth/profile 401 69 - 0.152 ms anonymous[39m
2026-02-08 17:44:08:448 [31merror[39m: [31mAuthentication error: jwt expired[39m
2026-02-08 17:44:08:448 [35mhttp[39m: [35mGET /api/auth/profile 401 69 - 11.792 ms anonymous[39m
2026-02-08 17:44:08:448 [35mhttp[39m: [35mGET /api/auth/profile 401 69 - 0.279 ms anonymous[39m
2026-02-08 17:44:08:448 [31merror[39m: [31mAuthentication error: jwt expired[39m
2026-02-08 17:44:08:448 [35mhttp[39m: [35mGET /api/auth/profile 401 69 - 12.443 ms anonymous[39m
2026-02-08 17:44:08:448 [35mhttp[39m: [35mGET /api/auth/profile 401 69 - 0.177 ms anonymous[39m
2026-02-08 17:44:08:448 [31merror[39m: [31mAuthentication error: jwt expired[39m
2026-02-08 17:44:09:449 [35mhttp[39m: [35mGET /api/auth/profile 401 69 - 9.152 ms anonymous[39m
2026-02-08 17:44:09:449 [35mhttp[39m: [35mGET /api/auth/profile 401 69 - 0.082 ms anonymous[39m
2026-02-08 17:44:09:449 [35mhttp[39m: [35mGET /api/auth/profile 401 69 - 0.177 ms anonymous[39m
2026-02-08 17:44:09:449 [31merror[39m: [31mAuthentication error: jwt expired[39m
2026-02-08 17:44:09:449 [35mhttp[39m: [35mGET /api/auth/profile 401 69 - 18.665 ms anonymous[39m
2026-02-08 17:44:09:449 [35mhttp[39m: [35mGET /api/auth/profile 401 69 - 0.123 ms anonymous[39m
2026-02-08 17:44:09:449 [31merror[39m: [31mAuthentication error: jwt expired[39m
2026-02-08 17:44:09:449 [35mhttp[39m: [35mGET /api/auth/profile 401 69 - 20.073 ms anonymous[39m
2026-02-08 17:44:09:449 [35mhttp[39m: [35mGET /api/auth/profile 401 69 - 0.283 ms anonymous[39m
2026-02-08 17:44:09:449 [31merror[39m: [31mAuthentication error: jwt expired[39m
2026-02-08 17:44:09:449 [35mhttp[39m: [35mGET /api/auth/profile 401 69 - 15.123 ms anonymous[39m
2026-02-08 17:44:09:449 [35mhttp[39m: [35mGET /api/auth/profile 401 69 - 0.938 ms anonymous[39m
2026-02-08 17:44:09:449 [31merror[39m: [31mAuthentication error: jwt expired[39m
2026-02-08 17:44:09:449 [35mhttp[39m: [35mGET /api/auth/profile 401 69 - 20.327 ms anonymous[39m
2026-02-08 17:44:09:449 [35mhttp[39m: [35mGET /api/auth/profile 401 69 - 0.153 ms anonymous[39m
2026-02-08 17:44:09:449 [31merror[39m: [31mAuthentication error: jwt expired[39m
2026-02-08 17:44:09:449 [35mhttp[39m: [35mGET /api/auth/profile 401 69 - 16.943 ms anonymous[39m
2026-02-08 17:44:09:449 [35mhttp[39m: [35mGET /api/auth/profile 401 69 - 0.424 ms anonymous[39m
2026-02-08 17:44:09:449 [31merror[39m: [31mAuthentication error: jwt expired[39m
2026-02-08 17:44:09:449 [35mhttp[39m: [35mGET /api/auth/profile 401 69 - 20.690 ms anonymous[39m
2026-02-08 17:44:09:449 [35mhttp[39m: [35mGET /api/auth/profile 401 69 - 0.126 ms anonymous[39m
2026-02-08 17:44:09:449 [31merror[39m: [31mAuthentication error: jwt expired[39m
2026-02-08 17:44:09:449 [35mhttp[39m: [35mGET /api/auth/profile 401 69 - 9.115 ms anonymous[39m
2026-02-08 17:44:09:449 [35mhttp[39m: [35mGET /api/auth/profile 401 69 - 0.249 ms anonymous[39m
2026-02-08 17:44:09:449 [31merror[39m: [31mAuthentication error: jwt expired[39m
2026-02-08 17:44:09:449 [35mhttp[39m: [35mGET /api/auth/profile 401 69 - 11.975 ms anonymous[39m
2026-02-08 17:44:09:449 [35mhttp[39m: [35mGET /api/auth/profile 401 69 - 0.163 ms anonymous[39m
2026-02-08 17:44:09:449 [35mhttp[39m: [35mGET /api/auth/profile 401 69 - 0.134 ms anonymous[39m
2026-02-08 17:44:09:449 [31merror[39m: [31mAuthentication error: jwt expired[39m
2026-02-08 17:44:09:449 [35mhttp[39m: [35mGET /api/auth/profile 401 69 - 14.615 ms anonymous[39m
2026-02-08 17:44:09:449 [35mhttp[39m: [35mGET /api/auth/profile 401 69 - 0.151 ms anonymous[39m
2026-02-08 17:44:09:449 [31merror[39m: [31mAuthentication error: jwt expired[39m
2026-02-08 17:44:09:449 [35mhttp[39m: [35mGET /api/auth/profile 401 69 - 16.012 ms anonymous[39m
2026-02-08 17:44:09:449 [35mhttp[39m: [35mGET /api/auth/profile 401 69 - 0.518 ms anonymous[39m
2026-02-08 17:44:09:449 [31merror[39m: [31mAuthentication error: jwt expired[39m
2026-02-08 17:44:09:449 [35mhttp[39m: [35mGET /api/auth/profile 401 69 - 12.197 ms anonymous[39m
2026-02-08 17:44:09:449 [35mhttp[39m: [35mGET /api/auth/profile 401 69 - 0.117 ms anonymous[39m
2026-02-08 17:44:09:449 [31merror[39m: [31mAuthentication error: jwt expired[39m
2026-02-08 17:44:09:449 [35mhttp[39m: [35mGET /api/auth/profile 401 69 - 13.462 ms anonymous[39m
2026-02-08 17:44:09:449 [35mhttp[39m: [35mGET /api/auth/profile 401 69 - 0.146 ms anonymous[39m
2026-02-08 17:44:09:449 [35mhttp[39m: [35mGET /api/auth/profile 401 69 - 0.144 ms anonymous[39m
2026-02-08 17:44:09:449 [31merror[39m: [31mAuthentication error: jwt expired[39m
2026-02-08 17:44:09:449 [35mhttp[39m: [35mGET /api/auth/profile 401 69 - 11.187 ms anonymous[39m
2026-02-08 17:44:09:449 [35mhttp[39m: [35mGET /api/auth/profile 401 69 - 0.134 ms anonymous[39m
2026-02-08 17:44:09:449 [31merror[39m: [31mAuthentication error: jwt expired[39m
2026-02-08 17:44:09:449 [35mhttp[39m: [35mGET /api/auth/profile 401 69 - 11.263 ms anonymous[39m
2026-02-08 17:44:09:449 [35mhttp[39m: [35mGET /api/auth/profile 401 69 - 0.120 ms anonymous[39m
2026-02-08 17:44:09:449 [31merror[39m: [31mAuthentication error: jwt expired[39m
2026-02-08 17:44:09:449 [35mhttp[39m: [35mGET /api/auth/profile 401 69 - 14.401 ms anonymous[39m
2026-02-08 17:44:10:4410 [35mhttp[39m: [35mGET /api/auth/profile 401 69 - 0.597 ms anonymous[39m
2026-02-08 17:44:10:4410 [31merror[39m: [31mAuthentication error: jwt expired[39m
2026-02-08 17:44:10:4410 [35mhttp[39m: [35mGET /api/auth/profile 401 69 - 21.868 ms anonymous[39m
2026-02-08 17:44:10:4410 [35mhttp[39m: [35mGET /api/auth/profile 401 69 - 0.363 ms anonymous[39m
2026-02-08 17:44:10:4410 [31merror[39m: [31mAuthentication error: jwt expired[39m
2026-02-08 17:44:10:4410 [35mhttp[39m: [35mGET /api/auth/profile 401 69 - 17.964 ms anonymous[39m
2026-02-08 17:44:10:4410 [35mhttp[39m: [35mGET /api/auth/profile 401 69 - 0.113 ms anonymous[39m
2026-02-08 17:44:10:4410 [31merror[39m: [31mAuthentication error: jwt expired[39m
2026-02-08 17:44:10:4410 [35mhttp[39m: [35mGET /api/auth/profile 401 69 - 7.645 ms anonymous[39m
2026-02-08 17:44:10:4410 [35mhttp[39m: [35mGET /api/auth/profile 401 69 - 0.094 ms anonymous[39m
2026-02-08 17:44:10:4410 [35mhttp[39m: [35mGET /api/auth/profile 401 69 - 0.224 ms anonymous[39m
2026-02-08 17:44:10:4410 [31merror[39m: [31mAuthentication error: jwt expired[39m
2026-02-08 17:44:10:4410 [35mhttp[39m: [35mGET /api/auth/profile 401 69 - 22.027 ms anonymous[39m
2026-02-08 17:44:10:4410 [35mhttp[39m: [35mGET /api/auth/profile 401 69 - 0.619 ms anonymous[39m
2026-02-08 17:44:10:4410 [31merror[39m: [31mAuthentication error: jwt expired[39m
2026-02-08 17:44:10:4410 [35mhttp[39m: [35mGET /api/auth/profile 401 69 - 14.141 ms anonymous[39m
2026-02-08 17:44:10:4410 [35mhttp[39m: [35mGET /api/auth/profile 401 69 - 0.819 ms anonymous[39m
2026-02-08 17:44:10:4410 [31merror[39m: [31mAuthentication error: jwt expired[39m
2026-02-08 17:44:10:4410 [35mhttp[39m: [35mGET /api/auth/profile 401 69 - 22.361 ms anonymous[39m
2026-02-08 17:44:10:4410 [35mhttp[39m: [35mGET /api/auth/profile 401 69 - 0.271 ms anonymous[39m
2026-02-08 17:44:10:4410 [31merror[39m: [31mAuthentication error: jwt expired[39m
2026-02-08 17:44:10:4410 [35mhttp[39m: [35mGET /api/auth/profile 401 69 - 8.298 ms anonymous[39m
2026-02-08 17:44:10:4410 [35mhttp[39m: [35mGET /api/auth/profile 401 69 - 0.375 ms anonymous[39m
2026-02-08 17:44:10:4410 [35mhttp[39m: [35mGET /api/auth/profile 401 69 - 0.334 ms anonymous[39m
2026-02-08 17:44:10:4410 [31merror[39m: [31mAuthentication error: jwt expired[39m
2026-02-08 17:44:10:4410 [35mhttp[39m: [35mGET /api/auth/profile 401 69 - 16.549 ms anonymous[39m
2026-02-08 17:44:10:4410 [35mhttp[39m: [35mGET /api/auth/profile 401 69 - 0.295 ms anonymous[39m
2026-02-08 17:44:10:4410 [31merror[39m: [31mAuthentication error: jwt expired[39m
2026-02-08 17:44:10:4410 [35mhttp[39m: [35mGET /api/auth/profile 401 69 - 15.197 ms anonymous[39m
2026-02-08 17:44:10:4410 [35mhttp[39m: [35mGET /api/auth/profile 401 69 - 0.370 ms anonymous[39m
2026-02-08 17:44:10:4410 [31merror[39m: [31mAuthentication error: jwt expired[39m
2026-02-08 17:44:10:4410 [35mhttp[39m: [35mGET /api/auth/profile 401 69 - 14.428 ms anonymous[39m
2026-02-08 17:44:10:4410 [35mhttp[39m: [35mGET /api/auth/profile 401 69 - 0.310 ms anonymous[39m
2026-02-08 17:44:10:4410 [31merror[39m: [31mAuthentication error: jwt expired[39m
2026-02-08 17:44:10:4410 [35mhttp[39m: [35mGET /api/auth/profile 401 69 - 9.123 ms anonymous[39m
2026-02-08 17:44:10:4410 [35mhttp[39m: [35mGET /api/auth/profile 401 69 - 0.091 ms anonymous[39m
2026-02-08 17:44:10:4410 [35mhttp[39m: [35mGET /api/auth/profile 401 69 - 0.186 ms anonymous[39m
2026-02-08 17:44:10:4410 [31merror[39m: [31mAuthentication error: jwt expired[39m
2026-02-08 17:44:10:4410 [35mhttp[39m: [35mGET /api/auth/profile 401 69 - 12.935 ms anonymous[39m
2026-02-08 17:44:10:4410 [35mhttp[39m: [35mGET /api/auth/profile 401 69 - 0.150 ms anonymous[39m
2026-02-08 17:44:10:4410 [31merror[39m: [31mAuthentication error: jwt expired[39m
2026-02-08 17:44:10:4410 [35mhttp[39m: [35mGET /api/auth/profile 401 69 - 14.828 ms anonymous[39m
2026-02-08 17:44:10:4410 [35mhttp[39m: [35mGET /api/auth/profile 401 69 - 0.277 ms anonymous[39m
2026-02-08 17:44:10:4410 [31merror[39m: [31mAuthentication error: jwt expired[39m
2026-02-08 17:44:10:4410 [35mhttp[39m: [35mGET /api/auth/profile 401 69 - 14.759 ms anonymous[39m
2026-02-08 17:44:10:4410 [35mhttp[39m: [35mGET /api/auth/profile 401 69 - 0.234 ms anonymous[39m
2026-02-08 17:44:10:4410 [31merror[39m: [31mAuthentication error: jwt expired[39m
2026-02-08 17:44:10:4410 [35mhttp[39m: [35mGET /api/auth/profile 401 69 - 9.137 ms anonymous[39m
2026-02-08 17:44:10:4410 [35mhttp[39m: [35mGET /api/auth/profile 401 69 - 0.215 ms anonymous[39m
2026-02-08 17:44:11:4411 [31merror[39m: [31mAuthentication error: jwt expired[39m
2026-02-08 17:44:11:4411 [35mhttp[39m: [35mGET /api/auth/profile 401 69 - 7.395 ms anonymous[39m
2026-02-08 17:44:11:4411 [35mhttp[39m: [35mGET /api/auth/profile 401 69 - 0.143 ms anonymous[39m
2026-02-08 17:44:11:4411 [31merror[39m: [31mAuthentication error: jwt expired[39m
2026-02-08 17:44:11:4411 [35mhttp[39m: [35mGET /api/auth/profile 401 69 - 12.547 ms anonymous[39m
2026-02-08 17:44:11:4411 [35mhttp[39m: [35mGET /api/auth/profile 401 69 - 0.115 ms anonymous[39m
2026-02-08 17:44:11:4411 [31merror[39m: [31mAuthentication error: jwt expired[39m
2026-02-08 17:44:11:4411 [35mhttp[39m: [35mGET /api/auth/profile 401 69 - 10.324 ms anonymous[39m
2026-02-08 17:44:11:4411 [35mhttp[39m: [35mGET /api/auth/profile 401 69 - 0.095 ms anonymous[39m
2026-02-08 17:44:11:4411 [35mhttp[39m: [35mGET /api/auth/profile 401 69 - 0.249 ms anonymous[39m
2026-02-08 17:44:11:4411 [31merror[39m: [31mAuthentication error: jwt expired[39m
2026-02-08 17:44:11:4411 [35mhttp[39m: [35mGET /api/auth/profile 401 69 - 8.814 ms anonymous[39m
2026-02-08 17:44:11:4411 [35mhttp[39m: [35mGET /api/auth/profile 401 69 - 0.121 ms anonymous[39m
2026-02-08 17:44:11:4411 [31merror[39m: [31mAuthentication error: jwt expired[39m
2026-02-08 17:44:11:4411 [35mhttp[39m: [35mGET /api/auth/profile 401 69 - 15.261 ms anonymous[39m
2026-02-08 17:44:11:4411 [35mhttp[39m: [35mGET /api/auth/profile 401 69 - 0.384 ms anonymous[39m
2026-02-08 17:44:11:4411 [31merror[39m: [31mAuthentication error: jwt expired[39m
2026-02-08 17:44:11:4411 [35mhttp[39m: [35mGET /api/auth/profile 401 69 - 20.287 ms anonymous[39m
2026-02-08 17:44:11:4411 [35mhttp[39m: [35mGET /api/auth/profile 401 69 - 0.235 ms anonymous[39m
2026-02-08 17:44:11:4411 [31merror[39m: [31mAuthentication error: jwt expired[39m
2026-02-08 17:44:11:4411 [35mhttp[39m: [35mGET /api/auth/profile 401 69 - 12.462 ms anonymous[39m
2026-02-08 17:44:11:4411 [35mhttp[39m: [35mGET /api/auth/profile 401 69 - 0.135 ms anonymous[39m
2026-02-08 17:44:11:4411 [31merror[39m: [31mAuthentication error: jwt expired[39m
2026-02-08 17:44:11:4411 [35mhttp[39m: [35mGET /api/auth/profile 401 69 - 9.760 ms anonymous[39m
2026-02-08 17:44:11:4411 [35mhttp[39m: [35mGET /api/auth/profile 401 69 - 0.098 ms anonymous[39m
2026-02-08 17:44:11:4411 [35mhttp[39m: [35mGET /api/auth/profile 401 69 - 0.129 ms anonymous[39m
2026-02-08 17:44:11:4411 [31merror[39m: [31mAuthentication error: jwt expired[39m
2026-02-08 17:44:11:4411 [35mhttp[39m: [35mGET /api/auth/profile 401 69 - 16.067 ms anonymous[39m
2026-02-08 17:44:11:4411 [35mhttp[39m: [35mGET /api/auth/profile 401 69 - 0.206 ms anonymous[39m
2026-02-08 17:44:11:4411 [31merror[39m: [31mAuthentication error: jwt expired[39m
2026-02-08 17:44:11:4411 [35mhttp[39m: [35mGET /api/auth/profile 401 69 - 17.678 ms anonymous[39m
2026-02-08 17:44:11:4411 [35mhttp[39m: [35mGET /api/auth/profile 401 69 - 1.481 ms anonymous[39m
2026-02-08 17:44:11:4411 [31merror[39m: [31mAuthentication error: jwt expired[39m
2026-02-08 17:44:11:4411 [35mhttp[39m: [35mGET /api/auth/profile 401 69 - 19.742 ms anonymous[39m
2026-02-08 17:44:11:4411 [35mhttp[39m: [35mGET /api/auth/profile 401 69 - 0.104 ms anonymous[39m
2026-02-08 17:44:11:4411 [31merror[39m: [31mAuthentication error: jwt expired[39m
2026-02-08 17:44:11:4411 [35mhttp[39m: [35mGET /api/auth/profile 401 69 - 5.717 ms anonymous[39m
2026-02-08 17:44:11:4411 [35mhttp[39m: [35mGET /api/auth/profile 401 69 - 0.081 ms anonymous[39m
2026-02-08 17:44:11:4411 [35mhttp[39m: [35mGET /api/auth/profile 401 69 - 0.258 ms anonymous[39m
2026-02-08 17:44:11:4411 [31merror[39m: [31mAuthentication error: jwt expired[39m
2026-02-08 17:44:11:4411 [35mhttp[39m: [35mGET /api/auth/profile 401 69 - 13.488 ms anonymous[39m
2026-02-08 17:44:11:4411 [35mhttp[39m: [35mGET /api/auth/profile 401 69 - 2.054 ms anonymous[39m
2026-02-08 17:44:11:4411 [31merror[39m: [31mAuthentication error: jwt expired[39m
2026-02-08 17:44:11:4411 [35mhttp[39m: [35mGET /api/auth/profile 401 69 - 13.269 ms anonymous[39m
2026-02-08 17:44:11:4411 [35mhttp[39m: [35mGET /api/auth/profile 401 69 - 0.773 ms anonymous[39m
2026-02-08 17:44:11:4411 [31merror[39m: [31mAuthentication error: jwt expired[39m
2026-02-08 17:44:11:4411 [35mhttp[39m: [35mGET /api/auth/profile 401 69 - 21.165 ms anonymous[39m
2026-02-08 17:44:11:4411 [35mhttp[39m: [35mGET /api/auth/profile 401 69 - 0.419 ms anonymous[39m
2026-02-08 17:44:12:4412 [31merror[39m: [31mAuthentication error: jwt expired[39m
2026-02-08 17:44:12:4412 [35mhttp[39m: [35mGET /api/auth/profile 401 69 - 10.488 ms anonymous[39m
2026-02-08 17:44:12:4412 [35mhttp[39m: [35mGET /api/auth/profile 401 69 - 0.250 ms anonymous[39m
2026-02-08 17:44:12:4412 [31merror[39m: [31mAuthentication error: jwt expired[39m
2026-02-08 17:44:12:4412 [35mhttp[39m: [35mGET /api/auth/profile 401 69 - 10.315 ms anonymous[39m
2026-02-08 17:44:12:4412 [35mhttp[39m: [35mGET /api/auth/profile 401 69 - 0.173 ms anonymous[39m
2026-02-08 17:44:12:4412 [35mhttp[39m: [35mGET /api/auth/profile 401 69 - 0.128 ms anonymous[39m
2026-02-08 17:44:12:4412 [31merror[39m: [31mAuthentication error: jwt expired[39m
2026-02-08 17:44:12:4412 [35mhttp[39m: [35mGET /api/auth/profile 401 69 - 9.298 ms anonymous[39m
2026-02-08 17:44:12:4412 [35mhttp[39m: [35mGET /api/auth/profile 401 69 - 0.080 ms anonymous[39m
2026-02-08 17:44:12:4412 [31merror[39m: [31mAuthentication error: jwt expired[39m
2026-02-08 17:44:12:4412 [35mhttp[39m: [35mGET /api/auth/profile 401 69 - 8.055 ms anonymous[39m
2026-02-08 17:44:12:4412 [35mhttp[39m: [35mGET /api/auth/profile 401 69 - 0.076 ms anonymous[39m
2026-02-08 17:44:12:4412 [35mhttp[39m: [35mGET /api/auth/profile 401 69 - 0.132 ms anonymous[39m
2026-02-08 17:44:12:4412 [31merror[39m: [31mAuthentication error: jwt expired[39m
2026-02-08 17:44:12:4412 [35mhttp[39m: [35mGET /api/auth/profile 401 69 - 10.168 ms anonymous[39m
2026-02-08 17:44:12:4412 [35mhttp[39m: [35mGET /api/auth/profile 401 69 - 0.149 ms anonymous[39m
2026-02-08 17:44:12:4412 [31merror[39m: [31mAuthentication error: jwt expired[39m
2026-02-08 17:44:12:4412 [35mhttp[39m: [35mGET /api/auth/profile 401 69 - 29.689 ms anonymous[39m
2026-02-08 17:44:12:4412 [35mhttp[39m: [35mGET /api/auth/profile 401 69 - 0.449 ms anonymous[39m
2026-02-08 17:44:12:4412 [31merror[39m: [31mAuthentication error: jwt expired[39m
2026-02-08 17:44:12:4412 [35mhttp[39m: [35mGET /api/auth/profile 401 69 - 12.399 ms anonymous[39m
2026-02-08 17:44:12:4412 [35mhttp[39m: [35mGET /api/auth/profile 401 69 - 0.486 ms anonymous[39m
2026-02-08 17:44:12:4412 [31merror[39m: [31mAuthentication error: jwt expired[39m
2026-02-08 17:44:12:4412 [35mhttp[39m: [35mGET /api/auth/profile 401 69 - 9.791 ms anonymous[39m
2026-02-08 17:44:12:4412 [35mhttp[39m: [35mGET /api/auth/profile 401 69 - 0.487 ms anonymous[39m
2026-02-08 17:44:12:4412 [35mhttp[39m: [35mGET /api/auth/profile 401 69 - 0.170 ms anonymous[39m
2026-02-08 17:44:12:4412 [31merror[39m: [31mAuthentication error: jwt expired[39m
2026-02-08 17:44:12:4412 [35mhttp[39m: [35mGET /api/auth/profile 401 69 - 12.497 ms anonymous[39m
2026-02-08 17:44:12:4412 [35mhttp[39m: [35mGET /api/auth/profile 401 69 - 0.142 ms anonymous[39m
2026-02-08 17:44:12:4412 [31merror[39m: [31mAuthentication error: jwt expired[39m
2026-02-08 17:44:12:4412 [35mhttp[39m: [35mGET /api/auth/profile 401 69 - 16.147 ms anonymous[39m
2026-02-08 17:44:12:4412 [35mhttp[39m: [35mGET /api/auth/profile 401 69 - 0.499 ms anonymous[39m
2026-02-08 17:44:12:4412 [31merror[39m: [31mAuthentication error: jwt expired[39m
2026-02-08 17:44:12:4412 [35mhttp[39m: [35mGET /api/auth/profile 401 69 - 9.041 ms anonymous[39m
2026-02-08 17:44:12:4412 [35mhttp[39m: [35mGET /api/auth/profile 401 69 - 0.225 ms anonymous[39m
2026-02-08 17:44:12:4412 [31merror[39m: [31mAuthentication error: jwt expired[39m
2026-02-08 17:44:12:4412 [35mhttp[39m: [35mGET /api/auth/profile 401 69 - 18.983 ms anonymous[39m
2026-02-08 17:44:12:4412 [35mhttp[39m: [35mGET /api/auth/profile 401 69 - 0.082 ms anonymous[39m
2026-02-08 17:44:13:4413 [35mhttp[39m: [35mGET /api/auth/profile 401 69 - 0.309 ms anonymous[39m
2026-02-08 17:44:13:4413 [31merror[39m: [31mAuthentication error: jwt expired[39m
2026-02-08 17:44:13:4413 [35mhttp[39m: [35mGET /api/auth/profile 401 69 - 12.969 ms anonymous[39m
2026-02-08 17:44:13:4413 [35mhttp[39m: [35mGET /api/auth/profile 401 69 - 0.323 ms anonymous[39m
2026-02-08 17:44:13:4413 [31merror[39m: [31mAuthentication error: jwt expired[39m
2026-02-08 17:44:13:4413 [35mhttp[39m: [35mGET /api/auth/profile 401 69 - 15.676 ms anonymous[39m
2026-02-08 17:44:13:4413 [35mhttp[39m: [35mGET /api/auth/profile 401 69 - 0.534 ms anonymous[39m
2026-02-08 17:44:13:4413 [31merror[39m: [31mAuthentication error: jwt expired[39m
2026-02-08 17:44:13:4413 [35mhttp[39m: [35mGET /api/auth/profile 401 69 - 10.265 ms anonymous[39m
2026-02-08 17:44:13:4413 [35mhttp[39m: [35mGET /api/auth/profile 401 69 - 1.852 ms anonymous[39m
2026-02-08 17:44:13:4413 [35mhttp[39m: [35mGET /api/auth/profile 401 69 - 0.388 ms anonymous[39m
2026-02-08 17:44:13:4413 [31merror[39m: [31mAuthentication error: jwt expired[39m
2026-02-08 17:44:13:4413 [35mhttp[39m: [35mGET /api/auth/profile 401 69 - 29.638 ms anonymous[39m
2026-02-08 17:44:13:4413 [35mhttp[39m: [35mGET /api/auth/profile 401 69 - 0.653 ms anonymous[39m
2026-02-08 17:44:13:4413 [31merror[39m: [31mAuthentication error: jwt expired[39m
2026-02-08 17:44:13:4413 [35mhttp[39m: [35mGET /api/auth/profile 401 69 - 22.756 ms anonymous[39m
2026-02-08 17:44:13:4413 [35mhttp[39m: [35mGET /api/auth/profile 401 69 - 0.220 ms anonymous[39m
2026-02-08 17:44:13:4413 [31merror[39m: [31mAuthentication error: jwt expired[39m
2026-02-08 17:44:13:4413 [35mhttp[39m: [35mGET /api/auth/profile 401 69 - 8.168 ms anonymous[39m
2026-02-08 17:44:13:4413 [35mhttp[39m: [35mGET /api/auth/profile 401 69 - 0.120 ms anonymous[39m
2026-02-08 17:44:13:4413 [35mhttp[39m: [35mGET /api/auth/profile 401 69 - 0.135 ms anonymous[39m
2026-02-08 17:44:13:4413 [31merror[39m: [31mAuthentication error: jwt expired[39m
2026-02-08 17:44:13:4413 [35mhttp[39m: [35mGET /api/auth/profile 401 69 - 14.786 ms anonymous[39m
2026-02-08 17:44:13:4413 [35mhttp[39m: [35mGET /api/auth/profile 401 69 - 0.665 ms anonymous[39m
2026-02-08 17:44:13:4413 [31merror[39m: [31mAuthentication error: jwt expired[39m
2026-02-08 17:44:13:4413 [35mhttp[39m: [35mGET /api/auth/profile 401 69 - 15.522 ms anonymous[39m
2026-02-08 17:44:13:4413 [35mhttp[39m: [35mGET /api/auth/profile 401 69 - 0.195 ms anonymous[39m
2026-02-08 17:44:13:4413 [31merror[39m: [31mAuthentication error: jwt expired[39m
2026-02-08 17:44:13:4413 [35mhttp[39m: [35mGET /api/auth/profile 401 69 - 25.907 ms anonymous[39m
2026-02-08 17:44:13:4413 [35mhttp[39m: [35mGET /api/auth/profile 401 69 - 0.286 ms anonymous[39m
2026-02-08 17:44:13:4413 [35mhttp[39m: [35mGET /api/auth/profile 401 69 - 0.250 ms anonymous[39m
2026-02-08 17:44:13:4413 [31merror[39m: [31mAuthentication error: jwt expired[39m
2026-02-08 17:44:13:4413 [35mhttp[39m: [35mGET /api/auth/profile 401 69 - 23.909 ms anonymous[39m
2026-02-08 17:44:13:4413 [35mhttp[39m: [35mGET /api/auth/profile 401 69 - 0.676 ms anonymous[39m
2026-02-08 17:44:13:4413 [31merror[39m: [31mAuthentication error: jwt expired[39m
2026-02-08 17:44:13:4413 [35mhttp[39m: [35mGET /api/auth/profile 401 69 - 19.734 ms anonymous[39m
2026-02-08 17:44:13:4413 [35mhttp[39m: [35mGET /api/auth/profile 401 69 - 0.494 ms anonymous[39m
2026-02-08 17:44:13:4413 [31merror[39m: [31mAuthentication error: jwt expired[39m
2026-02-08 17:44:13:4413 [35mhttp[39m: [35mGET /api/auth/profile 401 69 - 19.997 ms anonymous[39m
2026-02-08 17:44:13:4413 [35mhttp[39m: [35mGET /api/auth/profile 401 69 - 0.185 ms anonymous[39m
2026-02-08 17:44:14:4414 [31merror[39m: [31mAuthentication error: jwt expired[39m
2026-02-08 17:44:14:4414 [35mhttp[39m: [35mGET /api/auth/profile 401 69 - 24.021 ms anonymous[39m
2026-02-08 17:44:14:4414 [35mhttp[39m: [35mGET /api/auth/profile 401 69 - 0.095 ms anonymous[39m
2026-02-08 17:44:14:4414 [35mhttp[39m: [35mGET /api/auth/profile 401 69 - 0.595 ms anonymous[39m
2026-02-08 17:44:14:4414 [31merror[39m: [31mAuthentication error: jwt expired[39m
2026-02-08 17:44:14:4414 [35mhttp[39m: [35mGET /api/auth/profile 401 69 - 20.390 ms anonymous[39m
2026-02-08 17:44:14:4414 [35mhttp[39m: [35mGET /api/auth/profile 401 69 - 0.320 ms anonymous[39m
2026-02-08 17:44:14:4414 [31merror[39m: [31mAuthentication error: jwt expired[39m
2026-02-08 17:44:14:4414 [35mhttp[39m: [35mGET /api/auth/profile 401 69 - 23.047 ms anonymous[39m
2026-02-08 17:44:14:4414 [35mhttp[39m: [35mGET /api/auth/profile 401 69 - 0.413 ms anonymous[39m
2026-02-08 17:44:14:4414 [31merror[39m: [31mAuthentication error: jwt expired[39m
2026-02-08 17:44:14:4414 [35mhttp[39m: [35mGET /api/auth/profile 401 69 - 18.022 ms anonymous[39m
2026-02-08 17:44:14:4414 [35mhttp[39m: [35mGET /api/auth/profile 401 69 - 0.384 ms anonymous[39m
2026-02-08 17:44:14:4414 [31merror[39m: [31mAuthentication error: jwt expired[39m
2026-02-08 17:44:14:4414 [35mhttp[39m: [35mGET /api/auth/profile 401 69 - 11.133 ms anonymous[39m
2026-02-08 17:44:14:4414 [35mhttp[39m: [35mGET /api/auth/profile 401 69 - 0.298 ms anonymous[39m
2026-02-08 17:44:14:4414 [35mhttp[39m: [35mGET /api/auth/profile 401 69 - 0.371 ms anonymous[39m
2026-02-08 17:44:14:4414 [31merror[39m: [31mAuthentication error: jwt expired[39m
2026-02-08 17:44:14:4414 [35mhttp[39m: [35mGET /api/auth/profile 401 69 - 13.091 ms anonymous[39m
2026-02-08 17:44:14:4414 [35mhttp[39m: [35mGET /api/auth/profile 401 69 - 0.547 ms anonymous[39m
2026-02-08 17:44:14:4414 [31merror[39m: [31mAuthentication error: jwt expired[39m
2026-02-08 17:44:14:4414 [35mhttp[39m: [35mGET /api/auth/profile 401 69 - 19.488 ms anonymous[39m
2026-02-08 17:44:14:4414 [35mhttp[39m: [35mGET /api/auth/profile 401 69 - 1.527 ms anonymous[39m
2026-02-08 17:44:14:4414 [31merror[39m: [31mAuthentication error: jwt expired[39m
2026-02-08 17:44:14:4414 [35mhttp[39m: [35mGET /api/auth/profile 401 69 - 12.888 ms anonymous[39m
2026-02-08 17:44:14:4414 [35mhttp[39m: [35mGET /api/auth/profile 401 69 - 0.154 ms anonymous[39m
2026-02-08 17:44:14:4414 [31merror[39m: [31mAuthentication error: jwt expired[39m
2026-02-08 17:44:14:4414 [35mhttp[39m: [35mGET /api/auth/profile 401 69 - 9.604 ms anonymous[39m
2026-02-08 17:44:14:4414 [35mhttp[39m: [35mGET /api/auth/profile 401 69 - 0.165 ms anonymous[39m
2026-02-08 17:44:14:4414 [35mhttp[39m: [35mGET /api/auth/profile 401 69 - 0.365 ms anonymous[39m
2026-02-08 17:44:14:4414 [31merror[39m: [31mAuthentication error: jwt expired[39m
2026-02-08 17:44:14:4414 [35mhttp[39m: [35mGET /api/auth/profile 401 69 - 17.182 ms anonymous[39m
2026-02-08 17:44:14:4414 [35mhttp[39m: [35mGET /api/auth/profile 401 69 - 0.584 ms anonymous[39m
2026-02-08 17:44:14:4414 [31merror[39m: [31mAuthentication error: jwt expired[39m
2026-02-08 17:44:14:4414 [35mhttp[39m: [35mGET /api/auth/profile 401 69 - 13.308 ms anonymous[39m
2026-02-08 17:44:14:4414 [35mhttp[39m: [35mGET /api/auth/profile 401 69 - 0.590 ms anonymous[39m
2026-02-08 17:44:14:4414 [31merror[39m: [31mAuthentication error: jwt expired[39m
2026-02-08 17:44:14:4414 [35mhttp[39m: [35mGET /api/auth/profile 401 69 - 15.102 ms anonymous[39m
2026-02-08 17:44:14:4414 [35mhttp[39m: [35mGET /api/auth/profile 401 69 - 0.078 ms anonymous[39m
2026-02-08 17:44:14:4414 [35mhttp[39m: [35mGET /api/auth/profile 401 69 - 0.165 ms anonymous[39m
2026-02-08 17:44:14:4414 [31merror[39m: [31mAuthentication error: jwt expired[39m
2026-02-08 17:44:14:4414 [35mhttp[39m: [35mGET /api/auth/profile 401 69 - 11.960 ms anonymous[39m
2026-02-08 17:44:14:4414 [35mhttp[39m: [35mGET /api/auth/profile 401 69 - 0.401 ms anonymous[39m
2026-02-08 17:44:14:4414 [31merror[39m: [31mAuthentication error: jwt expired[39m
2026-02-08 17:44:14:4414 [35mhttp[39m: [35mGET /api/auth/profile 401 69 - 19.428 ms anonymous[39m
2026-02-08 17:44:15:4415 [35mhttp[39m: [35mGET /api/auth/profile 401 69 - 0.192 ms anonymous[39m
2026-02-08 17:44:15:4415 [31merror[39m: [31mAuthentication error: jwt expired[39m
2026-02-08 17:44:15:4415 [35mhttp[39m: [35mGET /api/auth/profile 401 69 - 11.735 ms anonymous[39m
2026-02-08 17:44:15:4415 [35mhttp[39m: [35mGET /api/auth/profile 401 69 - 0.094 ms anonymous[39m
2026-02-08 17:44:15:4415 [31merror[39m: [31mAuthentication error: jwt expired[39m
2026-02-08 17:44:15:4415 [35mhttp[39m: [35mGET /api/auth/profile 401 69 - 11.468 ms anonymous[39m
2026-02-08 17:44:15:4415 [35mhttp[39m: [35mGET /api/auth/profile 401 69 - 0.073 ms anonymous[39m
2026-02-08 17:44:15:4415 [31merror[39m: [31mAuthentication error: jwt expired[39m
2026-02-08 17:44:15:4415 [35mhttp[39m: [35mGET /api/auth/profile 401 69 - 21.780 ms anonymous[39m
2026-02-08 17:44:15:4415 [35mhttp[39m: [35mGET /api/auth/profile 401 69 - 0.107 ms anonymous[39m
2026-02-08 17:44:15:4415 [35mhttp[39m: [35mGET /api/auth/profile 401 69 - 0.725 ms anonymous[39m
2026-02-08 17:44:15:4415 [35mhttp[39m: [35mGET /api/auth/profile 401 69 - 0.473 ms anonymous[39m
2026-02-08 17:44:15:4415 [31merror[39m: [31mAuthentication error: jwt expired[39m
2026-02-08 17:44:15:4415 [35mhttp[39m: [35mGET /api/auth/profile 401 69 - 14.293 ms anonymous[39m
2026-02-08 17:44:15:4415 [35mhttp[39m: [35mGET /api/auth/profile 401 69 - 0.082 ms anonymous[39m
2026-02-08 17:44:15:4415 [31merror[39m: [31mAuthentication error: jwt expired[39m
2026-02-08 17:44:15:4415 [35mhttp[39m: [35mGET /api/auth/profile 401 69 - 5.373 ms anonymous[39m
2026-02-08 17:44:15:4415 [35mhttp[39m: [35mGET /api/auth/profile 401 69 - 0.069 ms anonymous[39m
2026-02-08 17:44:15:4415 [35mhttp[39m: [35mGET /api/auth/profile 401 69 - 0.208 ms anonymous[39m
2026-02-08 17:44:15:4415 [31merror[39m: [31mAuthentication error: jwt expired[39m
2026-02-08 17:44:15:4415 [35mhttp[39m: [35mGET /api/auth/profile 401 69 - 13.541 ms anonymous[39m
2026-02-08 17:44:15:4415 [31merror[39m: [31mAuthentication error: jwt expired[39m
2026-02-08 17:44:15:4415 [35mhttp[39m: [35mGET /api/auth/profile 401 69 - 12.623 ms anonymous[39m
2026-02-08 17:44:15:4415 [35mhttp[39m: [35mGET /api/auth/profile 401 69 - 0.299 ms anonymous[39m
2026-02-08 17:44:15:4415 [31merror[39m: [31mAuthentication error: jwt expired[39m
2026-02-08 17:44:15:4415 [35mhttp[39m: [35mGET /api/auth/profile 401 69 - 31.039 ms anonymous[39m
2026-02-08 17:44:15:4415 [31merror[39m: [31mAuthentication error: jwt expired[39m
2026-02-08 17:44:15:4415 [35mhttp[39m: [35mGET /api/auth/profile 401 69 - 8.132 ms anonymous[39m
2026-02-08 17:44:15:4415 [35mhttp[39m: [35mGET /api/auth/profile 401 69 - 0.368 ms anonymous[39m
2026-02-08 17:44:15:4415 [31merror[39m: [31mAuthentication error: jwt expired[39m
2026-02-08 17:44:15:4415 [35mhttp[39m: [35mGET /api/auth/profile 401 69 - 24.928 ms anonymous[39m
2026-02-08 17:44:15:4415 [31merror[39m: [31mAuthentication error: jwt expired[39m
2026-02-08 17:44:15:4415 [35mhttp[39m: [35mGET /api/auth/profile 401 69 - 11.806 ms anonymous[39m
2026-02-08 17:44:16:4416 [35mhttp[39m: [35mGET /api/auth/profile 401 69 - 0.612 ms anonymous[39m
2026-02-08 17:44:16:4416 [31merror[39m: [31mAuthentication error: jwt expired[39m
2026-02-08 17:44:16:4416 [35mhttp[39m: [35mGET /api/auth/profile 401 69 - 22.920 ms anonymous[39m
2026-02-08 17:44:16:4416 [31merror[39m: [31mAuthentication error: jwt expired[39m
2026-02-08 17:44:16:4416 [35mhttp[39m: [35mGET /api/auth/profile 401 69 - 10.499 ms anonymous[39m
2026-02-08 17:44:16:4416 [35mhttp[39m: [35mGET /api/auth/profile 401 69 - 0.123 ms anonymous[39m
2026-02-08 17:44:16:4416 [31merror[39m: [31mAuthentication error: jwt expired[39m
2026-02-08 17:44:16:4416 [35mhttp[39m: [35mGET /api/auth/profile 401 69 - 7.538 ms anonymous[39m
2026-02-08 17:44:16:4416 [31merror[39m: [31mAuthentication error: jwt expired[39m
2026-02-08 17:44:16:4416 [35mhttp[39m: [35mGET /api/auth/profile 401 69 - 11.643 ms anonymous[39m
2026-02-08 17:44:16:4416 [35mhttp[39m: [35mGET /api/auth/profile 401 69 - 0.204 ms anonymous[39m
2026-02-08 17:44:16:4416 [31merror[39m: [31mAuthentication error: jwt expired[39m
2026-02-08 17:44:16:4416 [35mhttp[39m: [35mGET /api/auth/profile 401 69 - 27.306 ms anonymous[39m
2026-02-08 17:44:16:4416 [31merror[39m: [31mAuthentication error: jwt expired[39m
2026-02-08 17:44:16:4416 [35mhttp[39m: [35mGET /api/auth/profile 401 69 - 7.662 ms anonymous[39m
2026-02-08 17:44:16:4416 [31merror[39m: [31mAuthentication error: jwt expired[39m
2026-02-08 17:44:16:4416 [35mhttp[39m: [35mGET /api/auth/profile 401 69 - 8.182 ms anonymous[39m
2026-02-08 17:44:16:4416 [35mhttp[39m: [35mGET /api/auth/profile 401 69 - 0.091 ms anonymous[39m
2026-02-08 17:44:16:4416 [31merror[39m: [31mAuthentication error: jwt expired[39m
2026-02-08 17:44:16:4416 [35mhttp[39m: [35mGET /api/auth/profile 401 69 - 4.490 ms anonymous[39m
2026-02-08 17:44:16:4416 [31merror[39m: [31mAuthentication error: jwt expired[39m
2026-02-08 17:44:16:4416 [35mhttp[39m: [35mGET /api/auth/profile 401 69 - 8.400 ms anonymous[39m
2026-02-08 17:44:16:4416 [35mhttp[39m: [35mGET /api/auth/profile 401 69 - 0.350 ms anonymous[39m
2026-02-08 17:44:16:4416 [31merror[39m: [31mAuthentication error: jwt expired[39m
2026-02-08 17:44:16:4416 [35mhttp[39m: [35mGET /api/auth/profile 401 69 - 18.878 ms anonymous[39m
2026-02-08 17:44:16:4416 [31merror[39m: [31mAuthentication error: jwt expired[39m
2026-02-08 17:44:16:4416 [35mhttp[39m: [35mGET /api/auth/profile 401 69 - 7.596 ms anonymous[39m
2026-02-08 17:44:16:4416 [35mhttp[39m: [35mGET /api/auth/profile 401 69 - 0.115 ms anonymous[39m
2026-02-08 17:44:16:4416 [31merror[39m: [31mAuthentication error: jwt expired[39m
2026-02-08 17:44:16:4416 [35mhttp[39m: [35mGET /api/auth/profile 401 69 - 15.984 ms anonymous[39m
2026-02-08 17:44:16:4416 [31merror[39m: [31mAuthentication error: jwt expired[39m
2026-02-08 17:44:16:4416 [35mhttp[39m: [35mGET /api/auth/profile 401 69 - 9.406 ms anonymous[39m
2026-02-08 17:44:16:4416 [35mhttp[39m: [35mGET /api/auth/profile 401 69 - 0.354 ms anonymous[39m
2026-02-08 17:44:16:4416 [31merror[39m: [31mAuthentication error: jwt expired[39m
2026-02-08 17:44:16:4416 [35mhttp[39m: [35mGET /api/auth/profile 401 69 - 16.547 ms anonymous[39m
2026-02-08 17:44:16:4416 [31merror[39m: [31mAuthentication error: jwt expired[39m
2026-02-08 17:44:16:4416 [35mhttp[39m: [35mGET /api/auth/profile 401 69 - 7.995 ms anonymous[39m
2026-02-08 17:44:16:4416 [35mhttp[39m: [35mGET /api/auth/profile 401 69 - 0.174 ms anonymous[39m
2026-02-08 17:44:16:4416 [31merror[39m: [31mAuthentication error: jwt expired[39m
2026-02-08 17:44:16:4416 [35mhttp[39m: [35mGET /api/auth/profile 401 69 - 21.419 ms anonymous[39m
2026-02-08 17:44:16:4416 [31merror[39m: [31mAuthentication error: jwt expired[39m
2026-02-08 17:44:16:4416 [35mhttp[39m: [35mGET /api/auth/profile 401 69 - 4.410 ms anonymous[39m
2026-02-08 17:44:17:4417 [35mhttp[39m: [35mGET /api/auth/profile 401 69 - 0.121 ms anonymous[39m
2026-02-08 17:44:17:4417 [31merror[39m: [31mAuthentication error: jwt expired[39m
2026-02-08 17:44:17:4417 [35mhttp[39m: [35mGET /api/auth/profile 401 69 - 11.677 ms anonymous[39m
2026-02-08 17:44:17:4417 [31merror[39m: [31mAuthentication error: jwt expired[39m
2026-02-08 17:44:17:4417 [35mhttp[39m: [35mGET /api/auth/profile 401 69 - 12.041 ms anonymous[39m
2026-02-08 17:44:17:4417 [35mhttp[39m: [35mGET /api/auth/profile 401 69 - 0.211 ms anonymous[39m
2026-02-08 17:44:17:4417 [31merror[39m: [31mAuthentication error: jwt expired[39m
2026-02-08 17:44:17:4417 [35mhttp[39m: [35mGET /api/auth/profile 401 69 - 22.657 ms anonymous[39m
2026-02-08 17:44:17:4417 [31merror[39m: [31mAuthentication error: jwt expired[39m
2026-02-08 17:44:17:4417 [35mhttp[39m: [35mGET /api/auth/profile 401 69 - 9.996 ms anonymous[39m
2026-02-08 17:44:17:4417 [31merror[39m: [31mAuthentication error: jwt expired[39m
2026-02-08 17:44:17:4417 [35mhttp[39m: [35mGET /api/auth/profile 401 69 - 6.241 ms anonymous[39m
2026-02-08 17:44:17:4417 [35mhttp[39m: [35mGET /api/auth/profile 401 69 - 0.095 ms anonymous[39m
2026-02-08 17:44:17:4417 [31merror[39m: [31mAuthentication error: jwt expired[39m
2026-02-08 17:44:17:4417 [35mhttp[39m: [35mGET /api/auth/profile 401 69 - 7.309 ms anonymous[39m
2026-02-08 17:44:17:4417 [31merror[39m: [31mAuthentication error: jwt expired[39m
2026-02-08 17:44:17:4417 [35mhttp[39m: [35mGET /api/auth/profile 401 69 - 6.901 ms anonymous[39m
2026-02-08 17:44:17:4417 [31merror[39m: [31mAuthentication error: jwt expired[39m
2026-02-08 17:44:17:4417 [35mhttp[39m: [35mGET /api/auth/profile 401 69 - 4.696 ms anonymous[39m
2026-02-08 17:44:17:4417 [35mhttp[39m: [35mGET /api/auth/profile 401 69 - 0.127 ms anonymous[39m
2026-02-08 17:44:17:4417 [31merror[39m: [31mAuthentication error: jwt expired[39m
2026-02-08 17:44:17:4417 [35mhttp[39m: [35mGET /api/auth/profile 401 69 - 9.388 ms anonymous[39m
2026-02-08 17:44:17:4417 [31merror[39m: [31mAuthentication error: jwt expired[39m
2026-02-08 17:44:17:4417 [35mhttp[39m: [35mGET /api/auth/profile 401 69 - 4.338 ms anonymous[39m
2026-02-08 17:44:17:4417 [35mhttp[39m: [35mGET /api/auth/profile 401 69 - 0.138 ms anonymous[39m
2026-02-08 17:44:17:4417 [31merror[39m: [31mAuthentication error: jwt expired[39m
2026-02-08 17:44:17:4417 [35mhttp[39m: [35mGET /api/auth/profile 401 69 - 4.840 ms anonymous[39m
2026-02-08 17:44:17:4417 [31merror[39m: [31mAuthentication error: jwt expired[39m
2026-02-08 17:44:17:4417 [35mhttp[39m: [35mGET /api/auth/profile 401 69 - 6.753 ms anonymous[39m
2026-02-08 17:44:17:4417 [35mhttp[39m: [35mGET /api/auth/profile 401 69 - 0.082 ms anonymous[39m
2026-02-08 17:44:17:4417 [31merror[39m: [31mAuthentication error: jwt expired[39m
2026-02-08 17:44:17:4417 [35mhttp[39m: [35mGET /api/auth/profile 401 69 - 5.812 ms anonymous[39m
2026-02-08 17:44:17:4417 [31merror[39m: [31mAuthentication error: jwt expired[39m
2026-02-08 17:44:17:4417 [35mhttp[39m: [35mGET /api/auth/profile 401 69 - 8.139 ms anonymous[39m
2026-02-08 17:44:17:4417 [35mhttp[39m: [35mGET /api/auth/profile 401 69 - 0.286 ms anonymous[39m
2026-02-08 17:44:17:4417 [31merror[39m: [31mAuthentication error: jwt expired[39m
2026-02-08 17:44:17:4417 [35mhttp[39m: [35mGET /api/auth/profile 401 69 - 15.850 ms anonymous[39m
2026-02-08 17:44:17:4417 [31merror[39m: [31mAuthentication error: jwt expired[39m
2026-02-08 17:44:17:4417 [35mhttp[39m: [35mGET /api/auth/profile 401 69 - 6.138 ms anonymous[39m
2026-02-08 17:44:17:4417 [35mhttp[39m: [35mGET /api/auth/profile 401 69 - 0.113 ms anonymous[39m
2026-02-08 17:44:17:4417 [31merror[39m: [31mAuthentication error: jwt expired[39m
2026-02-08 17:44:17:4417 [35mhttp[39m: [35mGET /api/auth/profile 401 69 - 15.835 ms anonymous[39m
2026-02-08 17:44:18:4418 [31merror[39m: [31mAuthentication error: jwt expired[39m
2026-02-08 17:44:18:4418 [35mhttp[39m: [35mGET /api/auth/profile 401 69 - 4.925 ms anonymous[39m
2026-02-08 17:44:18:4418 [31merror[39m: [31mAuthentication error: jwt expired[39m
2026-02-08 17:44:18:4418 [35mhttp[39m: [35mGET /api/auth/profile 401 69 - 8.510 ms anonymous[39m
2026-02-08 17:44:18:4418 [35mhttp[39m: [35mGET /api/auth/profile 401 69 - 0.229 ms anonymous[39m
2026-02-08 17:44:18:4418 [31merror[39m: [31mAuthentication error: jwt expired[39m
2026-02-08 17:44:18:4418 [35mhttp[39m: [35mGET /api/auth/profile 401 69 - 5.561 ms anonymous[39m
2026-02-08 17:44:18:4418 [31merror[39m: [31mAuthentication error: jwt expired[39m
2026-02-08 17:44:18:4418 [35mhttp[39m: [35mGET /api/auth/profile 401 69 - 5.718 ms anonymous[39m
2026-02-08 17:44:18:4418 [35mhttp[39m: [35mGET /api/auth/profile 401 69 - 3.257 ms anonymous[39m
2026-02-08 17:44:18:4418 [31merror[39m: [31mAuthentication error: jwt expired[39m
2026-02-08 17:44:18:4418 [35mhttp[39m: [35mGET /api/auth/profile 401 69 - 16.607 ms anonymous[39m
2026-02-08 17:44:18:4418 [31merror[39m: [31mAuthentication error: jwt expired[39m
2026-02-08 17:44:18:4418 [35mhttp[39m: [35mGET /api/auth/profile 401 69 - 5.354 ms anonymous[39m
2026-02-08 17:44:18:4418 [35mhttp[39m: [35mGET /api/auth/profile 401 69 - 0.133 ms anonymous[39m
2026-02-08 17:44:18:4418 [31merror[39m: [31mAuthentication error: jwt expired[39m
2026-02-08 17:44:18:4418 [35mhttp[39m: [35mGET /api/auth/profile 401 69 - 9.615 ms anonymous[39m
2026-02-08 17:44:18:4418 [31merror[39m: [31mAuthentication error: jwt expired[39m
2026-02-08 17:44:18:4418 [35mhttp[39m: [35mGET /api/auth/profile 401 69 - 4.537 ms anonymous[39m
2026-02-08 17:44:18:4418 [35mhttp[39m: [35mGET /api/auth/profile 401 69 - 0.138 ms anonymous[39m
2026-02-08 17:44:18:4418 [31merror[39m: [31mAuthentication error: jwt expired[39m
2026-02-08 17:44:18:4418 [35mhttp[39m: [35mGET /api/auth/profile 401 69 - 10.984 ms anonymous[39m
2026-02-08 17:44:18:4418 [31merror[39m: [31mAuthentication error: jwt expired[39m
2026-02-08 17:44:18:4418 [35mhttp[39m: [35mGET /api/auth/profile 401 69 - 4.327 ms anonymous[39m
2026-02-08 17:44:18:4418 [31merror[39m: [31mAuthentication error: jwt expired[39m
2026-02-08 17:44:18:4418 [35mhttp[39m: [35mGET /api/auth/profile 401 69 - 7.385 ms anonymous[39m
2026-02-08 17:44:18:4418 [35mhttp[39m: [35mGET /api/auth/profile 401 69 - 0.333 ms anonymous[39m
2026-02-08 17:44:18:4418 [31merror[39m: [31mAuthentication error: jwt expired[39m
2026-02-08 17:44:18:4418 [35mhttp[39m: [35mGET /api/auth/profile 401 69 - 4.185 ms anonymous[39m
2026-02-08 17:44:18:4418 [31merror[39m: [31mAuthentication error: jwt expired[39m
2026-02-08 17:44:18:4418 [35mhttp[39m: [35mGET /api/auth/profile 401 69 - 5.708 ms anonymous[39m
2026-02-08 17:44:18:4418 [35mhttp[39m: [35mGET /api/auth/profile 401 69 - 0.073 ms anonymous[39m
2026-02-08 17:44:18:4418 [31merror[39m: [31mAuthentication error: jwt expired[39m
2026-02-08 17:44:18:4418 [35mhttp[39m: [35mGET /api/auth/profile 401 69 - 5.045 ms anonymous[39m
2026-02-08 17:44:18:4418 [31merror[39m: [31mAuthentication error: jwt expired[39m
2026-02-08 17:44:18:4418 [35mhttp[39m: [35mGET /api/auth/profile 401 69 - 7.969 ms anonymous[39m
2026-02-08 17:44:18:4418 [35mhttp[39m: [35mGET /api/auth/profile 401 69 - 0.271 ms anonymous[39m
2026-02-08 17:44:18:4418 [31merror[39m: [31mAuthentication error: jwt expired[39m
2026-02-08 17:44:18:4418 [35mhttp[39m: [35mGET /api/auth/profile 401 69 - 13.514 ms anonymous[39m
2026-02-08 17:44:19:4419 [31merror[39m: [31mAuthentication error: jwt expired[39m
2026-02-08 17:44:19:4419 [35mhttp[39m: [35mGET /api/auth/profile 401 69 - 15.760 ms anonymous[39m
2026-02-08 17:44:19:4419 [31merror[39m: [31mAuthentication error: jwt expired[39m
2026-02-08 17:44:19:4419 [35mhttp[39m: [35mGET /api/auth/profile 401 69 - 8.180 ms anonymous[39m
2026-02-08 17:44:19:4419 [35mhttp[39m: [35mGET /api/auth/profile 401 69 - 0.170 ms anonymous[39m
2026-02-08 17:44:19:4419 [31merror[39m: [31mAuthentication error: jwt expired[39m
2026-02-08 17:44:19:4419 [35mhttp[39m: [35mGET /api/auth/profile 401 69 - 12.674 ms anonymous[39m
2026-02-08 17:44:19:4419 [31merror[39m: [31mAuthentication error: jwt expired[39m
2026-02-08 17:44:19:4419 [35mhttp[39m: [35mGET /api/auth/profile 401 69 - 25.360 ms anonymous[39m
2026-02-08 17:44:19:4419 [31merror[39m: [31mAuthentication error: jwt expired[39m
2026-02-08 17:44:19:4419 [35mhttp[39m: [35mGET /api/auth/profile 401 69 - 10.312 ms anonymous[39m
2026-02-08 17:44:19:4419 [31merror[39m: [31mAuthentication error: jwt expired[39m
2026-02-08 17:44:19:4419 [35mhttp[39m: [35mGET /api/auth/profile 401 69 - 5.779 ms anonymous[39m
2026-02-08 17:44:19:4419 [35mhttp[39m: [35mGET /api/auth/profile 401 69 - 0.145 ms anonymous[39m
2026-02-08 17:44:19:4419 [31merror[39m: [31mAuthentication error: jwt expired[39m
2026-02-08 17:44:19:4419 [35mhttp[39m: [35mGET /api/auth/profile 401 69 - 10.484 ms anonymous[39m
2026-02-08 17:44:19:4419 [31merror[39m: [31mAuthentication error: jwt expired[39m
2026-02-08 17:44:19:4419 [35mhttp[39m: [35mGET /api/auth/profile 401 69 - 5.774 ms anonymous[39m
2026-02-08 17:44:19:4419 [35mhttp[39m: [35mGET /api/auth/profile 401 69 - 0.414 ms anonymous[39m
2026-02-08 17:44:19:4419 [31merror[39m: [31mAuthentication error: jwt expired[39m
2026-02-08 17:44:19:4419 [35mhttp[39m: [35mGET /api/auth/profile 401 69 - 15.472 ms anonymous[39m
2026-02-08 17:44:19:4419 [31merror[39m: [31mAuthentication error: jwt expired[39m
2026-02-08 17:44:19:4419 [35mhttp[39m: [35mGET /api/auth/profile 401 69 - 17.544 ms anonymous[39m
2026-02-08 17:44:19:4419 [31merror[39m: [31mAuthentication error: jwt expired[39m
2026-02-08 17:44:19:4419 [35mhttp[39m: [35mGET /api/auth/profile 401 69 - 4.901 ms anonymous[39m
2026-02-08 17:44:19:4419 [35mhttp[39m: [35mGET /api/auth/profile 401 69 - 0.203 ms anonymous[39m
2026-02-08 17:44:19:4419 [31merror[39m: [31mAuthentication error: jwt expired[39m
2026-02-08 17:44:19:4419 [35mhttp[39m: [35mGET /api/auth/profile 401 69 - 25.916 ms anonymous[39m
2026-02-08 17:44:19:4419 [31merror[39m: [31mAuthentication error: jwt expired[39m
2026-02-08 17:44:19:4419 [35mhttp[39m: [35mGET /api/auth/profile 401 69 - 4.989 ms anonymous[39m
2026-02-08 17:44:19:4419 [31merror[39m: [31mAuthentication error: jwt expired[39m
2026-02-08 17:44:19:4419 [35mhttp[39m: [35mGET /api/auth/profile 401 69 - 7.901 ms anonymous[39m
2026-02-08 17:44:19:4419 [31merror[39m: [31mAuthentication error: jwt expired[39m
2026-02-08 17:44:19:4419 [35mhttp[39m: [35mGET /api/auth/profile 401 69 - 6.893 ms anonymous[39m
2026-02-08 17:44:19:4419 [35mhttp[39m: [35mGET /api/auth/profile 401 69 - 0.122 ms anonymous[39m
2026-02-08 17:44:19:4419 [31merror[39m: [31mAuthentication error: jwt expired[39m
2026-02-08 17:44:19:4419 [35mhttp[39m: [35mGET /api/auth/profile 401 69 - 22.457 ms anonymous[39m
2026-02-08 17:44:19:4419 [31merror[39m: [31mAuthentication error: jwt expired[39m
2026-02-08 17:44:19:4419 [35mhttp[39m: [35mGET /api/auth/profile 401 69 - 5.182 ms anonymous[39m
2026-02-08 17:44:20:4420 [35mhttp[39m: [35mGET /api/auth/profile 401 69 - 0.150 ms anonymous[39m
2026-02-08 17:44:20:4420 [31merror[39m: [31mAuthentication error: jwt expired[39m
2026-02-08 17:44:20:4420 [35mhttp[39m: [35mGET /api/auth/profile 401 69 - 8.493 ms anonymous[39m
2026-02-08 17:44:20:4420 [31merror[39m: [31mAuthentication error: jwt expired[39m
2026-02-08 17:44:20:4420 [35mhttp[39m: [35mGET /api/auth/profile 401 69 - 6.705 ms anonymous[39m
2026-02-08 17:44:20:4420 [31merror[39m: [31mAuthentication error: jwt expired[39m
2026-02-08 17:44:20:4420 [35mhttp[39m: [35mGET /api/auth/profile 401 69 - 4.265 ms anonymous[39m
2026-02-08 17:44:20:4420 [35mhttp[39m: [35mGET /api/auth/profile 401 69 - 0.162 ms anonymous[39m
2026-02-08 17:44:20:4420 [31merror[39m: [31mAuthentication error: jwt expired[39m
2026-02-08 17:44:20:4420 [35mhttp[39m: [35mGET /api/auth/profile 401 69 - 11.951 ms anonymous[39m
2026-02-08 17:44:20:4420 [31merror[39m: [31mAuthentication error: jwt expired[39m
2026-02-08 17:44:20:4420 [35mhttp[39m: [35mGET /api/auth/profile 401 69 - 9.636 ms anonymous[39m
2026-02-08 17:44:20:4420 [35mhttp[39m: [35mGET /api/auth/profile 401 69 - 0.161 ms anonymous[39m
2026-02-08 17:44:20:4420 [35mhttp[39m: [35mGET /api/auth/profile 401 69 - 0.151 ms anonymous[39m
2026-02-08 17:44:20:4420 [35mhttp[39m: [35mGET /api/auth/profile 401 69 - 0.189 ms anonymous[39m
2026-02-08 17:44:20:4420 [35mhttp[39m: [35mGET /api/auth/profile 401 69 - 0.172 ms anonymous[39m
2026-02-08 17:44:20:4420 [35mhttp[39m: [35mGET /api/auth/profile 401 69 - 0.144 ms anonymous[39m
2026-02-08 17:44:20:4420 [35mhttp[39m: [35mGET /api/auth/profile 401 69 - 0.144 ms anonymous[39m
2026-02-08 17:44:20:4420 [35mhttp[39m: [35mGET /api/auth/profile 401 69 - 0.178 ms anonymous[39m
2026-02-08 17:44:20:4420 [35mhttp[39m: [35mGET /api/auth/profile 401 69 - 0.185 ms anonymous[39m
2026-02-08 17:44:21:4421 [31merror[39m: [31mAuthentication error: jwt expired[39m
2026-02-08 17:44:21:4421 [35mhttp[39m: [35mGET /api/auth/profile 401 69 - 8.184 ms anonymous[39m
2026-02-08 17:44:21:4421 [35mhttp[39m: [35mGET /api/auth/profile 401 69 - 0.298 ms anonymous[39m
2026-02-08 17:44:21:4421 [31merror[39m: [31mAuthentication error: jwt expired[39m
2026-02-08 17:44:21:4421 [35mhttp[39m: [35mGET /api/auth/profile 401 69 - 13.378 ms anonymous[39m
2026-02-08 17:44:21:4421 [31merror[39m: [31mAuthentication error: jwt expired[39m
2026-02-08 17:44:21:4421 [35mhttp[39m: [35mGET /api/auth/profile 401 69 - 3.725 ms anonymous[39m
2026-02-08 17:44:21:4421 [35mhttp[39m: [35mGET /api/auth/profile 401 69 - 0.205 ms anonymous[39m
2026-02-08 17:44:21:4421 [31merror[39m: [31mAuthentication error: jwt expired[39m
2026-02-08 17:44:21:4421 [35mhttp[39m: [35mGET /api/auth/profile 401 69 - 12.153 ms anonymous[39m
2026-02-08 17:44:21:4421 [31merror[39m: [31mAuthentication error: jwt expired[39m
2026-02-08 17:44:21:4421 [35mhttp[39m: [35mGET /api/auth/profile 401 69 - 8.274 ms anonymous[39m
2026-02-08 17:44:21:4421 [35mhttp[39m: [35mGET /api/auth/profile 401 69 - 0.127 ms anonymous[39m
2026-02-08 17:44:21:4421 [31merror[39m: [31mAuthentication error: jwt expired[39m
2026-02-08 17:44:21:4421 [35mhttp[39m: [35mGET /api/auth/profile 401 69 - 25.151 ms anonymous[39m
2026-02-08 17:44:21:4421 [31merror[39m: [31mAuthentication error: jwt expired[39m
2026-02-08 17:44:21:4421 [35mhttp[39m: [35mGET /api/auth/profile 401 69 - 5.496 ms anonymous[39m
2026-02-08 17:44:21:4421 [35mhttp[39m: [35mGET /api/auth/profile 401 69 - 0.239 ms anonymous[39m
2026-02-08 17:44:21:4421 [31merror[39m: [31mAuthentication error: jwt expired[39m
2026-02-08 17:44:21:4421 [35mhttp[39m: [35mGET /api/auth/profile 401 69 - 16.776 ms anonymous[39m
2026-02-08 17:44:21:4421 [31merror[39m: [31mAuthentication error: jwt expired[39m
2026-02-08 17:44:21:4421 [35mhttp[39m: [35mGET /api/auth/profile 401 69 - 4.805 ms anonymous[39m
2026-02-08 17:44:21:4421 [35mhttp[39m: [35mGET /api/auth/profile 401 69 - 0.374 ms anonymous[39m
2026-02-08 17:44:21:4421 [31merror[39m: [31mAuthentication error: jwt expired[39m
2026-02-08 17:44:21:4421 [35mhttp[39m: [35mGET /api/auth/profile 401 69 - 17.597 ms anonymous[39m
2026-02-08 17:44:21:4421 [31merror[39m: [31mAuthentication error: jwt expired[39m
2026-02-08 17:44:21:4421 [35mhttp[39m: [35mGET /api/auth/profile 401 69 - 4.255 ms anonymous[39m
2026-02-08 17:44:21:4421 [35mhttp[39m: [35mGET /api/auth/profile 401 69 - 0.465 ms anonymous[39m
2026-02-08 17:44:21:4421 [31merror[39m: [31mAuthentication error: jwt expired[39m
2026-02-08 17:44:21:4421 [35mhttp[39m: [35mGET /api/auth/profile 401 69 - 11.517 ms anonymous[39m
2026-02-08 17:44:21:4421 [31merror[39m: [31mAuthentication error: jwt expired[39m
2026-02-08 17:44:21:4421 [35mhttp[39m: [35mGET /api/auth/profile 401 69 - 3.942 ms anonymous[39m
2026-02-08 17:44:21:4421 [35mhttp[39m: [35mGET /api/auth/profile 401 69 - 0.873 ms anonymous[39m
2026-02-08 17:44:21:4421 [31merror[39m: [31mAuthentication error: jwt expired[39m
2026-02-08 17:44:21:4421 [35mhttp[39m: [35mGET /api/auth/profile 401 69 - 13.324 ms anonymous[39m
2026-02-08 17:44:21:4421 [31merror[39m: [31mAuthentication error: jwt expired[39m
2026-02-08 17:44:21:4421 [35mhttp[39m: [35mGET /api/auth/profile 401 69 - 4.481 ms anonymous[39m
2026-02-08 17:44:21:4421 [35mhttp[39m: [35mGET /api/auth/profile 401 69 - 0.223 ms anonymous[39m
2026-02-08 17:44:21:4421 [31merror[39m: [31mAuthentication error: jwt expired[39m
2026-02-08 17:44:21:4421 [35mhttp[39m: [35mGET /api/auth/profile 401 69 - 10.872 ms anonymous[39m
2026-02-08 17:44:21:4421 [31merror[39m: [31mAuthentication error: jwt expired[39m
2026-02-08 17:44:21:4421 [35mhttp[39m: [35mGET /api/auth/profile 401 69 - 5.463 ms anonymous[39m
2026-02-08 17:44:21:4421 [35mhttp[39m: [35mGET /api/auth/profile 401 69 - 0.253 ms anonymous[39m
2026-02-08 17:44:21:4421 [31merror[39m: [31mAuthentication error: jwt expired[39m
2026-02-08 17:44:21:4421 [35mhttp[39m: [35mGET /api/auth/profile 401 69 - 7.250 ms anonymous[39m
2026-02-08 17:44:21:4421 [35mhttp[39m: [35mGET /api/auth/profile 401 69 - 0.220 ms anonymous[39m
2026-02-08 17:44:21:4421 [31merror[39m: [31mAuthentication error: jwt expired[39m
2026-02-08 17:44:21:4421 [35mhttp[39m: [35mGET /api/auth/profile 401 69 - 10.169 ms anonymous[39m
2026-02-08 17:44:22:4422 [31merror[39m: [31mAuthentication error: jwt expired[39m
2026-02-08 17:44:22:4422 [35mhttp[39m: [35mGET /api/auth/profile 401 69 - 4.548 ms anonymous[39m
2026-02-08 17:44:22:4422 [35mhttp[39m: [35mGET /api/auth/profile 401 69 - 0.129 ms anonymous[39m
2026-02-08 17:44:22:4422 [31merror[39m: [31mAuthentication error: jwt expired[39m
2026-02-08 17:44:22:4422 [35mhttp[39m: [35mGET /api/auth/profile 401 69 - 18.438 ms anonymous[39m
2026-02-08 17:44:22:4422 [31merror[39m: [31mAuthentication error: jwt expired[39m
2026-02-08 17:44:22:4422 [35mhttp[39m: [35mGET /api/auth/profile 401 69 - 6.431 ms anonymous[39m
2026-02-08 17:44:22:4422 [35mhttp[39m: [35mGET /api/auth/profile 401 69 - 0.217 ms anonymous[39m
2026-02-08 17:44:22:4422 [31merror[39m: [31mAuthentication error: jwt expired[39m
2026-02-08 17:44:22:4422 [35mhttp[39m: [35mGET /api/auth/profile 401 69 - 14.858 ms anonymous[39m
2026-02-08 17:44:22:4422 [31merror[39m: [31mAuthentication error: jwt expired[39m
2026-02-08 17:44:22:4422 [35mhttp[39m: [35mGET /api/auth/profile 401 69 - 3.775 ms anonymous[39m
2026-02-08 17:44:22:4422 [35mhttp[39m: [35mGET /api/auth/profile 401 69 - 0.124 ms anonymous[39m
2026-02-08 17:44:22:4422 [31merror[39m: [31mAuthentication error: jwt expired[39m
2026-02-08 17:44:22:4422 [35mhttp[39m: [35mGET /api/auth/profile 401 69 - 8.400 ms anonymous[39m
2026-02-08 17:44:22:4422 [31merror[39m: [31mAuthentication error: jwt expired[39m
2026-02-08 17:44:22:4422 [35mhttp[39m: [35mGET /api/auth/profile 401 69 - 6.608 ms anonymous[39m
2026-02-08 17:44:22:4422 [35mhttp[39m: [35mGET /api/auth/profile 401 69 - 0.125 ms anonymous[39m
2026-02-08 17:44:22:4422 [31merror[39m: [31mAuthentication error: jwt expired[39m
2026-02-08 17:44:22:4422 [35mhttp[39m: [35mGET /api/auth/profile 401 69 - 11.926 ms anonymous[39m
2026-02-08 17:44:22:4422 [31merror[39m: [31mAuthentication error: jwt expired[39m
2026-02-08 17:44:22:4422 [35mhttp[39m: [35mGET /api/auth/profile 401 69 - 5.129 ms anonymous[39m
2026-02-08 17:44:22:4422 [35mhttp[39m: [35mGET /api/auth/profile 401 69 - 0.109 ms anonymous[39m
2026-02-08 17:44:22:4422 [31merror[39m: [31mAuthentication error: jwt expired[39m
2026-02-08 17:44:22:4422 [35mhttp[39m: [35mGET /api/auth/profile 401 69 - 14.581 ms anonymous[39m
2026-02-08 17:44:22:4422 [31merror[39m: [31mAuthentication error: jwt expired[39m
2026-02-08 17:44:22:4422 [35mhttp[39m: [35mGET /api/auth/profile 401 69 - 4.480 ms anonymous[39m
2026-02-08 17:44:22:4422 [35mhttp[39m: [35mGET /api/auth/profile 401 69 - 0.551 ms anonymous[39m
2026-02-08 17:44:22:4422 [31merror[39m: [31mAuthentication error: jwt expired[39m
2026-02-08 17:44:22:4422 [35mhttp[39m: [35mGET /api/auth/profile 401 69 - 25.496 ms anonymous[39m
2026-02-08 17:44:22:4422 [31merror[39m: [31mAuthentication error: jwt expired[39m
2026-02-08 17:44:22:4422 [35mhttp[39m: [35mGET /api/auth/profile 401 69 - 4.201 ms anonymous[39m
2026-02-08 17:44:22:4422 [35mhttp[39m: [35mGET /api/auth/profile 401 69 - 0.542 ms anonymous[39m
2026-02-08 17:44:22:4422 [31merror[39m: [31mAuthentication error: jwt expired[39m
2026-02-08 17:44:22:4422 [35mhttp[39m: [35mGET /api/auth/profile 401 69 - 15.111 ms anonymous[39m
2026-02-08 17:44:22:4422 [31merror[39m: [31mAuthentication error: jwt expired[39m
2026-02-08 17:44:22:4422 [35mhttp[39m: [35mGET /api/auth/profile 401 69 - 6.271 ms anonymous[39m
2026-02-08 17:44:22:4422 [35mhttp[39m: [35mGET /api/auth/profile 401 69 - 0.244 ms anonymous[39m
2026-02-08 17:44:22:4422 [31merror[39m: [31mAuthentication error: jwt expired[39m
2026-02-08 17:44:22:4422 [35mhttp[39m: [35mGET /api/auth/profile 401 69 - 9.117 ms anonymous[39m
2026-02-08 17:44:22:4422 [31merror[39m: [31mAuthentication error: jwt expired[39m
2026-02-08 17:44:22:4422 [35mhttp[39m: [35mGET /api/auth/profile 401 69 - 4.561 ms anonymous[39m
2026-02-08 17:44:22:4422 [35mhttp[39m: [35mGET /api/auth/profile 401 69 - 0.120 ms anonymous[39m
2026-02-08 17:44:22:4422 [31merror[39m: [31mAuthentication error: jwt expired[39m
2026-02-08 17:44:22:4422 [35mhttp[39m: [35mGET /api/auth/profile 401 69 - 12.276 ms anonymous[39m
2026-02-08 17:44:22:4422 [31merror[39m: [31mAuthentication error: jwt expired[39m
2026-02-08 17:44:22:4422 [35mhttp[39m: [35mGET /api/auth/profile 401 69 - 4.808 ms anonymous[39m
2026-02-08 17:44:22:4422 [35mhttp[39m: [35mGET /api/auth/profile 401 69 - 0.114 ms anonymous[39m
2026-02-08 17:44:22:4422 [31merror[39m: [31mAuthentication error: jwt expired[39m
2026-02-08 17:44:22:4422 [35mhttp[39m: [35mGET /api/auth/profile 401 69 - 12.024 ms anonymous[39m
2026-02-08 17:44:22:4422 [31merror[39m: [31mAuthentication error: jwt expired[39m
2026-02-08 17:44:22:4422 [35mhttp[39m: [35mGET /api/auth/profile 401 69 - 5.283 ms anonymous[39m
2026-02-08 17:44:23:4423 [35mhttp[39m: [35mGET /api/auth/profile 401 69 - 0.341 ms anonymous[39m
2026-02-08 17:44:23:4423 [31merror[39m: [31mAuthentication error: jwt expired[39m
2026-02-08 17:44:23:4423 [35mhttp[39m: [35mGET /api/auth/profile 401 69 - 16.888 ms anonymous[39m
2026-02-08 17:44:23:4423 [35mhttp[39m: [35mGET /api/auth/profile 401 69 - 0.155 ms anonymous[39m
2026-02-08 17:44:23:4423 [31merror[39m: [31mAuthentication error: jwt expired[39m
2026-02-08 17:44:23:4423 [35mhttp[39m: [35mGET /api/auth/profile 401 69 - 10.266 ms anonymous[39m
2026-02-08 17:44:23:4423 [31merror[39m: [31mAuthentication error: jwt expired[39m
2026-02-08 17:44:23:4423 [35mhttp[39m: [35mGET /api/auth/profile 401 69 - 4.757 ms anonymous[39m
2026-02-08 17:44:23:4423 [35mhttp[39m: [35mGET /api/auth/profile 401 69 - 0.168 ms anonymous[39m
2026-02-08 17:44:23:4423 [31merror[39m: [31mAuthentication error: jwt expired[39m
2026-02-08 17:44:23:4423 [35mhttp[39m: [35mGET /api/auth/profile 401 69 - 10.491 ms anonymous[39m
2026-02-08 17:44:23:4423 [31merror[39m: [31mAuthentication error: jwt expired[39m
2026-02-08 17:44:23:4423 [35mhttp[39m: [35mGET /api/auth/profile 401 69 - 4.531 ms anonymous[39m
2026-02-08 17:44:23:4423 [31merror[39m: [31mAuthentication error: jwt expired[39m
2026-02-08 17:44:23:4423 [35mhttp[39m: [35mGET /api/auth/profile 401 69 - 9.414 ms anonymous[39m
2026-02-08 17:44:23:4423 [35mhttp[39m: [35mGET /api/auth/profile 401 69 - 0.076 ms anonymous[39m
2026-02-08 17:44:23:4423 [31merror[39m: [31mAuthentication error: jwt expired[39m
2026-02-08 17:44:23:4423 [35mhttp[39m: [35mGET /api/auth/profile 401 69 - 9.438 ms anonymous[39m
2026-02-08 17:44:23:4423 [31merror[39m: [31mAuthentication error: jwt expired[39m
2026-02-08 17:44:23:4423 [35mhttp[39m: [35mGET /api/auth/profile 401 69 - 7.625 ms anonymous[39m
2026-02-08 17:44:23:4423 [35mhttp[39m: [35mGET /api/auth/profile 401 69 - 0.523 ms anonymous[39m
2026-02-08 17:44:23:4423 [31merror[39m: [31mAuthentication error: jwt expired[39m
2026-02-08 17:44:23:4423 [35mhttp[39m: [35mGET /api/auth/profile 401 69 - 22.272 ms anonymous[39m
2026-02-08 17:44:23:4423 [31merror[39m: [31mAuthentication error: jwt expired[39m
2026-02-08 17:44:23:4423 [35mhttp[39m: [35mGET /api/auth/profile 401 69 - 5.241 ms anonymous[39m
2026-02-08 17:44:23:4423 [35mhttp[39m: [35mGET /api/auth/profile 401 69 - 0.260 ms anonymous[39m
2026-02-08 17:44:23:4423 [31merror[39m: [31mAuthentication error: jwt expired[39m
2026-02-08 17:44:23:4423 [35mhttp[39m: [35mGET /api/auth/profile 401 69 - 42.748 ms anonymous[39m
2026-02-08 17:44:23:4423 [31merror[39m: [31mAuthentication error: jwt expired[39m
2026-02-08 17:44:23:4423 [35mhttp[39m: [35mGET /api/auth/profile 401 69 - 5.842 ms anonymous[39m
2026-02-08 17:44:23:4423 [35mhttp[39m: [35mGET /api/auth/profile 401 69 - 0.387 ms anonymous[39m
2026-02-08 17:44:23:4423 [31merror[39m: [31mAuthentication error: jwt expired[39m
2026-02-08 17:44:23:4423 [35mhttp[39m: [35mGET /api/auth/profile 401 69 - 16.999 ms anonymous[39m
2026-02-08 17:44:23:4423 [31merror[39m: [31mAuthentication error: jwt expired[39m
2026-02-08 17:44:23:4423 [35mhttp[39m: [35mGET /api/auth/profile 401 69 - 7.004 ms anonymous[39m
2026-02-08 17:44:24:4424 [35mhttp[39m: [35mGET /api/auth/profile 401 69 - 0.407 ms anonymous[39m
2026-02-08 17:44:24:4424 [31merror[39m: [31mAuthentication error: jwt expired[39m
2026-02-08 17:44:24:4424 [35mhttp[39m: [35mGET /api/auth/profile 401 69 - 10.074 ms anonymous[39m
2026-02-08 17:44:24:4424 [31merror[39m: [31mAuthentication error: jwt expired[39m
2026-02-08 17:44:24:4424 [35mhttp[39m: [35mGET /api/auth/profile 401 69 - 8.188 ms anonymous[39m
2026-02-08 17:44:24:4424 [31merror[39m: [31mAuthentication error: jwt expired[39m
2026-02-08 17:44:24:4424 [35mhttp[39m: [35mGET /api/auth/profile 401 69 - 8.009 ms anonymous[39m
2026-02-08 17:44:24:4424 [35mhttp[39m: [35mGET /api/auth/profile 401 69 - 0.233 ms anonymous[39m
2026-02-08 17:44:24:4424 [31merror[39m: [31mAuthentication error: jwt expired[39m
2026-02-08 17:44:24:4424 [35mhttp[39m: [35mGET /api/auth/profile 401 69 - 5.387 ms anonymous[39m
2026-02-08 17:44:24:4424 [31merror[39m: [31mAuthentication error: jwt expired[39m
2026-02-08 17:44:24:4424 [35mhttp[39m: [35mGET /api/auth/profile 401 69 - 4.998 ms anonymous[39m
2026-02-08 17:44:24:4424 [35mhttp[39m: [35mGET /api/auth/profile 401 69 - 0.105 ms anonymous[39m
2026-02-08 17:44:24:4424 [31merror[39m: [31mAuthentication error: jwt expired[39m
2026-02-08 17:44:24:4424 [35mhttp[39m: [35mGET /api/auth/profile 401 69 - 23.781 ms anonymous[39m
2026-02-08 17:44:24:4424 [31merror[39m: [31mAuthentication error: jwt expired[39m
2026-02-08 17:44:24:4424 [35mhttp[39m: [35mGET /api/auth/profile 401 69 - 15.079 ms anonymous[39m
2026-02-08 17:44:24:4424 [31merror[39m: [31mAuthentication error: jwt expired[39m
2026-02-08 17:44:24:4424 [35mhttp[39m: [35mGET /api/auth/profile 401 69 - 11.731 ms anonymous[39m
2026-02-08 17:44:24:4424 [35mhttp[39m: [35mGET /api/auth/profile 401 69 - 0.156 ms anonymous[39m
2026-02-08 17:44:24:4424 [31merror[39m: [31mAuthentication error: jwt expired[39m
2026-02-08 17:44:24:4424 [35mhttp[39m: [35mGET /api/auth/profile 401 69 - 16.938 ms anonymous[39m
2026-02-08 17:44:24:4424 [31merror[39m: [31mAuthentication error: jwt expired[39m
2026-02-08 17:44:24:4424 [35mhttp[39m: [35mGET /api/auth/profile 401 69 - 7.534 ms anonymous[39m
2026-02-08 17:44:24:4424 [35mhttp[39m: [35mGET /api/auth/profile 401 69 - 0.124 ms anonymous[39m
2026-02-08 17:44:24:4424 [31merror[39m: [31mAuthentication error: jwt expired[39m
2026-02-08 17:44:24:4424 [35mhttp[39m: [35mGET /api/auth/profile 401 69 - 7.867 ms anonymous[39m
2026-02-08 17:44:24:4424 [31merror[39m: [31mAuthentication error: jwt expired[39m
2026-02-08 17:44:24:4424 [35mhttp[39m: [35mGET /api/auth/profile 401 69 - 9.292 ms anonymous[39m
2026-02-08 17:44:24:4424 [31merror[39m: [31mAuthentication error: jwt expired[39m
2026-02-08 17:44:24:4424 [35mhttp[39m: [35mGET /api/auth/profile 401 69 - 8.504 ms anonymous[39m
2026-02-08 17:44:24:4424 [35mhttp[39m: [35mGET /api/auth/profile 401 69 - 0.082 ms anonymous[39m
2026-02-08 17:44:25:4425 [31merror[39m: [31mAuthentication error: jwt expired[39m
2026-02-08 17:44:25:4425 [35mhttp[39m: [35mGET /api/auth/profile 401 69 - 5.783 ms anonymous[39m
2026-02-08 17:44:25:4425 [35mhttp[39m: [35mGET /api/auth/profile 401 69 - 0.128 ms anonymous[39m
2026-02-08 17:44:25:4425 [31merror[39m: [31mAuthentication error: jwt expired[39m
2026-02-08 17:44:25:4425 [35mhttp[39m: [35mGET /api/auth/profile 401 69 - 12.631 ms anonymous[39m
2026-02-08 17:44:25:4425 [31merror[39m: [31mAuthentication error: jwt expired[39m
2026-02-08 17:44:25:4425 [35mhttp[39m: [35mGET /api/auth/profile 401 69 - 8.821 ms anonymous[39m
2026-02-08 17:44:25:4425 [35mhttp[39m: [35mGET /api/auth/profile 401 69 - 0.147 ms anonymous[39m
2026-02-08 17:44:25:4425 [31merror[39m: [31mAuthentication error: jwt expired[39m
2026-02-08 17:44:25:4425 [35mhttp[39m: [35mGET /api/auth/profile 401 69 - 12.057 ms anonymous[39m
2026-02-08 17:44:25:4425 [31merror[39m: [31mAuthentication error: jwt expired[39m
2026-02-08 17:44:25:4425 [35mhttp[39m: [35mGET /api/auth/profile 401 69 - 8.872 ms anonymous[39m
2026-02-08 17:44:25:4425 [35mhttp[39m: [35mGET /api/auth/profile 401 69 - 0.080 ms anonymous[39m
2026-02-08 17:44:25:4425 [31merror[39m: [31mAuthentication error: jwt expired[39m
2026-02-08 17:44:25:4425 [35mhttp[39m: [35mGET /api/auth/profile 401 69 - 4.493 ms anonymous[39m
2026-02-08 17:44:25:4425 [35mhttp[39m: [35mGET /api/auth/profile 401 69 - 0.325 ms anonymous[39m
2026-02-08 17:44:25:4425 [31merror[39m: [31mAuthentication error: jwt expired[39m
2026-02-08 17:44:25:4425 [35mhttp[39m: [35mGET /api/auth/profile 401 69 - 18.377 ms anonymous[39m
2026-02-08 17:44:25:4425 [31merror[39m: [31mAuthentication error: jwt expired[39m
2026-02-08 17:44:25:4425 [35mhttp[39m: [35mGET /api/auth/profile 401 69 - 5.548 ms anonymous[39m
2026-02-08 17:44:25:4425 [35mhttp[39m: [35mGET /api/auth/profile 401 69 - 0.125 ms anonymous[39m
2026-02-08 17:44:25:4425 [31merror[39m: [31mAuthentication error: jwt expired[39m
2026-02-08 17:44:25:4425 [35mhttp[39m: [35mGET /api/auth/profile 401 69 - 8.658 ms anonymous[39m
2026-02-08 17:44:25:4425 [31merror[39m: [31mAuthentication error: jwt expired[39m
2026-02-08 17:44:25:4425 [35mhttp[39m: [35mGET /api/auth/profile 401 69 - 10.987 ms anonymous[39m
2026-02-08 17:44:25:4425 [31merror[39m: [31mAuthentication error: jwt expired[39m
2026-02-08 17:44:25:4425 [35mhttp[39m: [35mGET /api/auth/profile 401 69 - 5.866 ms anonymous[39m
2026-02-08 17:44:25:4425 [35mhttp[39m: [35mGET /api/auth/profile 401 69 - 0.138 ms anonymous[39m
2026-02-08 17:44:25:4425 [31merror[39m: [31mAuthentication error: jwt expired[39m
2026-02-08 17:44:25:4425 [35mhttp[39m: [35mGET /api/auth/profile 401 69 - 14.131 ms anonymous[39m
2026-02-08 17:44:25:4425 [31merror[39m: [31mAuthentication error: jwt expired[39m
2026-02-08 17:44:25:4425 [35mhttp[39m: [35mGET /api/auth/profile 401 69 - 5.521 ms anonymous[39m
2026-02-08 17:44:25:4425 [35mhttp[39m: [35mGET /api/auth/profile 401 69 - 0.131 ms anonymous[39m
2026-02-08 17:44:25:4425 [31merror[39m: [31mAuthentication error: jwt expired[39m
2026-02-08 17:44:25:4425 [35mhttp[39m: [35mGET /api/auth/profile 401 69 - 6.653 ms anonymous[39m
2026-02-08 17:44:25:4425 [31merror[39m: [31mAuthentication error: jwt expired[39m
2026-02-08 17:44:25:4425 [35mhttp[39m: [35mGET /api/auth/profile 401 69 - 5.847 ms anonymous[39m
2026-02-08 17:44:25:4425 [35mhttp[39m: [35mGET /api/auth/profile 401 69 - 0.450 ms anonymous[39m
2026-02-08 17:44:25:4425 [31merror[39m: [31mAuthentication error: jwt expired[39m
2026-02-08 17:44:25:4425 [35mhttp[39m: [35mGET /api/auth/profile 401 69 - 5.183 ms anonymous[39m
2026-02-08 17:44:25:4425 [31merror[39m: [31mAuthentication error: jwt expired[39m
2026-02-08 17:44:25:4425 [35mhttp[39m: [35mGET /api/auth/profile 401 69 - 4.491 ms anonymous[39m
2026-02-08 17:44:25:4425 [35mhttp[39m: [35mGET /api/auth/profile 401 69 - 0.100 ms anonymous[39m
2026-02-08 17:44:25:4425 [31merror[39m: [31mAuthentication error: jwt expired[39m
2026-02-08 17:44:25:4425 [35mhttp[39m: [35mGET /api/auth/profile 401 69 - 12.426 ms anonymous[39m
2026-02-08 17:44:25:4425 [31merror[39m: [31mAuthentication error: jwt expired[39m
2026-02-08 17:44:25:4425 [35mhttp[39m: [35mGET /api/auth/profile 401 69 - 4.725 ms anonymous[39m
2026-02-08 17:44:25:4425 [35mhttp[39m: [35mGET /api/auth/profile 401 69 - 0.301 ms anonymous[39m
2026-02-08 17:44:25:4425 [31merror[39m: [31mAuthentication error: jwt expired[39m
2026-02-08 17:44:25:4425 [35mhttp[39m: [35mGET /api/auth/profile 401 69 - 7.129 ms anonymous[39m
2026-02-08 17:44:26:4426 [31merror[39m: [31mAuthentication error: jwt expired[39m
2026-02-08 17:44:26:4426 [35mhttp[39m: [35mGET /api/auth/profile 401 69 - 5.038 ms anonymous[39m
2026-02-08 17:44:26:4426 [35mhttp[39m: [35mGET /api/auth/profile 401 69 - 0.100 ms anonymous[39m
2026-02-08 17:44:26:4426 [31merror[39m: [31mAuthentication error: jwt expired[39m
2026-02-08 17:44:26:4426 [35mhttp[39m: [35mGET /api/auth/profile 401 69 - 5.455 ms anonymous[39m
2026-02-08 17:44:26:4426 [31merror[39m: [31mAuthentication error: jwt expired[39m
2026-02-08 17:44:26:4426 [35mhttp[39m: [35mGET /api/auth/profile 401 69 - 5.438 ms anonymous[39m
2026-02-08 17:44:26:4426 [35mhttp[39m: [35mGET /api/auth/profile 401 69 - 0.077 ms anonymous[39m
2026-02-08 17:44:26:4426 [31merror[39m: [31mAuthentication error: jwt expired[39m
2026-02-08 17:44:26:4426 [35mhttp[39m: [35mGET /api/auth/profile 401 69 - 4.970 ms anonymous[39m
2026-02-08 17:44:26:4426 [35mhttp[39m: [35mGET /api/auth/profile 401 69 - 0.168 ms anonymous[39m
2026-02-08 17:44:26:4426 [31merror[39m: [31mAuthentication error: jwt expired[39m
2026-02-08 17:44:26:4426 [35mhttp[39m: [35mGET /api/auth/profile 401 69 - 9.254 ms anonymous[39m
2026-02-08 17:44:26:4426 [31merror[39m: [31mAuthentication error: jwt expired[39m
2026-02-08 17:44:26:4426 [35mhttp[39m: [35mGET /api/auth/profile 401 69 - 4.951 ms anonymous[39m
2026-02-08 17:44:26:4426 [35mhttp[39m: [35mGET /api/auth/profile 401 69 - 0.132 ms anonymous[39m
2026-02-08 17:44:26:4426 [31merror[39m: [31mAuthentication error: jwt expired[39m
2026-02-08 17:44:26:4426 [35mhttp[39m: [35mGET /api/auth/profile 401 69 - 8.510 ms anonymous[39m
2026-02-08 17:44:26:4426 [31merror[39m: [31mAuthentication error: jwt expired[39m
2026-02-08 17:44:26:4426 [35mhttp[39m: [35mGET /api/auth/profile 401 69 - 6.932 ms anonymous[39m
2026-02-08 17:44:26:4426 [35mhttp[39m: [35mGET /api/auth/profile 401 69 - 0.143 ms anonymous[39m
2026-02-08 17:44:26:4426 [31merror[39m: [31mAuthentication error: jwt expired[39m
2026-02-08 17:44:26:4426 [35mhttp[39m: [35mGET /api/auth/profile 401 69 - 11.818 ms anonymous[39m
2026-02-08 17:44:26:4426 [31merror[39m: [31mAuthentication error: jwt expired[39m
2026-02-08 17:44:26:4426 [35mhttp[39m: [35mGET /api/auth/profile 401 69 - 5.912 ms anonymous[39m
2026-02-08 17:44:26:4426 [35mhttp[39m: [35mGET /api/auth/profile 401 69 - 0.382 ms anonymous[39m
2026-02-08 17:44:26:4426 [31merror[39m: [31mAuthentication error: jwt expired[39m
2026-02-08 17:44:26:4426 [35mhttp[39m: [35mGET /api/auth/profile 401 69 - 12.793 ms anonymous[39m
2026-02-08 17:44:26:4426 [31merror[39m: [31mAuthentication error: jwt expired[39m
2026-02-08 17:44:26:4426 [35mhttp[39m: [35mGET /api/auth/profile 401 69 - 5.236 ms anonymous[39m
2026-02-08 17:44:26:4426 [35mhttp[39m: [35mGET /api/auth/profile 401 69 - 0.105 ms anonymous[39m
2026-02-08 17:44:26:4426 [31merror[39m: [31mAuthentication error: jwt expired[39m
2026-02-08 17:44:26:4426 [35mhttp[39m: [35mGET /api/auth/profile 401 69 - 16.087 ms anonymous[39m
2026-02-08 17:44:26:4426 [31merror[39m: [31mAuthentication error: jwt expired[39m
2026-02-08 17:44:26:4426 [35mhttp[39m: [35mGET /api/auth/profile 401 69 - 11.336 ms anonymous[39m
2026-02-08 17:44:26:4426 [35mhttp[39m: [35mGET /api/auth/profile 401 69 - 0.383 ms anonymous[39m
2026-02-08 17:44:26:4426 [31merror[39m: [31mAuthentication error: jwt expired[39m
2026-02-08 17:44:26:4426 [35mhttp[39m: [35mGET /api/auth/profile 401 69 - 8.631 ms anonymous[39m
2026-02-08 17:44:26:4426 [31merror[39m: [31mAuthentication error: jwt expired[39m
2026-02-08 17:44:26:4426 [35mhttp[39m: [35mGET /api/auth/profile 401 69 - 7.982 ms anonymous[39m
2026-02-08 17:44:26:4426 [35mhttp[39m: [35mGET /api/auth/profile 401 69 - 0.090 ms anonymous[39m
2026-02-08 17:44:26:4426 [31merror[39m: [31mAuthentication error: jwt expired[39m
2026-02-08 17:44:26:4426 [35mhttp[39m: [35mGET /api/auth/profile 401 69 - 6.675 ms anonymous[39m
2026-02-08 17:44:26:4426 [31merror[39m: [31mAuthentication error: jwt expired[39m
2026-02-08 17:44:26:4426 [35mhttp[39m: [35mGET /api/auth/profile 401 69 - 8.769 ms anonymous[39m
2026-02-08 17:44:26:4426 [35mhttp[39m: [35mGET /api/auth/profile 401 69 - 0.076 ms anonymous[39m
2026-02-08 17:44:26:4426 [31merror[39m: [31mAuthentication error: jwt expired[39m
2026-02-08 17:44:26:4426 [35mhttp[39m: [35mGET /api/auth/profile 401 69 - 4.798 ms anonymous[39m
2026-02-08 17:44:27:4427 [35mhttp[39m: [35mGET /api/auth/profile 401 69 - 0.127 ms anonymous[39m
2026-02-08 17:44:27:4427 [31merror[39m: [31mAuthentication error: jwt expired[39m
2026-02-08 17:44:27:4427 [35mhttp[39m: [35mGET /api/auth/profile 401 69 - 8.625 ms anonymous[39m
2026-02-08 17:44:27:4427 [31merror[39m: [31mAuthentication error: jwt expired[39m
2026-02-08 17:44:27:4427 [35mhttp[39m: [35mGET /api/auth/profile 401 69 - 7.637 ms anonymous[39m
2026-02-08 17:44:27:4427 [35mhttp[39m: [35mGET /api/auth/profile 401 69 - 0.122 ms anonymous[39m
2026-02-08 17:44:27:4427 [31merror[39m: [31mAuthentication error: jwt expired[39m
2026-02-08 17:44:27:4427 [35mhttp[39m: [35mGET /api/auth/profile 401 69 - 9.547 ms anonymous[39m
2026-02-08 17:44:27:4427 [31merror[39m: [31mAuthentication error: jwt expired[39m
2026-02-08 17:44:27:4427 [35mhttp[39m: [35mGET /api/auth/profile 401 69 - 5.629 ms anonymous[39m
2026-02-08 17:44:27:4427 [35mhttp[39m: [35mGET /api/auth/profile 401 69 - 0.240 ms anonymous[39m
2026-02-08 17:44:27:4427 [31merror[39m: [31mAuthentication error: jwt expired[39m
2026-02-08 17:44:27:4427 [35mhttp[39m: [35mGET /api/auth/profile 401 69 - 7.543 ms anonymous[39m
2026-02-08 17:44:27:4427 [35mhttp[39m: [35mGET /api/auth/profile 401 69 - 0.162 ms anonymous[39m
2026-02-08 17:44:27:4427 [31merror[39m: [31mAuthentication error: jwt expired[39m
2026-02-08 17:44:27:4427 [35mhttp[39m: [35mGET /api/auth/profile 401 69 - 13.254 ms anonymous[39m
2026-02-08 17:44:27:4427 [31merror[39m: [31mAuthentication error: jwt expired[39m
2026-02-08 17:44:27:4427 [35mhttp[39m: [35mGET /api/auth/profile 401 69 - 5.690 ms anonymous[39m
2026-02-08 17:44:27:4427 [31merror[39m: [31mAuthentication error: jwt expired[39m
2026-02-08 17:44:27:4427 [35mhttp[39m: [35mGET /api/auth/profile 401 69 - 5.609 ms anonymous[39m
2026-02-08 17:44:27:4427 [35mhttp[39m: [35mGET /api/auth/profile 401 69 - 0.175 ms anonymous[39m
2026-02-08 17:44:27:4427 [31merror[39m: [31mAuthentication error: jwt expired[39m
2026-02-08 17:44:27:4427 [35mhttp[39m: [35mGET /api/auth/profile 401 69 - 19.431 ms anonymous[39m
2026-02-08 17:44:27:4427 [31merror[39m: [31mAuthentication error: jwt expired[39m
2026-02-08 17:44:27:4427 [35mhttp[39m: [35mGET /api/auth/profile 401 69 - 4.800 ms anonymous[39m
2026-02-08 17:44:27:4427 [35mhttp[39m: [35mGET /api/auth/profile 401 69 - 0.389 ms anonymous[39m
2026-02-08 17:44:27:4427 [31merror[39m: [31mAuthentication error: jwt expired[39m
2026-02-08 17:44:27:4427 [35mhttp[39m: [35mGET /api/auth/profile 401 69 - 13.494 ms anonymous[39m
2026-02-08 17:44:27:4427 [31merror[39m: [31mAuthentication error: jwt expired[39m
2026-02-08 17:44:27:4427 [35mhttp[39m: [35mGET /api/auth/profile 401 69 - 4.869 ms anonymous[39m
2026-02-08 17:44:27:4427 [35mhttp[39m: [35mGET /api/auth/profile 401 69 - 0.117 ms anonymous[39m
2026-02-08 17:44:27:4427 [31merror[39m: [31mAuthentication error: jwt expired[39m
2026-02-08 17:44:27:4427 [35mhttp[39m: [35mGET /api/auth/profile 401 69 - 13.497 ms anonymous[39m
2026-02-08 17:44:27:4427 [31merror[39m: [31mAuthentication error: jwt expired[39m
2026-02-08 17:44:27:4427 [35mhttp[39m: [35mGET /api/auth/profile 401 69 - 4.883 ms anonymous[39m
2026-02-08 17:44:27:4427 [35mhttp[39m: [35mGET /api/auth/profile 401 69 - 0.275 ms anonymous[39m
2026-02-08 17:44:27:4427 [31merror[39m: [31mAuthentication error: jwt expired[39m
2026-02-08 17:44:27:4427 [35mhttp[39m: [35mGET /api/auth/profile 401 69 - 20.761 ms anonymous[39m
2026-02-08 17:44:27:4427 [31merror[39m: [31mAuthentication error: jwt expired[39m
2026-02-08 17:44:27:4427 [35mhttp[39m: [35mGET /api/auth/profile 401 69 - 7.020 ms anonymous[39m
2026-02-08 17:44:27:4427 [35mhttp[39m: [35mGET /api/auth/profile 401 69 - 0.426 ms anonymous[39m
2026-02-08 17:44:27:4427 [31merror[39m: [31mAuthentication error: jwt expired[39m
2026-02-08 17:44:27:4427 [35mhttp[39m: [35mGET /api/auth/profile 401 69 - 5.337 ms anonymous[39m
2026-02-08 17:44:27:4427 [31merror[39m: [31mAuthentication error: jwt expired[39m
2026-02-08 17:44:27:4427 [35mhttp[39m: [35mGET /api/auth/profile 401 69 - 4.895 ms anonymous[39m
2026-02-08 17:44:27:4427 [35mhttp[39m: [35mGET /api/auth/profile 401 69 - 0.104 ms anonymous[39m
2026-02-08 17:44:27:4427 [31merror[39m: [31mAuthentication error: jwt expired[39m
2026-02-08 17:44:27:4427 [35mhttp[39m: [35mGET /api/auth/profile 401 69 - 14.918 ms anonymous[39m
2026-02-08 17:44:28:4428 [31merror[39m: [31mAuthentication error: jwt expired[39m
2026-02-08 17:44:28:4428 [35mhttp[39m: [35mGET /api/auth/profile 401 69 - 3.524 ms anonymous[39m
2026-02-08 17:44:28:4428 [35mhttp[39m: [35mGET /api/auth/profile 401 69 - 0.122 ms anonymous[39m
2026-02-08 17:44:28:4428 [35mhttp[39m: [35mGET /api/auth/profile 401 69 - 0.602 ms anonymous[39m
2026-02-08 17:44:28:4428 [31merror[39m: [31mAuthentication error: jwt expired[39m
2026-02-08 17:44:28:4428 [35mhttp[39m: [35mGET /api/auth/profile 401 69 - 8.989 ms anonymous[39m
2026-02-08 17:44:28:4428 [35mhttp[39m: [35mGET /api/auth/profile 401 69 - 0.110 ms anonymous[39m
2026-02-08 17:44:28:4428 [31merror[39m: [31mAuthentication error: jwt expired[39m
2026-02-08 17:44:28:4428 [35mhttp[39m: [35mGET /api/auth/profile 401 69 - 9.262 ms anonymous[39m
2026-02-08 17:44:28:4428 [35mhttp[39m: [35mGET /api/auth/profile 401 69 - 0.179 ms anonymous[39m
2026-02-08 17:44:28:4428 [31merror[39m: [31mAuthentication error: jwt expired[39m
2026-02-08 17:44:28:4428 [35mhttp[39m: [35mGET /api/auth/profile 401 69 - 11.507 ms anonymous[39m
2026-02-08 17:44:28:4428 [31merror[39m: [31mAuthentication error: jwt expired[39m
2026-02-08 17:44:28:4428 [35mhttp[39m: [35mGET /api/auth/profile 401 69 - 5.548 ms anonymous[39m
2026-02-08 17:44:28:4428 [35mhttp[39m: [35mGET /api/auth/profile 401 69 - 0.125 ms anonymous[39m
2026-02-08 17:44:28:4428 [31merror[39m: [31mAuthentication error: jwt expired[39m
2026-02-08 17:44:28:4428 [35mhttp[39m: [35mGET /api/auth/profile 401 69 - 11.811 ms anonymous[39m
2026-02-08 17:44:28:4428 [31merror[39m: [31mAuthentication error: jwt expired[39m
2026-02-08 17:44:28:4428 [35mhttp[39m: [35mGET /api/auth/profile 401 69 - 5.212 ms anonymous[39m
2026-02-08 17:44:28:4428 [35mhttp[39m: [35mGET /api/auth/profile 401 69 - 0.147 ms anonymous[39m
2026-02-08 17:44:28:4428 [31merror[39m: [31mAuthentication error: jwt expired[39m
2026-02-08 17:44:28:4428 [35mhttp[39m: [35mGET /api/auth/profile 401 69 - 6.099 ms anonymous[39m
2026-02-08 17:44:28:4428 [31merror[39m: [31mAuthentication error: jwt expired[39m
2026-02-08 17:44:28:4428 [35mhttp[39m: [35mGET /api/auth/profile 401 69 - 7.128 ms anonymous[39m
2026-02-08 17:44:28:4428 [35mhttp[39m: [35mGET /api/auth/profile 401 69 - 0.138 ms anonymous[39m
2026-02-08 17:44:28:4428 [31merror[39m: [31mAuthentication error: jwt expired[39m
2026-02-08 17:44:28:4428 [35mhttp[39m: [35mGET /api/auth/profile 401 69 - 4.989 ms anonymous[39m
2026-02-08 17:44:28:4428 [35mhttp[39m: [35mGET /api/auth/profile 401 69 - 0.237 ms anonymous[39m
2026-02-08 17:44:28:4428 [31merror[39m: [31mAuthentication error: jwt expired[39m
2026-02-08 17:44:28:4428 [35mhttp[39m: [35mGET /api/auth/profile 401 69 - 11.065 ms anonymous[39m
2026-02-08 17:44:28:4428 [31merror[39m: [31mAuthentication error: jwt expired[39m
2026-02-08 17:44:28:4428 [35mhttp[39m: [35mGET /api/auth/profile 401 69 - 4.409 ms anonymous[39m
2026-02-08 17:44:28:4428 [35mhttp[39m: [35mGET /api/auth/profile 401 69 - 0.154 ms anonymous[39m
2026-02-08 17:44:28:4428 [31merror[39m: [31mAuthentication error: jwt expired[39m
2026-02-08 17:44:28:4428 [35mhttp[39m: [35mGET /api/auth/profile 401 69 - 15.354 ms anonymous[39m
2026-02-08 17:44:28:4428 [31merror[39m: [31mAuthentication error: jwt expired[39m
2026-02-08 17:44:28:4428 [35mhttp[39m: [35mGET /api/auth/profile 401 69 - 5.595 ms anonymous[39m
2026-02-08 17:44:28:4428 [35mhttp[39m: [35mGET /api/auth/profile 401 69 - 0.112 ms anonymous[39m
2026-02-08 17:44:28:4428 [31merror[39m: [31mAuthentication error: jwt expired[39m
2026-02-08 17:44:28:4428 [35mhttp[39m: [35mGET /api/auth/profile 401 69 - 12.628 ms anonymous[39m
2026-02-08 17:44:28:4428 [31merror[39m: [31mAuthentication error: jwt expired[39m
2026-02-08 17:44:28:4428 [35mhttp[39m: [35mGET /api/auth/profile 401 69 - 6.146 ms anonymous[39m
2026-02-08 17:44:28:4428 [35mhttp[39m: [35mGET /api/auth/profile 401 69 - 0.158 ms anonymous[39m
2026-02-08 17:44:28:4428 [31merror[39m: [31mAuthentication error: jwt expired[39m
2026-02-08 17:44:29:4429 [35mhttp[39m: [35mGET /api/auth/profile 401 69 - 12.364 ms anonymous[39m
2026-02-08 17:44:29:4429 [31merror[39m: [31mAuthentication error: jwt expired[39m
2026-02-08 17:44:29:4429 [35mhttp[39m: [35mGET /api/auth/profile 401 69 - 5.311 ms anonymous[39m
2026-02-08 17:44:29:4429 [35mhttp[39m: [35mGET /api/auth/profile 401 69 - 0.290 ms anonymous[39m
2026-02-08 17:44:29:4429 [31merror[39m: [31mAuthentication error: jwt expired[39m
2026-02-08 17:44:29:4429 [35mhttp[39m: [35mGET /api/auth/profile 401 69 - 11.403 ms anonymous[39m
2026-02-08 17:44:29:4429 [31merror[39m: [31mAuthentication error: jwt expired[39m
2026-02-08 17:44:29:4429 [35mhttp[39m: [35mGET /api/auth/profile 401 69 - 5.682 ms anonymous[39m
2026-02-08 17:44:29:4429 [35mhttp[39m: [35mGET /api/auth/profile 401 69 - 0.107 ms anonymous[39m
2026-02-08 17:44:29:4429 [31merror[39m: [31mAuthentication error: jwt expired[39m
2026-02-08 17:44:29:4429 [35mhttp[39m: [35mGET /api/auth/profile 401 69 - 4.465 ms anonymous[39m
2026-02-08 17:44:29:4429 [31merror[39m: [31mAuthentication error: jwt expired[39m
2026-02-08 17:44:29:4429 [35mhttp[39m: [35mGET /api/auth/profile 401 69 - 5.164 ms anonymous[39m
2026-02-08 17:44:29:4429 [35mhttp[39m: [35mGET /api/auth/profile 401 69 - 0.095 ms anonymous[39m
2026-02-08 17:44:29:4429 [31merror[39m: [31mAuthentication error: jwt expired[39m
2026-02-08 17:44:29:4429 [35mhttp[39m: [35mGET /api/auth/profile 401 69 - 6.088 ms anonymous[39m
2026-02-08 17:44:29:4429 [31merror[39m: [31mAuthentication error: jwt expired[39m
2026-02-08 17:44:29:4429 [35mhttp[39m: [35mGET /api/auth/profile 401 69 - 7.057 ms anonymous[39m
2026-02-08 17:44:29:4429 [35mhttp[39m: [35mGET /api/auth/profile 401 69 - 0.101 ms anonymous[39m
2026-02-08 17:44:29:4429 [31merror[39m: [31mAuthentication error: jwt expired[39m
2026-02-08 17:44:29:4429 [35mhttp[39m: [35mGET /api/auth/profile 401 69 - 6.105 ms anonymous[39m
2026-02-08 17:44:29:4429 [35mhttp[39m: [35mGET /api/auth/profile 401 69 - 0.204 ms anonymous[39m
2026-02-08 17:44:29:4429 [31merror[39m: [31mAuthentication error: jwt expired[39m
2026-02-08 17:44:29:4429 [35mhttp[39m: [35mGET /api/auth/profile 401 69 - 10.068 ms anonymous[39m
2026-02-08 17:44:29:4429 [31merror[39m: [31mAuthentication error: jwt expired[39m
2026-02-08 17:44:29:4429 [35mhttp[39m: [35mGET /api/auth/profile 401 69 - 5.175 ms anonymous[39m
2026-02-08 17:44:29:4429 [35mhttp[39m: [35mGET /api/auth/profile 401 69 - 0.116 ms anonymous[39m
2026-02-08 17:44:29:4429 [31merror[39m: [31mAuthentication error: jwt expired[39m
2026-02-08 17:44:29:4429 [35mhttp[39m: [35mGET /api/auth/profile 401 69 - 10.002 ms anonymous[39m
2026-02-08 17:44:29:4429 [31merror[39m: [31mAuthentication error: jwt expired[39m
2026-02-08 17:44:29:4429 [35mhttp[39m: [35mGET /api/auth/profile 401 69 - 14.770 ms anonymous[39m
2026-02-08 17:44:29:4429 [35mhttp[39m: [35mGET /api/auth/profile 401 69 - 0.452 ms anonymous[39m
2026-02-08 17:44:29:4429 [31merror[39m: [31mAuthentication error: jwt expired[39m
2026-02-08 17:44:29:4429 [35mhttp[39m: [35mGET /api/auth/profile 401 69 - 12.641 ms anonymous[39m
2026-02-08 17:44:29:4429 [31merror[39m: [31mAuthentication error: jwt expired[39m
2026-02-08 17:44:29:4429 [35mhttp[39m: [35mGET /api/auth/profile 401 69 - 6.750 ms anonymous[39m
2026-02-08 17:44:29:4429 [35mhttp[39m: [35mGET /api/auth/profile 401 69 - 0.107 ms anonymous[39m
2026-02-08 17:44:29:4429 [31merror[39m: [31mAuthentication error: jwt expired[39m
2026-02-08 17:44:29:4429 [35mhttp[39m: [35mGET /api/auth/profile 401 69 - 13.777 ms anonymous[39m
2026-02-08 17:44:29:4429 [31merror[39m: [31mAuthentication error: jwt expired[39m
2026-02-08 17:44:29:4429 [35mhttp[39m: [35mGET /api/auth/profile 401 69 - 4.965 ms anonymous[39m
2026-02-08 17:44:29:4429 [35mhttp[39m: [35mGET /api/auth/profile 401 69 - 0.346 ms anonymous[39m
2026-02-08 17:44:29:4429 [31merror[39m: [31mAuthentication error: jwt expired[39m
2026-02-08 17:44:29:4429 [35mhttp[39m: [35mGET /api/auth/profile 401 69 - 20.951 ms anonymous[39m
2026-02-08 17:44:29:4429 [31merror[39m: [31mAuthentication error: jwt expired[39m
2026-02-08 17:44:29:4429 [35mhttp[39m: [35mGET /api/auth/profile 401 69 - 7.301 ms anonymous[39m
2026-02-08 17:44:29:4429 [35mhttp[39m: [35mGET /api/auth/profile 401 69 - 0.440 ms anonymous[39m
2026-02-08 17:44:29:4429 [31merror[39m: [31mAuthentication error: jwt expired[39m
2026-02-08 17:44:29:4429 [35mhttp[39m: [35mGET /api/auth/profile 401 69 - 12.422 ms anonymous[39m
2026-02-08 17:44:29:4429 [31merror[39m: [31mAuthentication error: jwt expired[39m
2026-02-08 17:44:29:4429 [35mhttp[39m: [35mGET /api/auth/profile 401 69 - 5.450 ms anonymous[39m
2026-02-08 17:44:29:4429 [35mhttp[39m: [35mGET /api/auth/profile 401 69 - 0.154 ms anonymous[39m
2026-02-08 17:44:30:4430 [31merror[39m: [31mAuthentication error: jwt expired[39m
2026-02-08 17:44:30:4430 [35mhttp[39m: [35mGET /api/auth/profile 401 69 - 15.823 ms anonymous[39m
2026-02-08 17:44:30:4430 [31merror[39m: [31mAuthentication error: jwt expired[39m
2026-02-08 17:44:30:4430 [35mhttp[39m: [35mGET /api/auth/profile 401 69 - 4.918 ms anonymous[39m
2026-02-08 17:44:30:4430 [35mhttp[39m: [35mGET /api/auth/profile 401 69 - 0.189 ms anonymous[39m
2026-02-08 17:44:30:4430 [31merror[39m: [31mAuthentication error: jwt expired[39m
2026-02-08 17:44:30:4430 [35mhttp[39m: [35mGET /api/auth/profile 401 69 - 7.547 ms anonymous[39m
2026-02-08 17:44:30:4430 [31merror[39m: [31mAuthentication error: jwt expired[39m
2026-02-08 17:44:30:4430 [35mhttp[39m: [35mGET /api/auth/profile 401 69 - 4.784 ms anonymous[39m
2026-02-08 17:44:30:4430 [35mhttp[39m: [35mGET /api/auth/profile 401 69 - 0.464 ms anonymous[39m
2026-02-08 17:44:30:4430 [31merror[39m: [31mAuthentication error: jwt expired[39m
2026-02-08 17:44:30:4430 [35mhttp[39m: [35mGET /api/auth/profile 401 69 - 15.891 ms anonymous[39m
2026-02-08 17:44:30:4430 [31merror[39m: [31mAuthentication error: jwt expired[39m
2026-02-08 17:44:30:4430 [35mhttp[39m: [35mGET /api/auth/profile 401 69 - 6.828 ms anonymous[39m
2026-02-08 17:44:30:4430 [35mhttp[39m: [35mGET /api/auth/profile 401 69 - 0.148 ms anonymous[39m
2026-02-08 17:44:30:4430 [31merror[39m: [31mAuthentication error: jwt expired[39m
2026-02-08 17:44:30:4430 [35mhttp[39m: [35mGET /api/auth/profile 401 69 - 20.086 ms anonymous[39m
2026-02-08 17:44:30:4430 [31merror[39m: [31mAuthentication error: jwt expired[39m
2026-02-08 17:44:30:4430 [35mhttp[39m: [35mGET /api/auth/profile 401 69 - 6.751 ms anonymous[39m
2026-02-08 17:44:30:4430 [31merror[39m: [31mAuthentication error: jwt expired[39m
2026-02-08 17:44:30:4430 [35mhttp[39m: [35mGET /api/auth/profile 401 69 - 10.368 ms anonymous[39m
2026-02-08 17:44:30:4430 [35mhttp[39m: [35mGET /api/auth/profile 401 69 - 0.522 ms anonymous[39m
2026-02-08 17:44:30:4430 [31merror[39m: [31mAuthentication error: jwt expired[39m
2026-02-08 17:44:30:4430 [35mhttp[39m: [35mGET /api/auth/profile 401 69 - 4.693 ms anonymous[39m
2026-02-08 17:44:30:4430 [31merror[39m: [31mAuthentication error: jwt expired[39m
2026-02-08 17:44:30:4430 [35mhttp[39m: [35mGET /api/auth/profile 401 69 - 4.972 ms anonymous[39m
2026-02-08 17:44:30:4430 [35mhttp[39m: [35mGET /api/auth/profile 401 69 - 0.065 ms anonymous[39m
2026-02-08 17:44:30:4430 [31merror[39m: [31mAuthentication error: jwt expired[39m
2026-02-08 17:44:30:4430 [35mhttp[39m: [35mGET /api/auth/profile 401 69 - 8.833 ms anonymous[39m
2026-02-08 17:44:30:4430 [35mhttp[39m: [35mGET /api/auth/profile 401 69 - 0.131 ms anonymous[39m
2026-02-08 17:44:30:4430 [31merror[39m: [31mAuthentication error: jwt expired[39m
2026-02-08 17:44:30:4430 [35mhttp[39m: [35mGET /api/auth/profile 401 69 - 16.178 ms anonymous[39m
2026-02-08 17:44:30:4430 [31merror[39m: [31mAuthentication error: jwt expired[39m
2026-02-08 17:44:30:4430 [35mhttp[39m: [35mGET /api/auth/profile 401 69 - 6.896 ms anonymous[39m
2026-02-08 17:44:30:4430 [35mhttp[39m: [35mGET /api/auth/profile 401 69 - 0.192 ms anonymous[39m
2026-02-08 17:44:30:4430 [31merror[39m: [31mAuthentication error: jwt expired[39m
2026-02-08 17:44:30:4430 [35mhttp[39m: [35mGET /api/auth/profile 401 69 - 9.769 ms anonymous[39m
2026-02-08 17:44:30:4430 [31merror[39m: [31mAuthentication error: jwt expired[39m
2026-02-08 17:44:30:4430 [35mhttp[39m: [35mGET /api/auth/profile 401 69 - 19.023 ms anonymous[39m
2026-02-08 17:44:30:4430 [35mhttp[39m: [35mGET /api/auth/profile 401 69 - 0.412 ms anonymous[39m
2026-02-08 17:44:30:4430 [31merror[39m: [31mAuthentication error: jwt expired[39m
2026-02-08 17:44:30:4430 [35mhttp[39m: [35mGET /api/auth/profile 401 69 - 38.267 ms anonymous[39m
2026-02-08 17:44:30:4430 [31merror[39m: [31mAuthentication error: jwt expired[39m
2026-02-08 17:44:30:4430 [35mhttp[39m: [35mGET /api/auth/profile 401 69 - 8.254 ms anonymous[39m
2026-02-08 17:44:30:4430 [35mhttp[39m: [35mGET /api/auth/profile 401 69 - 0.110 ms anonymous[39m
2026-02-08 17:44:31:4431 [31merror[39m: [31mAuthentication error: jwt expired[39m
2026-02-08 17:44:31:4431 [35mhttp[39m: [35mGET /api/auth/profile 401 69 - 21.015 ms anonymous[39m
2026-02-08 17:44:31:4431 [31merror[39m: [31mAuthentication error: jwt expired[39m
2026-02-08 17:44:31:4431 [35mhttp[39m: [35mGET /api/auth/profile 401 69 - 10.583 ms anonymous[39m
2026-02-08 17:44:31:4431 [35mhttp[39m: [35mGET /api/auth/profile 401 69 - 0.561 ms anonymous[39m
2026-02-08 17:44:31:4431 [31merror[39m: [31mAuthentication error: jwt expired[39m
2026-02-08 17:44:31:4431 [35mhttp[39m: [35mGET /api/auth/profile 401 69 - 11.067 ms anonymous[39m
2026-02-08 17:44:31:4431 [31merror[39m: [31mAuthentication error: jwt expired[39m
2026-02-08 17:44:31:4431 [35mhttp[39m: [35mGET /api/auth/profile 401 69 - 16.106 ms anonymous[39m
2026-02-08 17:44:31:4431 [35mhttp[39m: [35mGET /api/auth/profile 401 69 - 0.100 ms anonymous[39m
2026-02-08 17:44:31:4431 [31merror[39m: [31mAuthentication error: jwt expired[39m
2026-02-08 17:44:31:4431 [35mhttp[39m: [35mGET /api/auth/profile 401 69 - 14.130 ms anonymous[39m
2026-02-08 17:44:31:4431 [31merror[39m: [31mAuthentication error: jwt expired[39m
2026-02-08 17:44:31:4431 [35mhttp[39m: [35mGET /api/auth/profile 401 69 - 13.281 ms anonymous[39m
2026-02-08 17:44:31:4431 [35mhttp[39m: [35mGET /api/auth/profile 401 69 - 0.619 ms anonymous[39m
2026-02-08 17:44:31:4431 [31merror[39m: [31mAuthentication error: jwt expired[39m
2026-02-08 17:44:31:4431 [35mhttp[39m: [35mGET /api/auth/profile 401 69 - 18.700 ms anonymous[39m
2026-02-08 17:44:31:4431 [31merror[39m: [31mAuthentication error: jwt expired[39m
2026-02-08 17:44:31:4431 [35mhttp[39m: [35mGET /api/auth/profile 401 69 - 7.892 ms anonymous[39m
2026-02-08 17:44:31:4431 [35mhttp[39m: [35mGET /api/auth/profile 401 69 - 0.164 ms anonymous[39m
2026-02-08 17:44:31:4431 [31merror[39m: [31mAuthentication error: jwt expired[39m
2026-02-08 17:44:31:4431 [35mhttp[39m: [35mGET /api/auth/profile 401 69 - 20.019 ms anonymous[39m
2026-02-08 17:44:31:4431 [31merror[39m: [31mAuthentication error: jwt expired[39m
2026-02-08 17:44:31:4431 [35mhttp[39m: [35mGET /api/auth/profile 401 69 - 6.597 ms anonymous[39m
2026-02-08 17:44:31:4431 [35mhttp[39m: [35mGET /api/auth/profile 401 69 - 0.131 ms anonymous[39m
2026-02-08 17:44:31:4431 [31merror[39m: [31mAuthentication error: jwt expired[39m
2026-02-08 17:44:31:4431 [35mhttp[39m: [35mGET /api/auth/profile 401 69 - 15.078 ms anonymous[39m
2026-02-08 17:44:31:4431 [31merror[39m: [31mAuthentication error: jwt expired[39m
2026-02-08 17:44:31:4431 [35mhttp[39m: [35mGET /api/auth/profile 401 69 - 7.345 ms anonymous[39m
2026-02-08 17:44:31:4431 [35mhttp[39m: [35mGET /api/auth/profile 401 69 - 0.113 ms anonymous[39m
2026-02-08 17:44:31:4431 [31merror[39m: [31mAuthentication error: jwt expired[39m
2026-02-08 17:44:31:4431 [35mhttp[39m: [35mGET /api/auth/profile 401 69 - 14.168 ms anonymous[39m
2026-02-08 17:44:31:4431 [31merror[39m: [31mAuthentication error: jwt expired[39m
2026-02-08 17:44:31:4431 [35mhttp[39m: [35mGET /api/auth/profile 401 69 - 11.584 ms anonymous[39m
2026-02-08 17:44:31:4431 [35mhttp[39m: [35mGET /api/auth/profile 401 69 - 2.552 ms anonymous[39m
2026-02-08 17:44:31:4431 [31merror[39m: [31mAuthentication error: jwt expired[39m
2026-02-08 17:44:31:4431 [35mhttp[39m: [35mGET /api/auth/profile 401 69 - 21.144 ms anonymous[39m
2026-02-08 17:44:32:4432 [31merror[39m: [31mAuthentication error: jwt expired[39m
2026-02-08 17:44:32:4432 [35mhttp[39m: [35mGET /api/auth/profile 401 69 - 7.781 ms anonymous[39m
2026-02-08 17:44:32:4432 [35mhttp[39m: [35mGET /api/auth/profile 401 69 - 0.372 ms anonymous[39m
2026-02-08 17:44:32:4432 [31merror[39m: [31mAuthentication error: jwt expired[39m
2026-02-08 17:44:32:4432 [35mhttp[39m: [35mGET /api/auth/profile 401 69 - 16.822 ms anonymous[39m
2026-02-08 17:44:32:4432 [31merror[39m: [31mAuthentication error: jwt expired[39m
2026-02-08 17:44:32:4432 [35mhttp[39m: [35mGET /api/auth/profile 401 69 - 5.161 ms anonymous[39m
2026-02-08 17:44:32:4432 [35mhttp[39m: [35mGET /api/auth/profile 401 69 - 0.525 ms anonymous[39m
2026-02-08 17:44:32:4432 [31merror[39m: [31mAuthentication error: jwt expired[39m
2026-02-08 17:44:32:4432 [35mhttp[39m: [35mGET /api/auth/profile 401 69 - 24.007 ms anonymous[39m
2026-02-08 17:44:32:4432 [31merror[39m: [31mAuthentication error: jwt expired[39m
2026-02-08 17:44:32:4432 [35mhttp[39m: [35mGET /api/auth/profile 401 69 - 5.587 ms anonymous[39m
2026-02-08 17:44:32:4432 [35mhttp[39m: [35mGET /api/auth/profile 401 69 - 0.655 ms anonymous[39m
2026-02-08 17:44:32:4432 [31merror[39m: [31mAuthentication error: jwt expired[39m
2026-02-08 17:44:32:4432 [35mhttp[39m: [35mGET /api/auth/profile 401 69 - 16.805 ms anonymous[39m
2026-02-08 17:44:32:4432 [31merror[39m: [31mAuthentication error: jwt expired[39m
2026-02-08 17:44:32:4432 [35mhttp[39m: [35mGET /api/auth/profile 401 69 - 7.085 ms anonymous[39m
2026-02-08 17:44:32:4432 [35mhttp[39m: [35mGET /api/auth/profile 401 69 - 0.983 ms anonymous[39m
2026-02-08 17:44:32:4432 [31merror[39m: [31mAuthentication error: jwt expired[39m
2026-02-08 17:44:32:4432 [35mhttp[39m: [35mGET /api/auth/profile 401 69 - 13.802 ms anonymous[39m
2026-02-08 17:44:32:4432 [31merror[39m: [31mAuthentication error: jwt expired[39m
2026-02-08 17:44:32:4432 [35mhttp[39m: [35mGET /api/auth/profile 401 69 - 14.254 ms anonymous[39m
2026-02-08 17:44:32:4432 [35mhttp[39m: [35mGET /api/auth/profile 401 69 - 0.744 ms anonymous[39m
2026-02-08 17:44:32:4432 [31merror[39m: [31mAuthentication error: jwt expired[39m
2026-02-08 17:44:32:4432 [35mhttp[39m: [35mGET /api/auth/profile 401 69 - 26.016 ms anonymous[39m
2026-02-08 17:44:32:4432 [31merror[39m: [31mAuthentication error: jwt expired[39m
2026-02-08 17:44:32:4432 [35mhttp[39m: [35mGET /api/auth/profile 401 69 - 7.462 ms anonymous[39m
2026-02-08 17:44:32:4432 [35mhttp[39m: [35mGET /api/auth/profile 401 69 - 0.237 ms anonymous[39m
2026-02-08 17:44:32:4432 [31merror[39m: [31mAuthentication error: jwt expired[39m
2026-02-08 17:44:32:4432 [35mhttp[39m: [35mGET /api/auth/profile 401 69 - 15.258 ms anonymous[39m
2026-02-08 17:44:32:4432 [31merror[39m: [31mAuthentication error: jwt expired[39m
2026-02-08 17:44:32:4432 [35mhttp[39m: [35mGET /api/auth/profile 401 69 - 6.841 ms anonymous[39m
2026-02-08 17:44:32:4432 [35mhttp[39m: [35mGET /api/auth/profile 401 69 - 0.421 ms anonymous[39m
2026-02-08 17:44:32:4432 [31merror[39m: [31mAuthentication error: jwt expired[39m
2026-02-08 17:44:32:4432 [35mhttp[39m: [35mGET /api/auth/profile 401 69 - 16.817 ms anonymous[39m
2026-02-08 17:44:32:4432 [31merror[39m: [31mAuthentication error: jwt expired[39m
2026-02-08 17:44:32:4432 [35mhttp[39m: [35mGET /api/auth/profile 401 69 - 8.785 ms anonymous[39m
2026-02-08 17:44:32:4432 [35mhttp[39m: [35mGET /api/auth/profile 401 69 - 0.606 ms anonymous[39m
2026-02-08 17:44:32:4432 [31merror[39m: [31mAuthentication error: jwt expired[39m
2026-02-08 17:44:32:4432 [35mhttp[39m: [35mGET /api/auth/profile 401 69 - 12.880 ms anonymous[39m
2026-02-08 17:44:32:4432 [31merror[39m: [31mAuthentication error: jwt expired[39m
2026-02-08 17:44:32:4432 [35mhttp[39m: [35mGET /api/auth/profile 401 69 - 5.066 ms anonymous[39m
2026-02-08 17:44:32:4432 [35mhttp[39m: [35mGET /api/auth/profile 401 69 - 0.283 ms anonymous[39m
2026-02-08 17:44:32:4432 [31merror[39m: [31mAuthentication error: jwt expired[39m
2026-02-08 17:44:32:4432 [35mhttp[39m: [35mGET /api/auth/profile 401 69 - 12.212 ms anonymous[39m
2026-02-08 17:44:32:4432 [31merror[39m: [31mAuthentication error: jwt expired[39m
2026-02-08 17:44:32:4432 [35mhttp[39m: [35mGET /api/auth/profile 401 69 - 17.677 ms anonymous[39m
2026-02-08 17:44:32:4432 [35mhttp[39m: [35mGET /api/auth/profile 401 69 - 0.251 ms anonymous[39m
2026-02-08 17:44:33:4433 [31merror[39m: [31mAuthentication error: jwt expired[39m
2026-02-08 17:44:33:4433 [35mhttp[39m: [35mGET /api/auth/profile 401 69 - 11.240 ms anonymous[39m
2026-02-08 17:44:33:4433 [31merror[39m: [31mAuthentication error: jwt expired[39m
2026-02-08 17:44:33:4433 [35mhttp[39m: [35mGET /api/auth/profile 401 69 - 4.588 ms anonymous[39m
2026-02-08 17:44:33:4433 [35mhttp[39m: [35mGET /api/auth/profile 401 69 - 0.170 ms anonymous[39m
2026-02-08 17:44:33:4433 [31merror[39m: [31mAuthentication error: jwt expired[39m
2026-02-08 17:44:33:4433 [35mhttp[39m: [35mGET /api/auth/profile 401 69 - 15.290 ms anonymous[39m
2026-02-08 17:44:33:4433 [31merror[39m: [31mAuthentication error: jwt expired[39m
2026-02-08 17:44:33:4433 [35mhttp[39m: [35mGET /api/auth/profile 401 69 - 4.801 ms anonymous[39m
2026-02-08 17:44:33:4433 [35mhttp[39m: [35mGET /api/auth/profile 401 69 - 0.150 ms anonymous[39m
2026-02-08 17:44:33:4433 [31merror[39m: [31mAuthentication error: jwt expired[39m
2026-02-08 17:44:33:4433 [35mhttp[39m: [35mGET /api/auth/profile 401 69 - 17.528 ms anonymous[39m
2026-02-08 17:44:33:4433 [31merror[39m: [31mAuthentication error: jwt expired[39m
2026-02-08 17:44:33:4433 [35mhttp[39m: [35mGET /api/auth/profile 401 69 - 4.911 ms anonymous[39m
2026-02-08 17:44:33:4433 [35mhttp[39m: [35mGET /api/auth/profile 401 69 - 0.111 ms anonymous[39m
2026-02-08 17:44:33:4433 [31merror[39m: [31mAuthentication error: jwt expired[39m
2026-02-08 17:44:33:4433 [35mhttp[39m: [35mGET /api/auth/profile 401 69 - 16.797 ms anonymous[39m
2026-02-08 17:44:33:4433 [31merror[39m: [31mAuthentication error: jwt expired[39m
2026-02-08 17:44:33:4433 [35mhttp[39m: [35mGET /api/auth/profile 401 69 - 5.587 ms anonymous[39m
2026-02-08 17:44:33:4433 [35mhttp[39m: [35mGET /api/auth/profile 401 69 - 0.526 ms anonymous[39m
2026-02-08 17:44:33:4433 [31merror[39m: [31mAuthentication error: jwt expired[39m
2026-02-08 17:44:33:4433 [35mhttp[39m: [35mGET /api/auth/profile 401 69 - 13.273 ms anonymous[39m
2026-02-08 17:44:33:4433 [31merror[39m: [31mAuthentication error: jwt expired[39m
2026-02-08 17:44:33:4433 [35mhttp[39m: [35mGET /api/auth/profile 401 69 - 4.518 ms anonymous[39m
2026-02-08 17:44:33:4433 [35mhttp[39m: [35mGET /api/auth/profile 401 69 - 0.353 ms anonymous[39m
2026-02-08 17:44:33:4433 [31merror[39m: [31mAuthentication error: jwt expired[39m
2026-02-08 17:44:33:4433 [35mhttp[39m: [35mGET /api/auth/profile 401 69 - 14.451 ms anonymous[39m
2026-02-08 17:44:33:4433 [31merror[39m: [31mAuthentication error: jwt expired[39m
2026-02-08 17:44:33:4433 [35mhttp[39m: [35mGET /api/auth/profile 401 69 - 7.151 ms anonymous[39m
2026-02-08 17:44:33:4433 [35mhttp[39m: [35mGET /api/auth/profile 401 69 - 0.213 ms anonymous[39m
2026-02-08 17:44:33:4433 [31merror[39m: [31mAuthentication error: jwt expired[39m
2026-02-08 17:44:33:4433 [35mhttp[39m: [35mGET /api/auth/profile 401 69 - 6.681 ms anonymous[39m
2026-02-08 17:44:33:4433 [31merror[39m: [31mAuthentication error: jwt expired[39m
2026-02-08 17:44:33:4433 [35mhttp[39m: [35mGET /api/auth/profile 401 69 - 4.471 ms anonymous[39m
2026-02-08 17:44:33:4433 [35mhttp[39m: [35mGET /api/auth/profile 401 69 - 0.160 ms anonymous[39m
2026-02-08 17:44:33:4433 [31merror[39m: [31mAuthentication error: jwt expired[39m
2026-02-08 17:44:33:4433 [35mhttp[39m: [35mGET /api/auth/profile 401 69 - 18.261 ms anonymous[39m
2026-02-08 17:44:33:4433 [35mhttp[39m: [35mGET /api/auth/profile 401 69 - 0.136 ms anonymous[39m
2026-02-08 17:44:33:4433 [31merror[39m: [31mAuthentication error: jwt expired[39m
2026-02-08 17:44:33:4433 [35mhttp[39m: [35mGET /api/auth/profile 401 69 - 6.375 ms anonymous[39m
2026-02-08 17:44:33:4433 [35mhttp[39m: [35mGET /api/auth/profile 401 69 - 0.163 ms anonymous[39m
2026-02-08 17:44:33:4433 [31merror[39m: [31mAuthentication error: jwt expired[39m
2026-02-08 17:44:33:4433 [35mhttp[39m: [35mGET /api/auth/profile 401 69 - 12.941 ms anonymous[39m
2026-02-08 17:44:33:4433 [31merror[39m: [31mAuthentication error: jwt expired[39m
2026-02-08 17:44:34:4434 [35mhttp[39m: [35mGET /api/auth/profile 401 69 - 6.531 ms anonymous[39m
2026-02-08 17:44:34:4434 [35mhttp[39m: [35mGET /api/auth/profile 401 69 - 0.202 ms anonymous[39m
2026-02-08 17:44:34:4434 [31merror[39m: [31mAuthentication error: jwt expired[39m
2026-02-08 17:44:34:4434 [35mhttp[39m: [35mGET /api/auth/profile 401 69 - 14.243 ms anonymous[39m
2026-02-08 17:44:34:4434 [31merror[39m: [31mAuthentication error: jwt expired[39m
2026-02-08 17:44:34:4434 [35mhttp[39m: [35mGET /api/auth/profile 401 69 - 12.900 ms anonymous[39m
2026-02-08 17:44:34:4434 [35mhttp[39m: [35mGET /api/auth/profile 401 69 - 0.142 ms anonymous[39m
2026-02-08 17:44:34:4434 [31merror[39m: [31mAuthentication error: jwt expired[39m
2026-02-08 17:44:34:4434 [35mhttp[39m: [35mGET /api/auth/profile 401 69 - 7.892 ms anonymous[39m
2026-02-08 17:44:34:4434 [35mhttp[39m: [35mGET /api/auth/profile 401 69 - 0.108 ms anonymous[39m
2026-02-08 17:44:34:4434 [31merror[39m: [31mAuthentication error: jwt expired[39m
2026-02-08 17:44:34:4434 [35mhttp[39m: [35mGET /api/auth/profile 401 69 - 9.062 ms anonymous[39m
2026-02-08 17:44:34:4434 [35mhttp[39m: [35mGET /api/auth/profile 401 69 - 0.078 ms anonymous[39m
2026-02-08 17:44:34:4434 [35mhttp[39m: [35mGET /api/auth/profile 401 69 - 0.177 ms anonymous[39m
2026-02-08 17:44:34:4434 [31merror[39m: [31mAuthentication error: jwt expired[39m
2026-02-08 17:44:34:4434 [35mhttp[39m: [35mGET /api/auth/profile 401 69 - 13.217 ms anonymous[39m
2026-02-08 17:44:34:4434 [35mhttp[39m: [35mGET /api/auth/profile 401 69 - 0.331 ms anonymous[39m
2026-02-08 17:44:34:4434 [31merror[39m: [31mAuthentication error: jwt expired[39m
2026-02-08 17:44:34:4434 [35mhttp[39m: [35mGET /api/auth/profile 401 69 - 28.776 ms anonymous[39m
2026-02-08 17:44:34:4434 [35mhttp[39m: [35mGET /api/auth/profile 401 69 - 0.636 ms anonymous[39m
2026-02-08 17:44:34:4434 [31merror[39m: [31mAuthentication error: jwt expired[39m
2026-02-08 17:44:34:4434 [35mhttp[39m: [35mGET /api/auth/profile 401 69 - 15.804 ms anonymous[39m
2026-02-08 17:44:34:4434 [35mhttp[39m: [35mGET /api/auth/profile 401 69 - 0.119 ms anonymous[39m
2026-02-08 17:44:34:4434 [31merror[39m: [31mAuthentication error: jwt expired[39m
2026-02-08 17:44:34:4434 [35mhttp[39m: [35mGET /api/auth/profile 401 69 - 8.709 ms anonymous[39m
2026-02-08 17:44:34:4434 [35mhttp[39m: [35mGET /api/auth/profile 401 69 - 0.071 ms anonymous[39m
2026-02-08 17:44:34:4434 [35mhttp[39m: [35mGET /api/auth/profile 401 69 - 0.206 ms anonymous[39m
2026-02-08 17:44:34:4434 [31merror[39m: [31mAuthentication error: jwt expired[39m
2026-02-08 17:44:34:4434 [35mhttp[39m: [35mGET /api/auth/profile 401 69 - 11.880 ms anonymous[39m
2026-02-08 17:44:34:4434 [35mhttp[39m: [35mGET /api/auth/profile 401 69 - 0.297 ms anonymous[39m
2026-02-08 17:44:34:4434 [31merror[39m: [31mAuthentication error: jwt expired[39m
2026-02-08 17:44:34:4434 [35mhttp[39m: [35mGET /api/auth/profile 401 69 - 21.109 ms anonymous[39m
2026-02-08 17:44:34:4434 [35mhttp[39m: [35mGET /api/auth/profile 401 69 - 0.133 ms anonymous[39m
2026-02-08 17:44:34:4434 [31merror[39m: [31mAuthentication error: jwt expired[39m
2026-02-08 17:44:34:4434 [35mhttp[39m: [35mGET /api/auth/profile 401 69 - 12.986 ms anonymous[39m
2026-02-08 17:44:34:4434 [35mhttp[39m: [35mGET /api/auth/profile 401 69 - 0.153 ms anonymous[39m
2026-02-08 17:44:34:4434 [31merror[39m: [31mAuthentication error: jwt expired[39m
2026-02-08 17:44:34:4434 [35mhttp[39m: [35mGET /api/auth/profile 401 69 - 9.557 ms anonymous[39m
2026-02-08 17:44:34:4434 [35mhttp[39m: [35mGET /api/auth/profile 401 69 - 0.157 ms anonymous[39m
2026-02-08 17:44:34:4434 [31merror[39m: [31mAuthentication error: jwt expired[39m
2026-02-08 17:44:34:4434 [35mhttp[39m: [35mGET /api/auth/profile 401 69 - 9.004 ms anonymous[39m
2026-02-08 17:44:34:4434 [35mhttp[39m: [35mGET /api/auth/profile 401 69 - 0.090 ms anonymous[39m
2026-02-08 17:44:34:4434 [31merror[39m: [31mAuthentication error: jwt expired[39m
2026-02-08 17:44:34:4434 [35mhttp[39m: [35mGET /api/auth/profile 401 69 - 12.249 ms anonymous[39m
2026-02-08 17:44:34:4434 [35mhttp[39m: [35mGET /api/auth/profile 401 69 - 0.071 ms anonymous[39m
2026-02-08 17:44:35:4435 [31merror[39m: [31mAuthentication error: jwt expired[39m
2026-02-08 17:44:35:4435 [35mhttp[39m: [35mGET /api/auth/profile 401 69 - 5.589 ms anonymous[39m
2026-02-08 17:44:35:4435 [35mhttp[39m: [35mGET /api/auth/profile 401 69 - 0.216 ms anonymous[39m
2026-02-08 17:44:35:4435 [35mhttp[39m: [35mGET /api/auth/profile 401 69 - 0.576 ms anonymous[39m
2026-02-08 17:44:35:4435 [31merror[39m: [31mAuthentication error: jwt expired[39m
2026-02-08 17:44:35:4435 [35mhttp[39m: [35mGET /api/auth/profile 401 69 - 16.790 ms anonymous[39m
2026-02-08 17:44:35:4435 [35mhttp[39m: [35mGET /api/auth/profile 401 69 - 0.423 ms anonymous[39m
2026-02-08 17:44:35:4435 [31merror[39m: [31mAuthentication error: jwt expired[39m
2026-02-08 17:44:35:4435 [35mhttp[39m: [35mGET /api/auth/profile 401 69 - 15.489 ms anonymous[39m
2026-02-08 17:44:35:4435 [35mhttp[39m: [35mGET /api/auth/profile 401 69 - 0.233 ms anonymous[39m
2026-02-08 17:44:35:4435 [31merror[39m: [31mAuthentication error: jwt expired[39m
2026-02-08 17:44:35:4435 [35mhttp[39m: [35mGET /api/auth/profile 401 69 - 9.796 ms anonymous[39m
2026-02-08 17:44:35:4435 [35mhttp[39m: [35mGET /api/auth/profile 401 69 - 0.327 ms anonymous[39m
2026-02-08 17:44:35:4435 [31merror[39m: [31mAuthentication error: jwt expired[39m
2026-02-08 17:44:35:4435 [35mhttp[39m: [35mGET /api/auth/profile 401 69 - 8.870 ms anonymous[39m
2026-02-08 17:44:35:4435 [35mhttp[39m: [35mGET /api/auth/profile 401 69 - 0.626 ms anonymous[39m
2026-02-08 17:44:35:4435 [35mhttp[39m: [35mGET /api/auth/profile 401 69 - 0.146 ms anonymous[39m
2026-02-08 17:44:35:4435 [31merror[39m: [31mAuthentication error: jwt expired[39m
2026-02-08 17:44:35:4435 [35mhttp[39m: [35mGET /api/auth/profile 401 69 - 13.137 ms anonymous[39m
2026-02-08 17:44:35:4435 [35mhttp[39m: [35mGET /api/auth/profile 401 69 - 0.395 ms anonymous[39m
2026-02-08 17:44:35:4435 [31merror[39m: [31mAuthentication error: jwt expired[39m
2026-02-08 17:44:35:4435 [35mhttp[39m: [35mGET /api/auth/profile 401 69 - 13.638 ms anonymous[39m
2026-02-08 17:44:35:4435 [35mhttp[39m: [35mGET /api/auth/profile 401 69 - 0.455 ms anonymous[39m
2026-02-08 17:44:35:4435 [31merror[39m: [31mAuthentication error: jwt expired[39m
2026-02-08 17:44:35:4435 [35mhttp[39m: [35mGET /api/auth/profile 401 69 - 10.891 ms anonymous[39m
2026-02-08 17:44:35:4435 [35mhttp[39m: [35mGET /api/auth/profile 401 69 - 0.434 ms anonymous[39m
2026-02-08 17:44:35:4435 [31merror[39m: [31mAuthentication error: jwt expired[39m
2026-02-08 17:44:35:4435 [35mhttp[39m: [35mGET /api/auth/profile 401 69 - 16.699 ms anonymous[39m
2026-02-08 17:44:35:4435 [35mhttp[39m: [35mGET /api/auth/profile 401 69 - 0.092 ms anonymous[39m
2026-02-08 17:44:35:4435 [31merror[39m: [31mAuthentication error: jwt expired[39m
2026-02-08 17:44:35:4435 [35mhttp[39m: [35mGET /api/auth/profile 401 69 - 12.335 ms anonymous[39m
2026-02-08 17:44:35:4435 [35mhttp[39m: [35mGET /api/auth/profile 401 69 - 0.399 ms anonymous[39m
2026-02-08 17:44:35:4435 [31merror[39m: [31mAuthentication error: jwt expired[39m
2026-02-08 17:44:35:4435 [35mhttp[39m: [35mGET /api/auth/profile 401 69 - 10.236 ms anonymous[39m
2026-02-08 17:44:35:4435 [35mhttp[39m: [35mGET /api/auth/profile 401 69 - 0.082 ms anonymous[39m
2026-02-08 17:44:35:4435 [35mhttp[39m: [35mGET /api/auth/profile 401 69 - 0.266 ms anonymous[39m
2026-02-08 17:44:35:4435 [31merror[39m: [31mAuthentication error: jwt expired[39m
2026-02-08 17:44:35:4435 [35mhttp[39m: [35mGET /api/auth/profile 401 69 - 12.254 ms anonymous[39m
2026-02-08 17:44:35:4435 [35mhttp[39m: [35mGET /api/auth/profile 401 69 - 0.506 ms anonymous[39m
2026-02-08 17:44:35:4435 [31merror[39m: [31mAuthentication error: jwt expired[39m
2026-02-08 17:44:35:4435 [35mhttp[39m: [35mGET /api/auth/profile 401 69 - 17.731 ms anonymous[39m
2026-02-08 17:44:35:4435 [35mhttp[39m: [35mGET /api/auth/profile 401 69 - 0.191 ms anonymous[39m
2026-02-08 17:44:35:4435 [31merror[39m: [31mAuthentication error: jwt expired[39m
2026-02-08 17:44:35:4435 [35mhttp[39m: [35mGET /api/auth/profile 401 69 - 13.871 ms anonymous[39m
2026-02-08 17:44:35:4435 [35mhttp[39m: [35mGET /api/auth/profile 401 69 - 0.319 ms anonymous[39m
2026-02-08 17:44:35:4435 [31merror[39m: [31mAuthentication error: jwt expired[39m
2026-02-08 17:44:36:4436 [35mhttp[39m: [35mGET /api/auth/profile 401 69 - 29.387 ms anonymous[39m
2026-02-08 17:44:36:4436 [35mhttp[39m: [35mGET /api/auth/profile 401 69 - 0.346 ms anonymous[39m
2026-02-08 17:44:36:4436 [31merror[39m: [31mAuthentication error: jwt expired[39m
2026-02-08 17:44:36:4436 [35mhttp[39m: [35mGET /api/auth/profile 401 69 - 4.632 ms anonymous[39m
2026-02-08 17:44:36:4436 [35mhttp[39m: [35mGET /api/auth/profile 401 69 - 0.100 ms anonymous[39m
2026-02-08 17:44:36:4436 [31merror[39m: [31mAuthentication error: jwt expired[39m
2026-02-08 17:44:36:4436 [35mhttp[39m: [35mGET /api/auth/profile 401 69 - 12.349 ms anonymous[39m
2026-02-08 17:44:36:4436 [35mhttp[39m: [35mGET /api/auth/profile 401 69 - 0.175 ms anonymous[39m
2026-02-08 17:44:36:4436 [31merror[39m: [31mAuthentication error: jwt expired[39m
2026-02-08 17:44:36:4436 [35mhttp[39m: [35mGET /api/auth/profile 401 69 - 9.890 ms anonymous[39m
2026-02-08 17:44:36:4436 [35mhttp[39m: [35mGET /api/auth/profile 401 69 - 0.090 ms anonymous[39m
2026-02-08 17:44:36:4436 [31merror[39m: [31mAuthentication error: jwt expired[39m
2026-02-08 17:44:36:4436 [35mhttp[39m: [35mGET /api/auth/profile 401 69 - 9.547 ms anonymous[39m
2026-02-08 17:44:36:4436 [35mhttp[39m: [35mGET /api/auth/profile 401 69 - 0.079 ms anonymous[39m
2026-02-08 17:44:36:4436 [31merror[39m: [31mAuthentication error: jwt expired[39m
2026-02-08 17:44:36:4436 [35mhttp[39m: [35mGET /api/auth/profile 401 69 - 8.278 ms anonymous[39m
2026-02-08 17:44:36:4436 [35mhttp[39m: [35mGET /api/auth/profile 401 69 - 0.157 ms anonymous[39m
2026-02-08 17:44:36:4436 [31merror[39m: [31mAuthentication error: jwt expired[39m
2026-02-08 17:44:36:4436 [35mhttp[39m: [35mGET /api/auth/profile 401 69 - 9.677 ms anonymous[39m
2026-02-08 17:44:36:4436 [35mhttp[39m: [35mGET /api/auth/profile 401 69 - 0.242 ms anonymous[39m
2026-02-08 17:44:36:4436 [31merror[39m: [31mAuthentication error: jwt expired[39m
2026-02-08 17:44:36:4436 [35mhttp[39m: [35mGET /api/auth/profile 401 69 - 8.834 ms anonymous[39m
2026-02-08 17:44:36:4436 [35mhttp[39m: [35mGET /api/auth/profile 401 69 - 0.084 ms anonymous[39m
2026-02-08 17:44:36:4436 [31merror[39m: [31mAuthentication error: jwt expired[39m
2026-02-08 17:44:36:4436 [35mhttp[39m: [35mGET /api/auth/profile 401 69 - 18.516 ms anonymous[39m
2026-02-08 17:44:36:4436 [35mhttp[39m: [35mGET /api/auth/profile 401 69 - 0.250 ms anonymous[39m
2026-02-08 17:44:36:4436 [35mhttp[39m: [35mGET /api/auth/profile 401 69 - 0.169 ms anonymous[39m
2026-02-08 17:44:36:4436 [31merror[39m: [31mAuthentication error: jwt expired[39m
2026-02-08 17:44:36:4436 [35mhttp[39m: [35mGET /api/auth/profile 401 69 - 23.550 ms anonymous[39m
2026-02-08 17:44:36:4436 [35mhttp[39m: [35mGET /api/auth/profile 401 69 - 0.573 ms anonymous[39m
2026-02-08 17:44:36:4436 [31merror[39m: [31mAuthentication error: jwt expired[39m
2026-02-08 17:44:36:4436 [35mhttp[39m: [35mGET /api/auth/profile 401 69 - 19.243 ms anonymous[39m
2026-02-08 17:44:36:4436 [35mhttp[39m: [35mGET /api/auth/profile 401 69 - 0.624 ms anonymous[39m
2026-02-08 17:44:36:4436 [31merror[39m: [31mAuthentication error: jwt expired[39m
2026-02-08 17:44:36:4436 [35mhttp[39m: [35mGET /api/auth/profile 401 69 - 16.844 ms anonymous[39m
2026-02-08 17:44:36:4436 [35mhttp[39m: [35mGET /api/auth/profile 401 69 - 0.121 ms anonymous[39m
2026-02-08 17:44:36:4436 [31merror[39m: [31mAuthentication error: jwt expired[39m
2026-02-08 17:44:36:4436 [35mhttp[39m: [35mGET /api/auth/profile 401 69 - 9.409 ms anonymous[39m
2026-02-08 17:44:36:4436 [35mhttp[39m: [35mGET /api/auth/profile 401 69 - 0.114 ms anonymous[39m
2026-02-08 17:44:36:4436 [31merror[39m: [31mAuthentication error: jwt expired[39m
2026-02-08 17:44:36:4436 [35mhttp[39m: [35mGET /api/auth/profile 401 69 - 7.666 ms anonymous[39m
2026-02-08 17:44:36:4436 [35mhttp[39m: [35mGET /api/auth/profile 401 69 - 0.076 ms anonymous[39m
2026-02-08 17:44:37:4437 [35mhttp[39m: [35mGET /api/auth/profile 401 69 - 0.145 ms anonymous[39m
2026-02-08 17:44:37:4437 [31merror[39m: [31mAuthentication error: jwt expired[39m
2026-02-08 17:44:37:4437 [35mhttp[39m: [35mGET /api/auth/profile 401 69 - 21.950 ms anonymous[39m
2026-02-08 17:44:37:4437 [35mhttp[39m: [35mGET /api/auth/profile 401 69 - 0.209 ms anonymous[39m
2026-02-08 17:44:37:4437 [31merror[39m: [31mAuthentication error: jwt expired[39m
2026-02-08 17:44:37:4437 [35mhttp[39m: [35mGET /api/auth/profile 401 69 - 10.855 ms anonymous[39m
2026-02-08 17:44:37:4437 [35mhttp[39m: [35mGET /api/auth/profile 401 69 - 0.281 ms anonymous[39m
2026-02-08 17:44:37:4437 [31merror[39m: [31mAuthentication error: jwt expired[39m
2026-02-08 17:44:37:4437 [35mhttp[39m: [35mGET /api/auth/profile 401 69 - 8.062 ms anonymous[39m
2026-02-08 17:44:37:4437 [35mhttp[39m: [35mGET /api/auth/profile 401 69 - 0.072 ms anonymous[39m
2026-02-08 17:44:37:4437 [35mhttp[39m: [35mGET /api/auth/profile 401 69 - 0.136 ms anonymous[39m
2026-02-08 17:44:37:4437 [31merror[39m: [31mAuthentication error: jwt expired[39m
2026-02-08 17:44:37:4437 [35mhttp[39m: [35mGET /api/auth/profile 401 69 - 15.133 ms anonymous[39m
2026-02-08 17:44:37:4437 [35mhttp[39m: [35mGET /api/auth/profile 401 69 - 0.256 ms anonymous[39m
2026-02-08 17:44:37:4437 [31merror[39m: [31mAuthentication error: jwt expired[39m
2026-02-08 17:44:37:4437 [35mhttp[39m: [35mGET /api/auth/profile 401 69 - 16.511 ms anonymous[39m
2026-02-08 17:44:37:4437 [35mhttp[39m: [35mGET /api/auth/profile 401 69 - 0.208 ms anonymous[39m
2026-02-08 17:44:37:4437 [31merror[39m: [31mAuthentication error: jwt expired[39m
2026-02-08 17:44:37:4437 [35mhttp[39m: [35mGET /api/auth/profile 401 69 - 13.211 ms anonymous[39m
2026-02-08 17:44:37:4437 [35mhttp[39m: [35mGET /api/auth/profile 401 69 - 0.515 ms anonymous[39m
2026-02-08 17:44:37:4437 [31merror[39m: [31mAuthentication error: jwt expired[39m
2026-02-08 17:44:37:4437 [35mhttp[39m: [35mGET /api/auth/profile 401 69 - 10.769 ms anonymous[39m
2026-02-08 17:44:37:4437 [35mhttp[39m: [35mGET /api/auth/profile 401 69 - 0.199 ms anonymous[39m
2026-02-08 17:44:37:4437 [31merror[39m: [31mAuthentication error: jwt expired[39m
2026-02-08 17:44:37:4437 [35mhttp[39m: [35mGET /api/auth/profile 401 69 - 7.758 ms anonymous[39m
2026-02-08 17:44:37:4437 [35mhttp[39m: [35mGET /api/auth/profile 401 69 - 0.084 ms anonymous[39m
2026-02-08 17:44:37:4437 [35mhttp[39m: [35mGET /api/auth/profile 401 69 - 0.585 ms anonymous[39m
2026-02-08 17:44:37:4437 [31merror[39m: [31mAuthentication error: jwt expired[39m
2026-02-08 17:44:37:4437 [35mhttp[39m: [35mGET /api/auth/profile 401 69 - 13.874 ms anonymous[39m
2026-02-08 17:44:37:4437 [35mhttp[39m: [35mGET /api/auth/profile 401 69 - 0.446 ms anonymous[39m
2026-02-08 17:44:37:4437 [31merror[39m: [31mAuthentication error: jwt expired[39m
2026-02-08 17:44:37:4437 [35mhttp[39m: [35mGET /api/auth/profile 401 69 - 14.391 ms anonymous[39m
2026-02-08 17:44:37:4437 [35mhttp[39m: [35mGET /api/auth/profile 401 69 - 0.232 ms anonymous[39m
2026-02-08 17:44:37:4437 [31merror[39m: [31mAuthentication error: jwt expired[39m
2026-02-08 17:44:37:4437 [35mhttp[39m: [35mGET /api/auth/profile 401 69 - 14.879 ms anonymous[39m
2026-02-08 17:44:37:4437 [35mhttp[39m: [35mGET /api/auth/profile 401 69 - 0.107 ms anonymous[39m
2026-02-08 17:44:37:4437 [31merror[39m: [31mAuthentication error: jwt expired[39m
2026-02-08 17:44:37:4437 [35mhttp[39m: [35mGET /api/auth/profile 401 69 - 10.683 ms anonymous[39m
2026-02-08 17:44:37:4437 [35mhttp[39m: [35mGET /api/auth/profile 401 69 - 0.082 ms anonymous[39m
2026-02-08 17:44:37:4437 [31merror[39m: [31mAuthentication error: jwt expired[39m
2026-02-08 17:44:37:4437 [35mhttp[39m: [35mGET /api/auth/profile 401 69 - 13.194 ms anonymous[39m
2026-02-08 17:44:37:4437 [35mhttp[39m: [35mGET /api/auth/profile 401 69 - 0.370 ms anonymous[39m
2026-02-08 17:44:37:4437 [35mhttp[39m: [35mGET /api/auth/profile 401 69 - 0.124 ms anonymous[39m
2026-02-08 17:44:37:4437 [31merror[39m: [31mAuthentication error: jwt expired[39m
2026-02-08 17:44:37:4437 [35mhttp[39m: [35mGET /api/auth/profile 401 69 - 7.756 ms anonymous[39m
2026-02-08 17:44:37:4437 [35mhttp[39m: [35mGET /api/auth/profile 401 69 - 0.125 ms anonymous[39m
2026-02-08 17:44:37:4437 [31merror[39m: [31mAuthentication error: jwt expired[39m
2026-02-08 17:44:37:4437 [35mhttp[39m: [35mGET /api/auth/profile 401 69 - 17.432 ms anonymous[39m
2026-02-08 17:44:38:4438 [35mhttp[39m: [35mGET /api/auth/profile 401 69 - 0.341 ms anonymous[39m
2026-02-08 17:44:38:4438 [31merror[39m: [31mAuthentication error: jwt expired[39m
2026-02-08 17:44:38:4438 [35mhttp[39m: [35mGET /api/auth/profile 401 69 - 16.917 ms anonymous[39m
2026-02-08 17:44:38:4438 [35mhttp[39m: [35mGET /api/auth/profile 401 69 - 0.278 ms anonymous[39m
2026-02-08 17:44:38:4438 [31merror[39m: [31mAuthentication error: jwt expired[39m
2026-02-08 17:44:38:4438 [35mhttp[39m: [35mGET /api/auth/profile 401 69 - 10.257 ms anonymous[39m
2026-02-08 17:44:38:4438 [35mhttp[39m: [35mGET /api/auth/profile 401 69 - 0.114 ms anonymous[39m
2026-02-08 17:44:38:4438 [35mhttp[39m: [35mGET /api/auth/profile 401 69 - 0.396 ms anonymous[39m
2026-02-08 17:44:38:4438 [31merror[39m: [31mAuthentication error: jwt expired[39m
2026-02-08 17:44:38:4438 [35mhttp[39m: [35mGET /api/auth/profile 401 69 - 9.506 ms anonymous[39m
2026-02-08 17:44:38:4438 [35mhttp[39m: [35mGET /api/auth/profile 401 69 - 0.140 ms anonymous[39m
2026-02-08 17:44:38:4438 [31merror[39m: [31mAuthentication error: jwt expired[39m
2026-02-08 17:44:38:4438 [35mhttp[39m: [35mGET /api/auth/profile 401 69 - 16.309 ms anonymous[39m
2026-02-08 17:44:38:4438 [35mhttp[39m: [35mGET /api/auth/profile 401 69 - 1.475 ms anonymous[39m
2026-02-08 17:44:38:4438 [31merror[39m: [31mAuthentication error: jwt expired[39m
2026-02-08 17:44:38:4438 [35mhttp[39m: [35mGET /api/auth/profile 401 69 - 14.488 ms anonymous[39m
2026-02-08 17:44:38:4438 [35mhttp[39m: [35mGET /api/auth/profile 401 69 - 0.438 ms anonymous[39m
2026-02-08 17:44:38:4438 [31merror[39m: [31mAuthentication error: jwt expired[39m
2026-02-08 17:44:38:4438 [35mhttp[39m: [35mGET /api/auth/profile 401 69 - 17.590 ms anonymous[39m
2026-02-08 17:44:38:4438 [35mhttp[39m: [35mGET /api/auth/profile 401 69 - 0.558 ms anonymous[39m
2026-02-08 17:44:38:4438 [31merror[39m: [31mAuthentication error: jwt expired[39m
2026-02-08 17:44:38:4438 [35mhttp[39m: [35mGET /api/auth/profile 401 69 - 14.918 ms anonymous[39m
2026-02-08 17:44:38:4438 [35mhttp[39m: [35mGET /api/auth/profile 401 69 - 0.193 ms anonymous[39m
2026-02-08 17:44:38:4438 [31merror[39m: [31mAuthentication error: jwt expired[39m
2026-02-08 17:44:38:4438 [35mhttp[39m: [35mGET /api/auth/profile 401 69 - 7.899 ms anonymous[39m
2026-02-08 17:44:38:4438 [35mhttp[39m: [35mGET /api/auth/profile 401 69 - 0.076 ms anonymous[39m
2026-02-08 17:44:38:4438 [35mhttp[39m: [35mGET /api/auth/profile 401 69 - 0.147 ms anonymous[39m
2026-02-08 17:44:38:4438 [31merror[39m: [31mAuthentication error: jwt expired[39m
2026-02-08 17:44:38:4438 [35mhttp[39m: [35mGET /api/auth/profile 401 69 - 14.250 ms anonymous[39m
2026-02-08 17:44:38:4438 [35mhttp[39m: [35mGET /api/auth/profile 401 69 - 0.650 ms anonymous[39m
2026-02-08 17:44:38:4438 [31merror[39m: [31mAuthentication error: jwt expired[39m
2026-02-08 17:44:38:4438 [35mhttp[39m: [35mGET /api/auth/profile 401 69 - 17.964 ms anonymous[39m
2026-02-08 17:44:38:4438 [35mhttp[39m: [35mGET /api/auth/profile 401 69 - 0.394 ms anonymous[39m
2026-02-08 17:44:38:4438 [31merror[39m: [31mAuthentication error: jwt expired[39m
2026-02-08 17:44:38:4438 [35mhttp[39m: [35mGET /api/auth/profile 401 69 - 17.881 ms anonymous[39m
2026-02-08 17:44:38:4438 [35mhttp[39m: [35mGET /api/auth/profile 401 69 - 0.163 ms anonymous[39m
2026-02-08 17:44:38:4438 [31merror[39m: [31mAuthentication error: jwt expired[39m
2026-02-08 17:44:38:4438 [35mhttp[39m: [35mGET /api/auth/profile 401 69 - 10.393 ms anonymous[39m
2026-02-08 17:44:38:4438 [35mhttp[39m: [35mGET /api/auth/profile 401 69 - 0.076 ms anonymous[39m
2026-02-08 17:44:38:4438 [35mhttp[39m: [35mGET /api/auth/profile 401 69 - 0.161 ms anonymous[39m
2026-02-08 17:44:38:4438 [31merror[39m: [31mAuthentication error: jwt expired[39m
2026-02-08 17:44:38:4438 [35mhttp[39m: [35mGET /api/auth/profile 401 69 - 18.166 ms anonymous[39m
2026-02-08 17:44:38:4438 [35mhttp[39m: [35mGET /api/auth/profile 401 69 - 0.123 ms anonymous[39m
2026-02-08 17:44:38:4438 [31merror[39m: [31mAuthentication error: jwt expired[39m
2026-02-08 17:44:38:4438 [35mhttp[39m: [35mGET /api/auth/profile 401 69 - 22.914 ms anonymous[39m
2026-02-08 17:44:38:4438 [35mhttp[39m: [35mGET /api/auth/profile 401 69 - 0.371 ms anonymous[39m
2026-02-08 17:44:39:4439 [31merror[39m: [31mAuthentication error: jwt expired[39m
2026-02-08 17:44:39:4439 [35mhttp[39m: [35mGET /api/auth/profile 401 69 - 9.888 ms anonymous[39m
2026-02-08 17:44:39:4439 [35mhttp[39m: [35mGET /api/auth/profile 401 69 - 0.310 ms anonymous[39m
2026-02-08 17:44:39:4439 [31merror[39m: [31mAuthentication error: jwt expired[39m
2026-02-08 17:44:39:4439 [35mhttp[39m: [35mGET /api/auth/profile 401 69 - 9.373 ms anonymous[39m
2026-02-08 17:44:39:4439 [35mhttp[39m: [35mGET /api/auth/profile 401 69 - 0.137 ms anonymous[39m
2026-02-08 17:44:39:4439 [35mhttp[39m: [35mGET /api/auth/profile 401 69 - 0.225 ms anonymous[39m
2026-02-08 17:44:39:4439 [31merror[39m: [31mAuthentication error: jwt expired[39m
2026-02-08 17:44:39:4439 [35mhttp[39m: [35mGET /api/auth/profile 401 69 - 14.675 ms anonymous[39m
2026-02-08 17:44:39:4439 [35mhttp[39m: [35mGET /api/auth/profile 401 69 - 0.322 ms anonymous[39m
2026-02-08 17:44:39:4439 [31merror[39m: [31mAuthentication error: jwt expired[39m
2026-02-08 17:44:39:4439 [35mhttp[39m: [35mGET /api/auth/profile 401 69 - 18.855 ms anonymous[39m
2026-02-08 17:44:39:4439 [35mhttp[39m: [35mGET /api/auth/profile 401 69 - 0.808 ms anonymous[39m
2026-02-08 17:44:39:4439 [31merror[39m: [31mAuthentication error: jwt expired[39m
2026-02-08 17:44:39:4439 [35mhttp[39m: [35mGET /api/auth/profile 401 69 - 17.421 ms anonymous[39m
2026-02-08 17:44:39:4439 [35mhttp[39m: [35mGET /api/auth/profile 401 69 - 0.134 ms anonymous[39m
2026-02-08 17:44:39:4439 [31merror[39m: [31mAuthentication error: jwt expired[39m
2026-02-08 17:44:39:4439 [35mhttp[39m: [35mGET /api/auth/profile 401 69 - 14.470 ms anonymous[39m
2026-02-08 17:44:39:4439 [35mhttp[39m: [35mGET /api/auth/profile 401 69 - 0.310 ms anonymous[39m
2026-02-08 17:44:39:4439 [31merror[39m: [31mAuthentication error: jwt expired[39m
2026-02-08 17:44:39:4439 [35mhttp[39m: [35mGET /api/auth/profile 401 69 - 9.780 ms anonymous[39m
2026-02-08 17:44:39:4439 [35mhttp[39m: [35mGET /api/auth/profile 401 69 - 0.698 ms anonymous[39m
2026-02-08 17:44:39:4439 [31merror[39m: [31mAuthentication error: jwt expired[39m
2026-02-08 17:44:39:4439 [35mhttp[39m: [35mGET /api/auth/profile 401 69 - 12.364 ms anonymous[39m
2026-02-08 17:44:39:4439 [35mhttp[39m: [35mGET /api/auth/profile 401 69 - 0.320 ms anonymous[39m
2026-02-08 17:44:39:4439 [35mhttp[39m: [35mGET /api/auth/profile 401 69 - 0.287 ms anonymous[39m
2026-02-08 17:44:39:4439 [31merror[39m: [31mAuthentication error: jwt expired[39m
2026-02-08 17:44:39:4439 [35mhttp[39m: [35mGET /api/auth/profile 401 69 - 16.763 ms anonymous[39m
2026-02-08 17:44:39:4439 [35mhttp[39m: [35mGET /api/auth/profile 401 69 - 0.348 ms anonymous[39m
2026-02-08 17:44:39:4439 [31merror[39m: [31mAuthentication error: jwt expired[39m
2026-02-08 17:44:39:4439 [35mhttp[39m: [35mGET /api/auth/profile 401 69 - 13.492 ms anonymous[39m
2026-02-08 17:44:39:4439 [35mhttp[39m: [35mGET /api/auth/profile 401 69 - 0.540 ms anonymous[39m
2026-02-08 17:44:39:4439 [31merror[39m: [31mAuthentication error: jwt expired[39m
2026-02-08 17:44:39:4439 [35mhttp[39m: [35mGET /api/auth/profile 401 69 - 18.819 ms anonymous[39m
2026-02-08 17:44:39:4439 [35mhttp[39m: [35mGET /api/auth/profile 401 69 - 0.131 ms anonymous[39m
2026-02-08 17:44:39:4439 [31merror[39m: [31mAuthentication error: jwt expired[39m
2026-02-08 17:44:39:4439 [35mhttp[39m: [35mGET /api/auth/profile 401 69 - 12.778 ms anonymous[39m
2026-02-08 17:44:39:4439 [35mhttp[39m: [35mGET /api/auth/profile 401 69 - 0.087 ms anonymous[39m
2026-02-08 17:44:39:4439 [31merror[39m: [31mAuthentication error: jwt expired[39m
2026-02-08 17:44:39:4439 [35mhttp[39m: [35mGET /api/auth/profile 401 69 - 4.209 ms anonymous[39m
2026-02-08 17:44:39:4439 [35mhttp[39m: [35mGET /api/auth/profile 401 69 - 0.102 ms anonymous[39m
2026-02-08 17:44:39:4439 [35mhttp[39m: [35mGET /api/auth/profile 401 69 - 0.221 ms anonymous[39m
2026-02-08 17:44:39:4439 [31merror[39m: [31mAuthentication error: jwt expired[39m
2026-02-08 17:44:39:4439 [35mhttp[39m: [35mGET /api/auth/profile 401 69 - 15.850 ms anonymous[39m
2026-02-08 17:44:39:4439 [35mhttp[39m: [35mGET /api/auth/profile 401 69 - 0.418 ms anonymous[39m
2026-02-08 17:44:39:4439 [31merror[39m: [31mAuthentication error: jwt expired[39m
2026-02-08 17:44:40:4440 [35mhttp[39m: [35mGET /api/auth/profile 401 69 - 14.707 ms anonymous[39m
2026-02-08 17:44:40:4440 [35mhttp[39m: [35mGET /api/auth/profile 401 69 - 0.514 ms anonymous[39m
2026-02-08 17:44:40:4440 [31merror[39m: [31mAuthentication error: jwt expired[39m
2026-02-08 17:44:40:4440 [35mhttp[39m: [35mGET /api/auth/profile 401 69 - 16.167 ms anonymous[39m
2026-02-08 17:44:40:4440 [35mhttp[39m: [35mGET /api/auth/profile 401 69 - 0.534 ms anonymous[39m
2026-02-08 17:44:40:4440 [31merror[39m: [31mAuthentication error: jwt expired[39m
2026-02-08 17:44:40:4440 [35mhttp[39m: [35mGET /api/auth/profile 401 69 - 19.961 ms anonymous[39m
2026-02-08 17:44:40:4440 [35mhttp[39m: [35mGET /api/auth/profile 401 69 - 0.222 ms anonymous[39m
2026-02-08 17:44:40:4440 [31merror[39m: [31mAuthentication error: jwt expired[39m
2026-02-08 17:44:40:4440 [35mhttp[39m: [35mGET /api/auth/profile 401 69 - 16.066 ms anonymous[39m
2026-02-08 17:44:40:4440 [35mhttp[39m: [35mGET /api/auth/profile 401 69 - 0.693 ms anonymous[39m
2026-02-08 17:44:40:4440 [31merror[39m: [31mAuthentication error: jwt expired[39m
2026-02-08 17:44:40:4440 [35mhttp[39m: [35mGET /api/auth/profile 401 69 - 8.355 ms anonymous[39m
2026-02-08 17:44:40:4440 [35mhttp[39m: [35mGET /api/auth/profile 401 69 - 0.069 ms anonymous[39m
2026-02-08 17:44:40:4440 [35mhttp[39m: [35mGET /api/auth/profile 401 69 - 0.130 ms anonymous[39m
2026-02-08 17:44:40:4440 [31merror[39m: [31mAuthentication error: jwt expired[39m
2026-02-08 17:44:40:4440 [35mhttp[39m: [35mGET /api/auth/profile 401 69 - 10.523 ms anonymous[39m
2026-02-08 17:44:40:4440 [35mhttp[39m: [35mGET /api/auth/profile 401 69 - 0.196 ms anonymous[39m
2026-02-08 17:44:40:4440 [31merror[39m: [31mAuthentication error: jwt expired[39m
2026-02-08 17:44:40:4440 [35mhttp[39m: [35mGET /api/auth/profile 401 69 - 19.881 ms anonymous[39m
2026-02-08 17:44:40:4440 [35mhttp[39m: [35mGET /api/auth/profile 401 69 - 0.299 ms anonymous[39m
2026-02-08 17:44:40:4440 [31merror[39m: [31mAuthentication error: jwt expired[39m
2026-02-08 17:44:40:4440 [35mhttp[39m: [35mGET /api/auth/profile 401 69 - 15.671 ms anonymous[39m
2026-02-08 17:44:40:4440 [35mhttp[39m: [35mGET /api/auth/profile 401 69 - 0.172 ms anonymous[39m
2026-02-08 17:44:40:4440 [31merror[39m: [31mAuthentication error: jwt expired[39m
2026-02-08 17:44:40:4440 [35mhttp[39m: [35mGET /api/auth/profile 401 69 - 16.441 ms anonymous[39m
2026-02-08 17:44:40:4440 [35mhttp[39m: [35mGET /api/auth/profile 401 69 - 0.109 ms anonymous[39m
2026-02-08 17:44:40:4440 [35mhttp[39m: [35mGET /api/auth/profile 401 69 - 0.150 ms anonymous[39m
2026-02-08 17:44:40:4440 [31merror[39m: [31mAuthentication error: jwt expired[39m
2026-02-08 17:44:40:4440 [35mhttp[39m: [35mGET /api/auth/profile 401 69 - 6.207 ms anonymous[39m
2026-02-08 17:44:40:4440 [35mhttp[39m: [35mGET /api/auth/profile 401 69 - 0.790 ms anonymous[39m
2026-02-08 17:44:40:4440 [35mhttp[39m: [35mGET /api/auth/profile 401 69 - 0.384 ms anonymous[39m
2026-02-08 17:44:40:4440 [31merror[39m: [31mAuthentication error: jwt expired[39m
2026-02-08 17:44:40:4440 [35mhttp[39m: [35mGET /api/auth/profile 401 69 - 9.613 ms anonymous[39m
2026-02-08 17:44:40:4440 [35mhttp[39m: [35mGET /api/auth/profile 401 69 - 0.485 ms anonymous[39m
2026-02-08 17:44:40:4440 [31merror[39m: [31mAuthentication error: jwt expired[39m
2026-02-08 17:44:40:4440 [35mhttp[39m: [35mGET /api/auth/profile 401 69 - 13.048 ms anonymous[39m
2026-02-08 17:44:40:4440 [35mhttp[39m: [35mGET /api/auth/profile 401 69 - 0.308 ms anonymous[39m
2026-02-08 17:44:40:4440 [31merror[39m: [31mAuthentication error: jwt expired[39m
2026-02-08 17:44:40:4440 [35mhttp[39m: [35mGET /api/auth/profile 401 69 - 11.582 ms anonymous[39m
2026-02-08 17:44:40:4440 [35mhttp[39m: [35mGET /api/auth/profile 401 69 - 0.251 ms anonymous[39m
2026-02-08 17:44:40:4440 [31merror[39m: [31mAuthentication error: jwt expired[39m
2026-02-08 17:44:40:4440 [35mhttp[39m: [35mGET /api/auth/profile 401 69 - 10.642 ms anonymous[39m
2026-02-08 17:44:40:4440 [35mhttp[39m: [35mGET /api/auth/profile 401 69 - 0.478 ms anonymous[39m
2026-02-08 17:44:40:4440 [31merror[39m: [31mAuthentication error: jwt expired[39m
2026-02-08 17:44:40:4440 [35mhttp[39m: [35mGET /api/auth/profile 401 69 - 13.615 ms anonymous[39m
2026-02-08 17:44:40:4440 [35mhttp[39m: [35mGET /api/auth/profile 401 69 - 0.180 ms anonymous[39m
2026-02-08 17:44:41:4441 [31merror[39m: [31mAuthentication error: jwt expired[39m
2026-02-08 17:44:41:4441 [35mhttp[39m: [35mGET /api/auth/profile 401 69 - 8.870 ms anonymous[39m
2026-02-08 17:44:41:4441 [35mhttp[39m: [35mGET /api/auth/profile 401 69 - 0.072 ms anonymous[39m
2026-02-08 17:44:41:4441 [35mhttp[39m: [35mGET /api/auth/profile 401 69 - 0.175 ms anonymous[39m
2026-02-08 17:44:41:4441 [31merror[39m: [31mAuthentication error: jwt expired[39m
2026-02-08 17:44:41:4441 [35mhttp[39m: [35mGET /api/auth/profile 401 69 - 16.878 ms anonymous[39m
2026-02-08 17:44:41:4441 [35mhttp[39m: [35mGET /api/auth/profile 401 69 - 0.600 ms anonymous[39m
2026-02-08 17:44:41:4441 [31merror[39m: [31mAuthentication error: jwt expired[39m
2026-02-08 17:44:41:4441 [35mhttp[39m: [35mGET /api/auth/profile 401 69 - 15.366 ms anonymous[39m
2026-02-08 17:44:41:4441 [35mhttp[39m: [35mGET /api/auth/profile 401 69 - 0.283 ms anonymous[39m
2026-02-08 17:44:41:4441 [31merror[39m: [31mAuthentication error: jwt expired[39m
2026-02-08 17:44:41:4441 [35mhttp[39m: [35mGET /api/auth/profile 401 69 - 17.533 ms anonymous[39m
2026-02-08 17:44:41:4441 [35mhttp[39m: [35mGET /api/auth/profile 401 69 - 0.419 ms anonymous[39m
2026-02-08 17:44:41:4441 [31merror[39m: [31mAuthentication error: jwt expired[39m
2026-02-08 17:44:41:4441 [35mhttp[39m: [35mGET /api/auth/profile 401 69 - 13.127 ms anonymous[39m
2026-02-08 17:44:41:4441 [35mhttp[39m: [35mGET /api/auth/profile 401 69 - 0.290 ms anonymous[39m
2026-02-08 17:44:41:4441 [31merror[39m: [31mAuthentication error: jwt expired[39m
2026-02-08 17:44:41:4441 [35mhttp[39m: [35mGET /api/auth/profile 401 69 - 15.098 ms anonymous[39m
2026-02-08 17:44:41:4441 [35mhttp[39m: [35mGET /api/auth/profile 401 69 - 0.079 ms anonymous[39m
2026-02-08 17:44:41:4441 [35mhttp[39m: [35mGET /api/auth/profile 401 69 - 0.438 ms anonymous[39m
2026-02-08 17:44:41:4441 [31merror[39m: [31mAuthentication error: jwt expired[39m
2026-02-08 17:44:41:4441 [35mhttp[39m: [35mGET /api/auth/profile 401 69 - 12.297 ms anonymous[39m
2026-02-08 17:44:41:4441 [35mhttp[39m: [35mGET /api/auth/profile 401 69 - 0.114 ms anonymous[39m
2026-02-08 17:44:41:4441 [31merror[39m: [31mAuthentication error: jwt expired[39m
2026-02-08 17:44:41:4441 [35mhttp[39m: [35mGET /api/auth/profile 401 69 - 17.687 ms anonymous[39m
2026-02-08 17:44:41:4441 [35mhttp[39m: [35mGET /api/auth/profile 401 69 - 0.342 ms anonymous[39m
2026-02-08 17:44:41:4441 [31merror[39m: [31mAuthentication error: jwt expired[39m
2026-02-08 17:44:41:4441 [35mhttp[39m: [35mGET /api/auth/profile 401 69 - 16.648 ms anonymous[39m
2026-02-08 17:44:41:4441 [35mhttp[39m: [35mGET /api/auth/profile 401 69 - 1.476 ms anonymous[39m
2026-02-08 17:44:41:4441 [31merror[39m: [31mAuthentication error: jwt expired[39m
2026-02-08 17:44:41:4441 [35mhttp[39m: [35mGET /api/auth/profile 401 69 - 10.342 ms anonymous[39m
2026-02-08 17:44:41:4441 [35mhttp[39m: [35mGET /api/auth/profile 401 69 - 0.366 ms anonymous[39m
2026-02-08 17:44:41:4441 [31merror[39m: [31mAuthentication error: jwt expired[39m
2026-02-08 17:44:41:4441 [35mhttp[39m: [35mGET /api/auth/profile 401 69 - 8.835 ms anonymous[39m
2026-02-08 17:44:41:4441 [35mhttp[39m: [35mGET /api/auth/profile 401 69 - 0.067 ms anonymous[39m
2026-02-08 17:44:41:4441 [31merror[39m: [31mAuthentication error: jwt expired[39m
2026-02-08 17:44:41:4441 [35mhttp[39m: [35mGET /api/auth/profile 401 69 - 6.009 ms anonymous[39m
2026-02-08 17:44:41:4441 [35mhttp[39m: [35mGET /api/auth/profile 401 69 - 0.123 ms anonymous[39m
2026-02-08 17:44:41:4441 [31merror[39m: [31mAuthentication error: jwt expired[39m
2026-02-08 17:44:41:4441 [35mhttp[39m: [35mGET /api/auth/profile 401 69 - 12.531 ms anonymous[39m
2026-02-08 17:44:41:4441 [35mhttp[39m: [35mGET /api/auth/profile 401 69 - 0.127 ms anonymous[39m
2026-02-08 17:44:41:4441 [31merror[39m: [31mAuthentication error: jwt expired[39m
2026-02-08 17:44:41:4441 [35mhttp[39m: [35mGET /api/auth/profile 401 69 - 9.707 ms anonymous[39m
2026-02-08 17:44:41:4441 [35mhttp[39m: [35mGET /api/auth/profile 401 69 - 0.072 ms anonymous[39m
2026-02-08 17:44:41:4441 [35mhttp[39m: [35mGET /api/auth/profile 401 69 - 0.263 ms anonymous[39m
2026-02-08 17:44:41:4441 [31merror[39m: [31mAuthentication error: jwt expired[39m
2026-02-08 17:44:41:4441 [35mhttp[39m: [35mGET /api/auth/profile 401 69 - 13.589 ms anonymous[39m
2026-02-08 17:44:41:4441 [35mhttp[39m: [35mGET /api/auth/profile 401 69 - 0.127 ms anonymous[39m
2026-02-08 17:44:41:4441 [31merror[39m: [31mAuthentication error: jwt expired[39m
2026-02-08 17:44:41:4441 [35mhttp[39m: [35mGET /api/auth/profile 401 69 - 20.417 ms anonymous[39m
2026-02-08 17:44:42:4442 [35mhttp[39m: [35mGET /api/auth/profile 401 69 - 0.416 ms anonymous[39m
2026-02-08 17:44:42:4442 [31merror[39m: [31mAuthentication error: jwt expired[39m
2026-02-08 17:44:42:4442 [35mhttp[39m: [35mGET /api/auth/profile 401 69 - 17.180 ms anonymous[39m
2026-02-08 17:44:42:4442 [35mhttp[39m: [35mGET /api/auth/profile 401 69 - 0.365 ms anonymous[39m
2026-02-08 17:44:42:4442 [31merror[39m: [31mAuthentication error: jwt expired[39m
2026-02-08 17:44:42:4442 [35mhttp[39m: [35mGET /api/auth/profile 401 69 - 21.147 ms anonymous[39m
2026-02-08 17:44:42:4442 [35mhttp[39m: [35mGET /api/auth/profile 401 69 - 0.143 ms anonymous[39m
2026-02-08 17:44:42:4442 [31merror[39m: [31mAuthentication error: jwt expired[39m
2026-02-08 17:44:42:4442 [35mhttp[39m: [35mGET /api/auth/profile 401 69 - 15.809 ms anonymous[39m
2026-02-08 17:44:42:4442 [35mhttp[39m: [35mGET /api/auth/profile 401 69 - 0.851 ms anonymous[39m
2026-02-08 17:44:42:4442 [31merror[39m: [31mAuthentication error: jwt expired[39m
2026-02-08 17:44:42:4442 [35mhttp[39m: [35mGET /api/auth/profile 401 69 - 9.741 ms anonymous[39m
2026-02-08 17:44:42:4442 [35mhttp[39m: [35mGET /api/auth/profile 401 69 - 0.076 ms anonymous[39m
2026-02-08 17:44:42:4442 [35mhttp[39m: [35mGET /api/auth/profile 401 69 - 0.188 ms anonymous[39m
2026-02-08 17:44:42:4442 [31merror[39m: [31mAuthentication error: jwt expired[39m
2026-02-08 17:44:42:4442 [35mhttp[39m: [35mGET /api/auth/profile 401 69 - 23.032 ms anonymous[39m
2026-02-08 17:44:42:4442 [35mhttp[39m: [35mGET /api/auth/profile 401 69 - 0.823 ms anonymous[39m
2026-02-08 17:44:42:4442 [31merror[39m: [31mAuthentication error: jwt expired[39m
2026-02-08 17:44:42:4442 [35mhttp[39m: [35mGET /api/auth/profile 401 69 - 15.183 ms anonymous[39m
2026-02-08 17:44:42:4442 [35mhttp[39m: [35mGET /api/auth/profile 401 69 - 0.149 ms anonymous[39m
2026-02-08 17:44:42:4442 [31merror[39m: [31mAuthentication error: jwt expired[39m
2026-02-08 17:44:42:4442 [35mhttp[39m: [35mGET /api/auth/profile 401 69 - 13.937 ms anonymous[39m
2026-02-08 17:44:42:4442 [35mhttp[39m: [35mGET /api/auth/profile 401 69 - 0.567 ms anonymous[39m
2026-02-08 17:44:42:4442 [31merror[39m: [31mAuthentication error: jwt expired[39m
2026-02-08 17:44:42:4442 [35mhttp[39m: [35mGET /api/auth/profile 401 69 - 11.992 ms anonymous[39m
2026-02-08 17:44:42:4442 [35mhttp[39m: [35mGET /api/auth/profile 401 69 - 0.130 ms anonymous[39m
2026-02-08 17:44:42:4442 [31merror[39m: [31mAuthentication error: jwt expired[39m
2026-02-08 17:44:42:4442 [35mhttp[39m: [35mGET /api/auth/profile 401 69 - 11.465 ms anonymous[39m
2026-02-08 17:44:42:4442 [35mhttp[39m: [35mGET /api/auth/profile 401 69 - 1.761 ms anonymous[39m
2026-02-08 17:44:42:4442 [31merror[39m: [31mAuthentication error: jwt expired[39m
2026-02-08 17:44:42:4442 [35mhttp[39m: [35mGET /api/auth/profile 401 69 - 6.501 ms anonymous[39m
2026-02-08 17:44:42:4442 [35mhttp[39m: [35mGET /api/auth/profile 401 69 - 0.384 ms anonymous[39m
2026-02-08 17:44:42:4442 [31merror[39m: [31mAuthentication error: jwt expired[39m
2026-02-08 17:44:42:4442 [35mhttp[39m: [35mGET /api/auth/profile 401 69 - 9.611 ms anonymous[39m
2026-02-08 17:44:42:4442 [35mhttp[39m: [35mGET /api/auth/profile 401 69 - 0.083 ms anonymous[39m
2026-02-08 17:44:42:4442 [31merror[39m: [31mAuthentication error: jwt expired[39m
2026-02-08 17:44:42:4442 [35mhttp[39m: [35mGET /api/auth/profile 401 69 - 7.623 ms anonymous[39m
2026-02-08 17:44:42:4442 [35mhttp[39m: [35mGET /api/auth/profile 401 69 - 0.070 ms anonymous[39m
2026-02-08 17:44:42:4442 [35mhttp[39m: [35mGET /api/auth/profile 401 69 - 0.204 ms anonymous[39m
2026-02-08 17:44:42:4442 [31merror[39m: [31mAuthentication error: jwt expired[39m
2026-02-08 17:44:42:4442 [35mhttp[39m: [35mGET /api/auth/profile 401 69 - 17.113 ms anonymous[39m
2026-02-08 17:44:42:4442 [35mhttp[39m: [35mGET /api/auth/profile 401 69 - 0.416 ms anonymous[39m
2026-02-08 17:44:42:4442 [31merror[39m: [31mAuthentication error: jwt expired[39m
2026-02-08 17:44:42:4442 [35mhttp[39m: [35mGET /api/auth/profile 401 69 - 22.003 ms anonymous[39m
2026-02-08 17:44:42:4442 [35mhttp[39m: [35mGET /api/auth/profile 401 69 - 0.626 ms anonymous[39m
2026-02-08 17:44:42:4442 [31merror[39m: [31mAuthentication error: jwt expired[39m
2026-02-08 17:44:42:4442 [35mhttp[39m: [35mGET /api/auth/profile 401 69 - 10.819 ms anonymous[39m
2026-02-08 17:44:43:4443 [35mhttp[39m: [35mGET /api/auth/profile 401 69 - 0.124 ms anonymous[39m
2026-02-08 17:44:43:4443 [31merror[39m: [31mAuthentication error: jwt expired[39m
2026-02-08 17:44:43:4443 [35mhttp[39m: [35mGET /api/auth/profile 401 69 - 10.612 ms anonymous[39m
2026-02-08 17:44:43:4443 [35mhttp[39m: [35mGET /api/auth/profile 401 69 - 0.092 ms anonymous[39m
2026-02-08 17:44:43:4443 [31merror[39m: [31mAuthentication error: jwt expired[39m
2026-02-08 17:44:43:4443 [35mhttp[39m: [35mGET /api/auth/profile 401 69 - 9.641 ms anonymous[39m
2026-02-08 17:44:43:4443 [35mhttp[39m: [35mGET /api/auth/profile 401 69 - 0.073 ms anonymous[39m
2026-02-08 17:44:43:4443 [31merror[39m: [31mAuthentication error: jwt expired[39m
2026-02-08 17:44:43:4443 [35mhttp[39m: [35mGET /api/auth/profile 401 69 - 12.928 ms anonymous[39m
2026-02-08 17:44:43:4443 [35mhttp[39m: [35mGET /api/auth/profile 401 69 - 0.078 ms anonymous[39m
2026-02-08 17:44:43:4443 [31merror[39m: [31mAuthentication error: jwt expired[39m
2026-02-08 17:44:43:4443 [35mhttp[39m: [35mGET /api/auth/profile 401 69 - 8.263 ms anonymous[39m
2026-02-08 17:44:43:4443 [35mhttp[39m: [35mGET /api/auth/profile 401 69 - 0.084 ms anonymous[39m
2026-02-08 17:44:43:4443 [35mhttp[39m: [35mGET /api/auth/profile 401 69 - 0.134 ms anonymous[39m
2026-02-08 17:44:43:4443 [31merror[39m: [31mAuthentication error: jwt expired[39m
2026-02-08 17:44:43:4443 [35mhttp[39m: [35mGET /api/auth/profile 401 69 - 17.852 ms anonymous[39m
2026-02-08 17:44:43:4443 [35mhttp[39m: [35mGET /api/auth/profile 401 69 - 0.205 ms anonymous[39m
2026-02-08 17:44:43:4443 [31merror[39m: [31mAuthentication error: jwt expired[39m
2026-02-08 17:44:43:4443 [35mhttp[39m: [35mGET /api/auth/profile 401 69 - 15.784 ms anonymous[39m
2026-02-08 17:44:43:4443 [35mhttp[39m: [35mGET /api/auth/profile 401 69 - 0.364 ms anonymous[39m
2026-02-08 17:44:43:4443 [31merror[39m: [31mAuthentication error: jwt expired[39m
2026-02-08 17:44:43:4443 [35mhttp[39m: [35mGET /api/auth/profile 401 69 - 17.373 ms anonymous[39m
2026-02-08 17:44:43:4443 [35mhttp[39m: [35mGET /api/auth/profile 401 69 - 0.162 ms anonymous[39m
2026-02-08 17:44:43:4443 [31merror[39m: [31mAuthentication error: jwt expired[39m
2026-02-08 17:44:43:4443 [35mhttp[39m: [35mGET /api/auth/profile 401 69 - 10.849 ms anonymous[39m
2026-02-08 17:44:43:4443 [35mhttp[39m: [35mGET /api/auth/profile 401 69 - 0.086 ms anonymous[39m
2026-02-08 17:44:43:4443 [35mhttp[39m: [35mGET /api/auth/profile 401 69 - 0.328 ms anonymous[39m
2026-02-08 17:44:43:4443 [31merror[39m: [31mAuthentication error: jwt expired[39m
2026-02-08 17:44:43:4443 [35mhttp[39m: [35mGET /api/auth/profile 401 69 - 18.946 ms anonymous[39m
2026-02-08 17:44:43:4443 [35mhttp[39m: [35mGET /api/auth/profile 401 69 - 0.463 ms anonymous[39m
2026-02-08 17:44:43:4443 [31merror[39m: [31mAuthentication error: jwt expired[39m
2026-02-08 17:44:43:4443 [35mhttp[39m: [35mGET /api/auth/profile 401 69 - 16.181 ms anonymous[39m
2026-02-08 17:44:43:4443 [35mhttp[39m: [35mGET /api/auth/profile 401 69 - 0.669 ms anonymous[39m
2026-02-08 17:44:43:4443 [31merror[39m: [31mAuthentication error: jwt expired[39m
2026-02-08 17:44:43:4443 [35mhttp[39m: [35mGET /api/auth/profile 401 69 - 19.896 ms anonymous[39m
2026-02-08 17:44:43:4443 [35mhttp[39m: [35mGET /api/auth/profile 401 69 - 0.467 ms anonymous[39m
2026-02-08 17:44:43:4443 [31merror[39m: [31mAuthentication error: jwt expired[39m
2026-02-08 17:44:43:4443 [35mhttp[39m: [35mGET /api/auth/profile 401 69 - 14.080 ms anonymous[39m
2026-02-08 17:44:43:4443 [35mhttp[39m: [35mGET /api/auth/profile 401 69 - 0.604 ms anonymous[39m
2026-02-08 17:44:43:4443 [35mhttp[39m: [35mGET /api/auth/profile 401 69 - 0.127 ms anonymous[39m
2026-02-08 17:44:43:4443 [31merror[39m: [31mAuthentication error: jwt expired[39m
2026-02-08 17:44:43:4443 [35mhttp[39m: [35mGET /api/auth/profile 401 69 - 19.289 ms anonymous[39m
2026-02-08 17:44:43:4443 [35mhttp[39m: [35mGET /api/auth/profile 401 69 - 0.391 ms anonymous[39m
2026-02-08 17:44:43:4443 [31merror[39m: [31mAuthentication error: jwt expired[39m
2026-02-08 17:44:43:4443 [35mhttp[39m: [35mGET /api/auth/profile 401 69 - 23.582 ms anonymous[39m
2026-02-08 17:44:43:4443 [35mhttp[39m: [35mGET /api/auth/profile 401 69 - 0.228 ms anonymous[39m
2026-02-08 17:44:43:4443 [31merror[39m: [31mAuthentication error: jwt expired[39m
2026-02-08 17:44:44:4444 [35mhttp[39m: [35mGET /api/auth/profile 401 69 - 25.992 ms anonymous[39m
2026-02-08 17:44:44:4444 [35mhttp[39m: [35mGET /api/auth/profile 401 69 - 0.541 ms anonymous[39m
2026-02-08 17:44:44:4444 [31merror[39m: [31mAuthentication error: jwt expired[39m
2026-02-08 17:44:44:4444 [35mhttp[39m: [35mGET /api/auth/profile 401 69 - 12.851 ms anonymous[39m
2026-02-08 17:44:44:4444 [35mhttp[39m: [35mGET /api/auth/profile 401 69 - 0.342 ms anonymous[39m
2026-02-08 17:44:44:4444 [31merror[39m: [31mAuthentication error: jwt expired[39m
2026-02-08 17:44:44:4444 [35mhttp[39m: [35mGET /api/auth/profile 401 69 - 9.357 ms anonymous[39m
2026-02-08 17:44:44:4444 [35mhttp[39m: [35mGET /api/auth/profile 401 69 - 0.076 ms anonymous[39m
2026-02-08 17:44:44:4444 [31merror[39m: [31mAuthentication error: jwt expired[39m
2026-02-08 17:44:44:4444 [35mhttp[39m: [35mGET /api/auth/profile 401 69 - 10.642 ms anonymous[39m
2026-02-08 17:44:44:4444 [35mhttp[39m: [35mGET /api/auth/profile 401 69 - 0.254 ms anonymous[39m
2026-02-08 17:44:44:4444 [35mhttp[39m: [35mGET /api/auth/profile 401 69 - 11.468 ms anonymous[39m
2026-02-08 17:44:44:4444 [31merror[39m: [31mAuthentication error: jwt expired[39m
2026-02-08 17:44:44:4444 [35mhttp[39m: [35mGET /api/auth/profile 401 69 - 12.847 ms anonymous[39m
2026-02-08 17:44:44:4444 [35mhttp[39m: [35mGET /api/auth/profile 401 69 - 0.089 ms anonymous[39m
2026-02-08 17:44:44:4444 [35mhttp[39m: [35mGET /api/auth/profile 401 69 - 6.336 ms anonymous[39m
2026-02-08 17:44:44:4444 [31merror[39m: [31mAuthentication error: jwt expired[39m
2026-02-08 17:44:44:4444 [35mhttp[39m: [35mGET /api/auth/profile 401 69 - 13.947 ms anonymous[39m
2026-02-08 17:44:44:4444 [35mhttp[39m: [35mGET /api/auth/profile 401 69 - 0.187 ms anonymous[39m
2026-02-08 17:44:44:4444 [31merror[39m: [31mAuthentication error: jwt expired[39m
2026-02-08 17:44:44:4444 [35mhttp[39m: [35mGET /api/auth/profile 401 69 - 19.335 ms anonymous[39m
2026-02-08 17:44:44:4444 [35mhttp[39m: [35mGET /api/auth/profile 401 69 - 0.739 ms anonymous[39m
2026-02-08 17:44:44:4444 [31merror[39m: [31mAuthentication error: jwt expired[39m
2026-02-08 17:44:44:4444 [35mhttp[39m: [35mGET /api/auth/profile 401 69 - 10.520 ms anonymous[39m
2026-02-08 17:44:44:4444 [35mhttp[39m: [35mGET /api/auth/profile 401 69 - 0.395 ms anonymous[39m
2026-02-08 17:44:44:4444 [31merror[39m: [31mAuthentication error: jwt expired[39m
2026-02-08 17:44:44:4444 [35mhttp[39m: [35mGET /api/auth/profile 401 69 - 8.014 ms anonymous[39m
2026-02-08 17:44:44:4444 [35mhttp[39m: [35mGET /api/auth/profile 401 69 - 0.065 ms anonymous[39m
2026-02-08 17:44:44:4444 [31merror[39m: [31mAuthentication error: jwt expired[39m
2026-02-08 17:44:44:4444 [35mhttp[39m: [35mGET /api/auth/profile 401 69 - 14.694 ms anonymous[39m
2026-02-08 17:44:44:4444 [35mhttp[39m: [35mGET /api/auth/profile 401 69 - 0.394 ms anonymous[39m
2026-02-08 17:44:44:4444 [35mhttp[39m: [35mGET /api/auth/profile 401 69 - 0.232 ms anonymous[39m
2026-02-08 17:44:44:4444 [31merror[39m: [31mAuthentication error: jwt expired[39m
2026-02-08 17:44:44:4444 [35mhttp[39m: [35mGET /api/auth/profile 401 69 - 32.898 ms anonymous[39m
2026-02-08 17:44:44:4444 [35mhttp[39m: [35mGET /api/auth/profile 401 69 - 0.344 ms anonymous[39m
2026-02-08 17:44:45:4445 [31merror[39m: [31mAuthentication error: jwt expired[39m
2026-02-08 17:44:45:4445 [35mhttp[39m: [35mGET /api/auth/profile 401 69 - 21.279 ms anonymous[39m
2026-02-08 17:44:45:4445 [35mhttp[39m: [35mGET /api/auth/profile 401 69 - 0.259 ms anonymous[39m
2026-02-08 17:44:45:4445 [31merror[39m: [31mAuthentication error: jwt expired[39m
2026-02-08 17:44:45:4445 [35mhttp[39m: [35mGET /api/auth/profile 401 69 - 15.106 ms anonymous[39m
2026-02-08 17:44:45:4445 [35mhttp[39m: [35mGET /api/auth/profile 401 69 - 0.267 ms anonymous[39m
2026-02-08 17:44:45:4445 [31merror[39m: [31mAuthentication error: jwt expired[39m
2026-02-08 17:44:45:4445 [35mhttp[39m: [35mGET /api/auth/profile 401 69 - 18.653 ms anonymous[39m
2026-02-08 17:44:45:4445 [35mhttp[39m: [35mGET /api/auth/profile 401 69 - 0.262 ms anonymous[39m
2026-02-08 17:44:45:4445 [35mhttp[39m: [35mGET /api/auth/profile 401 69 - 0.544 ms anonymous[39m
2026-02-08 17:44:45:4445 [31merror[39m: [31mAuthentication error: jwt expired[39m
2026-02-08 17:44:45:4445 [35mhttp[39m: [35mGET /api/auth/profile 401 69 - 14.752 ms anonymous[39m
2026-02-08 17:44:45:4445 [35mhttp[39m: [35mGET /api/auth/profile 401 69 - 0.371 ms anonymous[39m
2026-02-08 17:44:45:4445 [31merror[39m: [31mAuthentication error: jwt expired[39m
2026-02-08 17:44:45:4445 [35mhttp[39m: [35mGET /api/auth/profile 401 69 - 11.581 ms anonymous[39m
2026-02-08 17:44:45:4445 [35mhttp[39m: [35mGET /api/auth/profile 401 69 - 0.465 ms anonymous[39m
2026-02-08 17:44:45:4445 [31merror[39m: [31mAuthentication error: jwt expired[39m
2026-02-08 17:44:45:4445 [35mhttp[39m: [35mGET /api/auth/profile 401 69 - 15.656 ms anonymous[39m
2026-02-08 17:44:45:4445 [35mhttp[39m: [35mGET /api/auth/profile 401 69 - 0.123 ms anonymous[39m
2026-02-08 17:44:45:4445 [31merror[39m: [31mAuthentication error: jwt expired[39m
2026-02-08 17:44:45:4445 [35mhttp[39m: [35mGET /api/auth/profile 401 69 - 11.621 ms anonymous[39m
2026-02-08 17:44:45:4445 [35mhttp[39m: [35mGET /api/auth/profile 401 69 - 0.090 ms anonymous[39m
2026-02-08 17:44:45:4445 [35mhttp[39m: [35mGET /api/auth/profile 401 69 - 0.216 ms anonymous[39m
2026-02-08 17:44:45:4445 [31merror[39m: [31mAuthentication error: jwt expired[39m
2026-02-08 17:44:45:4445 [35mhttp[39m: [35mGET /api/auth/profile 401 69 - 22.310 ms anonymous[39m
2026-02-08 17:44:45:4445 [35mhttp[39m: [35mGET /api/auth/profile 401 69 - 0.132 ms anonymous[39m
2026-02-08 17:44:45:4445 [31merror[39m: [31mAuthentication error: jwt expired[39m
2026-02-08 17:44:45:4445 [35mhttp[39m: [35mGET /api/auth/profile 401 69 - 11.296 ms anonymous[39m
2026-02-08 17:44:45:4445 [35mhttp[39m: [35mGET /api/auth/profile 401 69 - 0.232 ms anonymous[39m
2026-02-08 17:44:45:4445 [31merror[39m: [31mAuthentication error: jwt expired[39m
2026-02-08 17:44:45:4445 [35mhttp[39m: [35mGET /api/auth/profile 401 69 - 9.388 ms anonymous[39m
2026-02-08 17:44:45:4445 [35mhttp[39m: [35mGET /api/auth/profile 401 69 - 0.079 ms anonymous[39m
2026-02-08 17:44:45:4445 [31merror[39m: [31mAuthentication error: jwt expired[39m
2026-02-08 17:44:45:4445 [35mhttp[39m: [35mGET /api/auth/profile 401 69 - 7.686 ms anonymous[39m
2026-02-08 17:44:45:4445 [35mhttp[39m: [35mGET /api/auth/profile 401 69 - 0.078 ms anonymous[39m
2026-02-08 17:44:45:4445 [35mhttp[39m: [35mGET /api/auth/profile 401 69 - 0.143 ms anonymous[39m
2026-02-08 17:44:45:4445 [31merror[39m: [31mAuthentication error: jwt expired[39m
2026-02-08 17:44:45:4445 [35mhttp[39m: [35mGET /api/auth/profile 401 69 - 18.716 ms anonymous[39m
2026-02-08 17:44:45:4445 [35mhttp[39m: [35mGET /api/auth/profile 401 69 - 0.401 ms anonymous[39m
2026-02-08 17:44:45:4445 [31merror[39m: [31mAuthentication error: jwt expired[39m
2026-02-08 17:44:45:4445 [35mhttp[39m: [35mGET /api/auth/profile 401 69 - 12.257 ms anonymous[39m
2026-02-08 17:44:46:4446 [35mhttp[39m: [35mGET /api/auth/profile 401 69 - 0.123 ms anonymous[39m
2026-02-08 17:44:46:4446 [35mhttp[39m: [35mGET /api/auth/profile 401 69 - 0.293 ms anonymous[39m
2026-02-08 17:44:46:4446 [31merror[39m: [31mAuthentication error: jwt expired[39m
2026-02-08 17:44:46:4446 [35mhttp[39m: [35mGET /api/auth/profile 401 69 - 11.293 ms anonymous[39m
2026-02-08 17:44:46:4446 [35mhttp[39m: [35mGET /api/auth/profile 401 69 - 0.124 ms anonymous[39m
2026-02-08 17:44:46:4446 [31merror[39m: [31mAuthentication error: jwt expired[39m
2026-02-08 17:44:46:4446 [35mhttp[39m: [35mGET /api/auth/profile 401 69 - 18.929 ms anonymous[39m
2026-02-08 17:44:46:4446 [35mhttp[39m: [35mGET /api/auth/profile 401 69 - 0.597 ms anonymous[39m
2026-02-08 17:44:46:4446 [31merror[39m: [31mAuthentication error: jwt expired[39m
2026-02-08 17:44:46:4446 [35mhttp[39m: [35mGET /api/auth/profile 401 69 - 18.381 ms anonymous[39m
2026-02-08 17:44:46:4446 [35mhttp[39m: [35mGET /api/auth/profile 401 69 - 0.123 ms anonymous[39m
2026-02-08 17:44:46:4446 [31merror[39m: [31mAuthentication error: jwt expired[39m
2026-02-08 17:44:46:4446 [35mhttp[39m: [35mGET /api/auth/profile 401 69 - 14.297 ms anonymous[39m
2026-02-08 17:44:46:4446 [35mhttp[39m: [35mGET /api/auth/profile 401 69 - 0.243 ms anonymous[39m
2026-02-08 17:44:46:4446 [31merror[39m: [31mAuthentication error: jwt expired[39m
2026-02-08 17:44:46:4446 [35mhttp[39m: [35mGET /api/auth/profile 401 69 - 9.707 ms anonymous[39m
2026-02-08 17:44:46:4446 [35mhttp[39m: [35mGET /api/auth/profile 401 69 - 0.076 ms anonymous[39m
2026-02-08 17:44:46:4446 [31merror[39m: [31mAuthentication error: jwt expired[39m
2026-02-08 17:44:46:4446 [35mhttp[39m: [35mGET /api/auth/profile 401 69 - 9.185 ms anonymous[39m
2026-02-08 17:44:46:4446 [35mhttp[39m: [35mGET /api/auth/profile 401 69 - 0.075 ms anonymous[39m
2026-02-08 17:44:46:4446 [35mhttp[39m: [35mGET /api/auth/profile 401 69 - 0.154 ms anonymous[39m
2026-02-08 17:44:46:4446 [31merror[39m: [31mAuthentication error: jwt expired[39m
2026-02-08 17:44:46:4446 [35mhttp[39m: [35mGET /api/auth/profile 401 69 - 15.066 ms anonymous[39m
2026-02-08 17:44:46:4446 [35mhttp[39m: [35mGET /api/auth/profile 401 69 - 0.615 ms anonymous[39m
2026-02-08 17:44:46:4446 [31merror[39m: [31mAuthentication error: jwt expired[39m
2026-02-08 17:44:46:4446 [35mhttp[39m: [35mGET /api/auth/profile 401 69 - 16.091 ms anonymous[39m
2026-02-08 17:44:46:4446 [35mhttp[39m: [35mGET /api/auth/profile 401 69 - 0.129 ms anonymous[39m
2026-02-08 17:44:46:4446 [31merror[39m: [31mAuthentication error: jwt expired[39m
2026-02-08 17:44:46:4446 [35mhttp[39m: [35mGET /api/auth/profile 401 69 - 6.882 ms anonymous[39m
2026-02-08 17:44:46:4446 [35mhttp[39m: [35mGET /api/auth/profile 401 69 - 0.109 ms anonymous[39m
2026-02-08 17:44:46:4446 [31merror[39m: [31mAuthentication error: jwt expired[39m
2026-02-08 17:44:46:4446 [35mhttp[39m: [35mGET /api/auth/profile 401 69 - 10.662 ms anonymous[39m
2026-02-08 17:44:46:4446 [35mhttp[39m: [35mGET /api/auth/profile 401 69 - 0.090 ms anonymous[39m
2026-02-08 17:44:46:4446 [31merror[39m: [31mAuthentication error: jwt expired[39m
2026-02-08 17:44:46:4446 [35mhttp[39m: [35mGET /api/auth/profile 401 69 - 16.831 ms anonymous[39m
2026-02-08 17:44:46:4446 [35mhttp[39m: [35mGET /api/auth/profile 401 69 - 0.079 ms anonymous[39m
2026-02-08 17:44:46:4446 [35mhttp[39m: [35mGET /api/auth/profile 401 69 - 0.182 ms anonymous[39m
2026-02-08 17:44:46:4446 [31merror[39m: [31mAuthentication error: jwt expired[39m
2026-02-08 17:44:46:4446 [35mhttp[39m: [35mGET /api/auth/profile 401 69 - 19.614 ms anonymous[39m
2026-02-08 17:44:46:4446 [35mhttp[39m: [35mGET /api/auth/profile 401 69 - 0.122 ms anonymous[39m
2026-02-08 17:44:46:4446 [31merror[39m: [31mAuthentication error: jwt expired[39m
2026-02-08 17:44:46:4446 [35mhttp[39m: [35mGET /api/auth/profile 401 69 - 16.660 ms anonymous[39m
2026-02-08 17:44:46:4446 [35mhttp[39m: [35mGET /api/auth/profile 401 69 - 0.136 ms anonymous[39m
2026-02-08 17:44:46:4446 [31merror[39m: [31mAuthentication error: jwt expired[39m
2026-02-08 17:44:46:4446 [35mhttp[39m: [35mGET /api/auth/profile 401 69 - 10.235 ms anonymous[39m
2026-02-08 17:44:46:4446 [35mhttp[39m: [35mGET /api/auth/profile 401 69 - 0.292 ms anonymous[39m
2026-02-08 17:44:47:4447 [31merror[39m: [31mAuthentication error: jwt expired[39m
2026-02-08 17:44:47:4447 [35mhttp[39m: [35mGET /api/auth/profile 401 69 - 23.088 ms anonymous[39m
2026-02-08 17:44:47:4447 [35mhttp[39m: [35mGET /api/auth/profile 401 69 - 0.608 ms anonymous[39m
2026-02-08 17:44:47:4447 [35mhttp[39m: [35mGET /api/auth/profile 401 69 - 0.224 ms anonymous[39m
2026-02-08 17:44:47:4447 [31merror[39m: [31mAuthentication error: jwt expired[39m
2026-02-08 17:44:47:4447 [35mhttp[39m: [35mGET /api/auth/profile 401 69 - 13.098 ms anonymous[39m
2026-02-08 17:44:47:4447 [35mhttp[39m: [35mGET /api/auth/profile 401 69 - 0.211 ms anonymous[39m
2026-02-08 17:44:47:4447 [31merror[39m: [31mAuthentication error: jwt expired[39m
2026-02-08 17:44:47:4447 [35mhttp[39m: [35mGET /api/auth/profile 401 69 - 15.736 ms anonymous[39m
2026-02-08 17:44:47:4447 [35mhttp[39m: [35mGET /api/auth/profile 401 69 - 0.217 ms anonymous[39m
2026-02-08 17:44:47:4447 [31merror[39m: [31mAuthentication error: jwt expired[39m
2026-02-08 17:44:47:4447 [35mhttp[39m: [35mGET /api/auth/profile 401 69 - 15.780 ms anonymous[39m
2026-02-08 17:44:47:4447 [35mhttp[39m: [35mGET /api/auth/profile 401 69 - 0.290 ms anonymous[39m
2026-02-08 17:44:47:4447 [31merror[39m: [31mAuthentication error: jwt expired[39m
2026-02-08 17:44:47:4447 [35mhttp[39m: [35mGET /api/auth/profile 401 69 - 14.389 ms anonymous[39m
2026-02-08 17:44:47:4447 [35mhttp[39m: [35mGET /api/auth/profile 401 69 - 0.456 ms anonymous[39m
2026-02-08 17:44:47:4447 [31merror[39m: [31mAuthentication error: jwt expired[39m
2026-02-08 17:44:47:4447 [35mhttp[39m: [35mGET /api/auth/profile 401 69 - 12.715 ms anonymous[39m
2026-02-08 17:44:47:4447 [35mhttp[39m: [35mGET /api/auth/profile 401 69 - 0.143 ms anonymous[39m
2026-02-08 17:44:47:4447 [35mhttp[39m: [35mGET /api/auth/profile 401 69 - 0.200 ms anonymous[39m
2026-02-08 17:44:47:4447 [31merror[39m: [31mAuthentication error: jwt expired[39m
2026-02-08 17:44:47:4447 [35mhttp[39m: [35mGET /api/auth/profile 401 69 - 17.353 ms anonymous[39m
2026-02-08 17:44:47:4447 [35mhttp[39m: [35mGET /api/auth/profile 401 69 - 0.227 ms anonymous[39m
2026-02-08 17:44:47:4447 [31merror[39m: [31mAuthentication error: jwt expired[39m
2026-02-08 17:44:47:4447 [35mhttp[39m: [35mGET /api/auth/profile 401 69 - 17.981 ms anonymous[39m
2026-02-08 17:44:47:4447 [35mhttp[39m: [35mGET /api/auth/profile 401 69 - 0.342 ms anonymous[39m
2026-02-08 17:44:47:4447 [31merror[39m: [31mAuthentication error: jwt expired[39m
2026-02-08 17:44:47:4447 [35mhttp[39m: [35mGET /api/auth/profile 401 69 - 20.603 ms anonymous[39m
2026-02-08 17:44:47:4447 [35mhttp[39m: [35mGET /api/auth/profile 401 69 - 0.479 ms anonymous[39m
2026-02-08 17:44:47:4447 [31merror[39m: [31mAuthentication error: jwt expired[39m
2026-02-08 17:44:47:4447 [35mhttp[39m: [35mGET /api/auth/profile 401 69 - 13.408 ms anonymous[39m
2026-02-08 17:44:47:4447 [35mhttp[39m: [35mGET /api/auth/profile 401 69 - 0.173 ms anonymous[39m
2026-02-08 17:44:47:4447 [31merror[39m: [31mAuthentication error: jwt expired[39m
2026-02-08 17:44:47:4447 [35mhttp[39m: [35mGET /api/auth/profile 401 69 - 8.488 ms anonymous[39m
2026-02-08 17:44:47:4447 [35mhttp[39m: [35mGET /api/auth/profile 401 69 - 0.080 ms anonymous[39m
2026-02-08 17:44:47:4447 [31merror[39m: [31mAuthentication error: jwt expired[39m
2026-02-08 17:44:47:4447 [35mhttp[39m: [35mGET /api/auth/profile 401 69 - 12.831 ms anonymous[39m
2026-02-08 17:44:47:4447 [35mhttp[39m: [35mGET /api/auth/profile 401 69 - 0.092 ms anonymous[39m
2026-02-08 17:44:47:4447 [31merror[39m: [31mAuthentication error: jwt expired[39m
2026-02-08 17:44:47:4447 [35mhttp[39m: [35mGET /api/auth/profile 401 69 - 14.002 ms anonymous[39m
2026-02-08 17:44:47:4447 [35mhttp[39m: [35mGET /api/auth/profile 401 69 - 0.080 ms anonymous[39m
2026-02-08 17:44:48:4448 [35mhttp[39m: [35mGET /api/auth/profile 401 69 - 0.268 ms anonymous[39m
2026-02-08 17:44:48:4448 [31merror[39m: [31mAuthentication error: jwt expired[39m
2026-02-08 17:44:48:4448 [35mhttp[39m: [35mGET /api/auth/profile 401 69 - 6.376 ms anonymous[39m
2026-02-08 17:44:48:4448 [35mhttp[39m: [35mGET /api/auth/profile 401 69 - 0.121 ms anonymous[39m
2026-02-08 17:44:48:4448 [31merror[39m: [31mAuthentication error: jwt expired[39m
2026-02-08 17:44:48:4448 [35mhttp[39m: [35mGET /api/auth/profile 401 69 - 14.105 ms anonymous[39m
2026-02-08 17:44:48:4448 [35mhttp[39m: [35mGET /api/auth/profile 401 69 - 0.211 ms anonymous[39m
2026-02-08 17:44:48:4448 [31merror[39m: [31mAuthentication error: jwt expired[39m
2026-02-08 17:44:48:4448 [35mhttp[39m: [35mGET /api/auth/profile 401 69 - 13.542 ms anonymous[39m
2026-02-08 17:44:48:4448 [35mhttp[39m: [35mGET /api/auth/profile 401 69 - 0.247 ms anonymous[39m
2026-02-08 17:44:48:4448 [31merror[39m: [31mAuthentication error: jwt expired[39m
2026-02-08 17:44:48:4448 [35mhttp[39m: [35mGET /api/auth/profile 401 69 - 28.596 ms anonymous[39m
2026-02-08 17:44:48:4448 [35mhttp[39m: [35mGET /api/auth/profile 401 69 - 0.122 ms anonymous[39m
2026-02-08 17:44:48:4448 [35mhttp[39m: [35mGET /api/auth/profile 401 69 - 0.395 ms anonymous[39m
2026-02-08 17:44:48:4448 [31merror[39m: [31mAuthentication error: jwt expired[39m
2026-02-08 17:44:48:4448 [35mhttp[39m: [35mGET /api/auth/profile 401 69 - 12.201 ms anonymous[39m
2026-02-08 17:44:48:4448 [35mhttp[39m: [35mGET /api/auth/profile 401 69 - 0.676 ms anonymous[39m
2026-02-08 17:44:48:4448 [31merror[39m: [31mAuthentication error: jwt expired[39m
2026-02-08 17:44:48:4448 [35mhttp[39m: [35mGET /api/auth/profile 401 69 - 14.331 ms anonymous[39m
2026-02-08 17:44:48:4448 [35mhttp[39m: [35mGET /api/auth/profile 401 69 - 0.295 ms anonymous[39m
2026-02-08 17:44:48:4448 [31merror[39m: [31mAuthentication error: jwt expired[39m
2026-02-08 17:44:48:4448 [35mhttp[39m: [35mGET /api/auth/profile 401 69 - 16.266 ms anonymous[39m
2026-02-08 17:44:48:4448 [35mhttp[39m: [35mGET /api/auth/profile 401 69 - 0.747 ms anonymous[39m
2026-02-08 17:44:48:4448 [31merror[39m: [31mAuthentication error: jwt expired[39m
2026-02-08 17:44:48:4448 [35mhttp[39m: [35mGET /api/auth/profile 401 69 - 19.515 ms anonymous[39m
2026-02-08 17:44:48:4448 [35mhttp[39m: [35mGET /api/auth/profile 401 69 - 0.239 ms anonymous[39m
2026-02-08 17:44:48:4448 [31merror[39m: [31mAuthentication error: jwt expired[39m
2026-02-08 17:44:48:4448 [35mhttp[39m: [35mGET /api/auth/profile 401 69 - 11.923 ms anonymous[39m
2026-02-08 17:44:48:4448 [35mhttp[39m: [35mGET /api/auth/profile 401 69 - 0.261 ms anonymous[39m
2026-02-08 17:44:48:4448 [35mhttp[39m: [35mGET /api/auth/profile 401 69 - 0.252 ms anonymous[39m
2026-02-08 17:44:48:4448 [31merror[39m: [31mAuthentication error: jwt expired[39m
2026-02-08 17:44:48:4448 [35mhttp[39m: [35mGET /api/auth/profile 401 69 - 18.088 ms anonymous[39m
2026-02-08 17:44:48:4448 [35mhttp[39m: [35mGET /api/auth/profile 401 69 - 0.428 ms anonymous[39m
2026-02-08 17:44:48:4448 [31merror[39m: [31mAuthentication error: jwt expired[39m
2026-02-08 17:44:48:4448 [35mhttp[39m: [35mGET /api/auth/profile 401 69 - 14.834 ms anonymous[39m
2026-02-08 17:44:48:4448 [35mhttp[39m: [35mGET /api/auth/profile 401 69 - 0.247 ms anonymous[39m
2026-02-08 17:44:48:4448 [31merror[39m: [31mAuthentication error: jwt expired[39m
2026-02-08 17:44:48:4448 [35mhttp[39m: [35mGET /api/auth/profile 401 69 - 15.346 ms anonymous[39m
2026-02-08 17:44:48:4448 [35mhttp[39m: [35mGET /api/auth/profile 401 69 - 0.371 ms anonymous[39m
2026-02-08 17:44:48:4448 [31merror[39m: [31mAuthentication error: jwt expired[39m
2026-02-08 17:44:48:4448 [35mhttp[39m: [35mGET /api/auth/profile 401 69 - 11.281 ms anonymous[39m
2026-02-08 17:44:48:4448 [35mhttp[39m: [35mGET /api/auth/profile 401 69 - 0.492 ms anonymous[39m
2026-02-08 17:44:48:4448 [31merror[39m: [31mAuthentication error: jwt expired[39m
2026-02-08 17:44:48:4448 [35mhttp[39m: [35mGET /api/auth/profile 401 69 - 9.557 ms anonymous[39m
2026-02-08 17:44:48:4448 [35mhttp[39m: [35mGET /api/auth/profile 401 69 - 0.324 ms anonymous[39m
2026-02-08 17:44:48:4448 [31merror[39m: [31mAuthentication error: jwt expired[39m
2026-02-08 17:44:48:4448 [35mhttp[39m: [35mGET /api/auth/profile 401 69 - 5.615 ms anonymous[39m
2026-02-08 17:44:48:4448 [35mhttp[39m: [35mGET /api/auth/profile 401 69 - 0.082 ms anonymous[39m
2026-02-08 17:44:49:4449 [35mhttp[39m: [35mGET /api/auth/profile 401 69 - 0.133 ms anonymous[39m
2026-02-08 17:44:49:4449 [31merror[39m: [31mAuthentication error: jwt expired[39m
2026-02-08 17:44:49:4449 [35mhttp[39m: [35mGET /api/auth/profile 401 69 - 14.905 ms anonymous[39m
2026-02-08 17:44:49:4449 [35mhttp[39m: [35mGET /api/auth/profile 401 69 - 0.412 ms anonymous[39m
2026-02-08 17:44:49:4449 [31merror[39m: [31mAuthentication error: jwt expired[39m
2026-02-08 17:44:49:4449 [35mhttp[39m: [35mGET /api/auth/profile 401 69 - 26.546 ms anonymous[39m
2026-02-08 17:44:49:4449 [35mhttp[39m: [35mGET /api/auth/profile 401 69 - 0.253 ms anonymous[39m
2026-02-08 17:44:49:4449 [31merror[39m: [31mAuthentication error: jwt expired[39m
2026-02-08 17:44:49:4449 [35mhttp[39m: [35mGET /api/auth/profile 401 69 - 11.561 ms anonymous[39m
2026-02-08 17:44:49:4449 [35mhttp[39m: [35mGET /api/auth/profile 401 69 - 0.089 ms anonymous[39m
2026-02-08 17:44:49:4449 [31merror[39m: [31mAuthentication error: jwt expired[39m
2026-02-08 17:44:49:4449 [35mhttp[39m: [35mGET /api/auth/profile 401 69 - 8.486 ms anonymous[39m
2026-02-08 17:44:49:4449 [35mhttp[39m: [35mGET /api/auth/profile 401 69 - 0.088 ms anonymous[39m
2026-02-08 17:44:49:4449 [35mhttp[39m: [35mGET /api/auth/profile 401 69 - 0.121 ms anonymous[39m
2026-02-08 17:44:49:4449 [31merror[39m: [31mAuthentication error: jwt expired[39m
2026-02-08 17:44:49:4449 [35mhttp[39m: [35mGET /api/auth/profile 401 69 - 16.764 ms anonymous[39m
2026-02-08 17:44:49:4449 [35mhttp[39m: [35mGET /api/auth/profile 401 69 - 0.157 ms anonymous[39m
2026-02-08 17:44:49:4449 [31merror[39m: [31mAuthentication error: jwt expired[39m
2026-02-08 17:44:49:4449 [35mhttp[39m: [35mGET /api/auth/profile 401 69 - 22.993 ms anonymous[39m
2026-02-08 17:44:49:4449 [35mhttp[39m: [35mGET /api/auth/profile 401 69 - 0.295 ms anonymous[39m
2026-02-08 17:44:49:4449 [31merror[39m: [31mAuthentication error: jwt expired[39m
2026-02-08 17:44:49:4449 [35mhttp[39m: [35mGET /api/auth/profile 401 69 - 12.825 ms anonymous[39m
2026-02-08 17:44:49:4449 [35mhttp[39m: [35mGET /api/auth/profile 401 69 - 0.361 ms anonymous[39m
2026-02-08 17:44:49:4449 [31merror[39m: [31mAuthentication error: jwt expired[39m
2026-02-08 17:44:49:4449 [35mhttp[39m: [35mGET /api/auth/profile 401 69 - 14.611 ms anonymous[39m
2026-02-08 17:44:49:4449 [35mhttp[39m: [35mGET /api/auth/profile 401 69 - 0.785 ms anonymous[39m
2026-02-08 17:44:49:4449 [31merror[39m: [31mAuthentication error: jwt expired[39m
2026-02-08 17:44:49:4449 [35mhttp[39m: [35mGET /api/auth/profile 401 69 - 18.073 ms anonymous[39m
2026-02-08 17:44:49:4449 [35mhttp[39m: [35mGET /api/auth/profile 401 69 - 0.265 ms anonymous[39m
2026-02-08 17:44:49:4449 [31merror[39m: [31mAuthentication error: jwt expired[39m
2026-02-08 17:44:49:4449 [35mhttp[39m: [35mGET /api/auth/profile 401 69 - 12.847 ms anonymous[39m
2026-02-08 17:44:49:4449 [35mhttp[39m: [35mGET /api/auth/profile 401 69 - 0.394 ms anonymous[39m
2026-02-08 17:44:49:4449 [31merror[39m: [31mAuthentication error: jwt expired[39m
2026-02-08 17:44:49:4449 [35mhttp[39m: [35mGET /api/auth/profile 401 69 - 10.446 ms anonymous[39m
2026-02-08 17:44:49:4449 [35mhttp[39m: [35mGET /api/auth/profile 401 69 - 0.384 ms anonymous[39m
2026-02-08 17:44:49:4449 [31merror[39m: [31mAuthentication error: jwt expired[39m
2026-02-08 17:44:49:4449 [35mhttp[39m: [35mGET /api/auth/profile 401 69 - 9.390 ms anonymous[39m
2026-02-08 17:44:49:4449 [35mhttp[39m: [35mGET /api/auth/profile 401 69 - 0.071 ms anonymous[39m
2026-02-08 17:44:49:4449 [35mhttp[39m: [35mGET /api/auth/profile 401 69 - 0.420 ms anonymous[39m
2026-02-08 17:44:49:4449 [31merror[39m: [31mAuthentication error: jwt expired[39m
2026-02-08 17:44:49:4449 [35mhttp[39m: [35mGET /api/auth/profile 401 69 - 9.028 ms anonymous[39m
2026-02-08 17:44:49:4449 [35mhttp[39m: [35mGET /api/auth/profile 401 69 - 0.195 ms anonymous[39m
2026-02-08 17:44:49:4449 [31merror[39m: [31mAuthentication error: jwt expired[39m
2026-02-08 17:44:49:4449 [35mhttp[39m: [35mGET /api/auth/profile 401 69 - 24.912 ms anonymous[39m
2026-02-08 17:44:49:4449 [35mhttp[39m: [35mGET /api/auth/profile 401 69 - 0.359 ms anonymous[39m
2026-02-08 17:44:49:4449 [31merror[39m: [31mAuthentication error: jwt expired[39m
2026-02-08 17:44:49:4449 [35mhttp[39m: [35mGET /api/auth/profile 401 69 - 19.137 ms anonymous[39m
2026-02-08 17:44:50:4450 [35mhttp[39m: [35mGET /api/auth/profile 401 69 - 0.240 ms anonymous[39m
2026-02-08 17:44:50:4450 [31merror[39m: [31mAuthentication error: jwt expired[39m
2026-02-08 17:44:50:4450 [35mhttp[39m: [35mGET /api/auth/profile 401 69 - 13.690 ms anonymous[39m
2026-02-08 17:44:50:4450 [35mhttp[39m: [35mGET /api/auth/profile 401 69 - 0.109 ms anonymous[39m
2026-02-08 17:44:50:4450 [31merror[39m: [31mAuthentication error: jwt expired[39m
2026-02-08 17:44:50:4450 [35mhttp[39m: [35mGET /api/auth/profile 401 69 - 10.366 ms anonymous[39m
2026-02-08 17:44:50:4450 [35mhttp[39m: [35mGET /api/auth/profile 401 69 - 0.078 ms anonymous[39m
2026-02-08 17:44:50:4450 [35mhttp[39m: [35mGET /api/auth/profile 401 69 - 0.238 ms anonymous[39m
2026-02-08 17:44:50:4450 [31merror[39m: [31mAuthentication error: jwt expired[39m
2026-02-08 17:44:50:4450 [35mhttp[39m: [35mGET /api/auth/profile 401 69 - 10.055 ms anonymous[39m
2026-02-08 17:44:50:4450 [35mhttp[39m: [35mGET /api/auth/profile 401 69 - 0.171 ms anonymous[39m
2026-02-08 17:44:50:4450 [31merror[39m: [31mAuthentication error: jwt expired[39m
2026-02-08 17:44:50:4450 [35mhttp[39m: [35mGET /api/auth/profile 401 69 - 23.315 ms anonymous[39m
2026-02-08 17:44:50:4450 [35mhttp[39m: [35mGET /api/auth/profile 401 69 - 0.540 ms anonymous[39m
2026-02-08 17:44:50:4450 [31merror[39m: [31mAuthentication error: jwt expired[39m
2026-02-08 17:44:50:4450 [35mhttp[39m: [35mGET /api/auth/profile 401 69 - 18.055 ms anonymous[39m
2026-02-08 17:44:50:4450 [35mhttp[39m: [35mGET /api/auth/profile 401 69 - 0.150 ms anonymous[39m
2026-02-08 17:44:50:4450 [31merror[39m: [31mAuthentication error: jwt expired[39m
2026-02-08 17:44:50:4450 [35mhttp[39m: [35mGET /api/auth/profile 401 69 - 8.547 ms anonymous[39m
2026-02-08 17:44:50:4450 [35mhttp[39m: [35mGET /api/auth/profile 401 69 - 0.369 ms anonymous[39m
2026-02-08 17:44:50:4450 [31merror[39m: [31mAuthentication error: jwt expired[39m
2026-02-08 17:44:50:4450 [35mhttp[39m: [35mGET /api/auth/profile 401 69 - 15.902 ms anonymous[39m
2026-02-08 17:44:50:4450 [35mhttp[39m: [35mGET /api/auth/profile 401 69 - 0.091 ms anonymous[39m
2026-02-08 17:44:50:4450 [31merror[39m: [31mAuthentication error: jwt expired[39m
2026-02-08 17:44:50:4450 [35mhttp[39m: [35mGET /api/auth/profile 401 69 - 8.535 ms anonymous[39m
2026-02-08 17:44:50:4450 [35mhttp[39m: [35mGET /api/auth/profile 401 69 - 0.077 ms anonymous[39m
2026-02-08 17:44:50:4450 [35mhttp[39m: [35mGET /api/auth/profile 401 69 - 1.536 ms anonymous[39m
2026-02-08 17:44:50:4450 [31merror[39m: [31mAuthentication error: jwt expired[39m
2026-02-08 17:44:50:4450 [35mhttp[39m: [35mGET /api/auth/profile 401 69 - 21.283 ms anonymous[39m
2026-02-08 17:44:50:4450 [35mhttp[39m: [35mGET /api/auth/profile 401 69 - 0.717 ms anonymous[39m
2026-02-08 17:44:50:4450 [31merror[39m: [31mAuthentication error: jwt expired[39m
2026-02-08 17:44:50:4450 [35mhttp[39m: [35mGET /api/auth/profile 401 69 - 16.661 ms anonymous[39m
2026-02-08 17:44:50:4450 [35mhttp[39m: [35mGET /api/auth/profile 401 69 - 0.219 ms anonymous[39m
2026-02-08 17:44:50:4450 [31merror[39m: [31mAuthentication error: jwt expired[39m
2026-02-08 17:44:50:4450 [35mhttp[39m: [35mGET /api/auth/profile 401 69 - 14.972 ms anonymous[39m
2026-02-08 17:44:50:4450 [35mhttp[39m: [35mGET /api/auth/profile 401 69 - 0.201 ms anonymous[39m
2026-02-08 17:44:50:4450 [31merror[39m: [31mAuthentication error: jwt expired[39m
2026-02-08 17:44:50:4450 [35mhttp[39m: [35mGET /api/auth/profile 401 69 - 13.879 ms anonymous[39m
2026-02-08 17:44:50:4450 [35mhttp[39m: [35mGET /api/auth/profile 401 69 - 0.207 ms anonymous[39m
2026-02-08 17:44:50:4450 [31merror[39m: [31mAuthentication error: jwt expired[39m
2026-02-08 17:44:50:4450 [35mhttp[39m: [35mGET /api/auth/profile 401 69 - 11.749 ms anonymous[39m
2026-02-08 17:44:50:4450 [35mhttp[39m: [35mGET /api/auth/profile 401 69 - 0.131 ms anonymous[39m
2026-02-08 17:44:50:4450 [31merror[39m: [31mAuthentication error: jwt expired[39m
2026-02-08 17:44:50:4450 [35mhttp[39m: [35mGET /api/auth/profile 401 69 - 10.487 ms anonymous[39m
2026-02-08 17:44:50:4450 [35mhttp[39m: [35mGET /api/auth/profile 401 69 - 0.258 ms anonymous[39m
2026-02-08 17:44:50:4450 [31merror[39m: [31mAuthentication error: jwt expired[39m
2026-02-08 17:44:50:4450 [35mhttp[39m: [35mGET /api/auth/profile 401 69 - 8.265 ms anonymous[39m
2026-02-08 17:44:50:4450 [35mhttp[39m: [35mGET /api/auth/profile 401 69 - 0.070 ms anonymous[39m
2026-02-08 17:44:51:4451 [35mhttp[39m: [35mGET /api/auth/profile 401 69 - 0.150 ms anonymous[39m
2026-02-08 17:44:51:4451 [31merror[39m: [31mAuthentication error: jwt expired[39m
2026-02-08 17:44:51:4451 [35mhttp[39m: [35mGET /api/auth/profile 401 69 - 17.698 ms anonymous[39m
2026-02-08 17:44:51:4451 [35mhttp[39m: [35mGET /api/auth/profile 401 69 - 1.972 ms anonymous[39m
2026-02-08 17:44:51:4451 [31merror[39m: [31mAuthentication error: jwt expired[39m
2026-02-08 17:44:51:4451 [35mhttp[39m: [35mGET /api/auth/profile 401 69 - 20.249 ms anonymous[39m
2026-02-08 17:44:51:4451 [35mhttp[39m: [35mGET /api/auth/profile 401 69 - 0.305 ms anonymous[39m
2026-02-08 17:44:51:4451 [31merror[39m: [31mAuthentication error: jwt expired[39m
2026-02-08 17:44:51:4451 [35mhttp[39m: [35mGET /api/auth/profile 401 69 - 18.284 ms anonymous[39m
2026-02-08 17:44:51:4451 [35mhttp[39m: [35mGET /api/auth/profile 401 69 - 0.354 ms anonymous[39m
2026-02-08 17:44:51:4451 [31merror[39m: [31mAuthentication error: jwt expired[39m
2026-02-08 17:44:51:4451 [35mhttp[39m: [35mGET /api/auth/profile 401 69 - 11.260 ms anonymous[39m
2026-02-08 17:44:51:4451 [35mhttp[39m: [35mGET /api/auth/profile 401 69 - 0.120 ms anonymous[39m
2026-02-08 17:44:51:4451 [35mhttp[39m: [35mGET /api/auth/profile 401 69 - 0.852 ms anonymous[39m
2026-02-08 17:44:51:4451 [31merror[39m: [31mAuthentication error: jwt expired[39m
2026-02-08 17:44:51:4451 [35mhttp[39m: [35mGET /api/auth/profile 401 69 - 14.695 ms anonymous[39m
2026-02-08 17:44:51:4451 [35mhttp[39m: [35mGET /api/auth/profile 401 69 - 0.600 ms anonymous[39m
2026-02-08 17:44:51:4451 [31merror[39m: [31mAuthentication error: jwt expired[39m
2026-02-08 17:44:51:4451 [35mhttp[39m: [35mGET /api/auth/profile 401 69 - 21.312 ms anonymous[39m
2026-02-08 17:44:51:4451 [35mhttp[39m: [35mGET /api/auth/profile 401 69 - 1.854 ms anonymous[39m
2026-02-08 17:44:51:4451 [31merror[39m: [31mAuthentication error: jwt expired[39m
2026-02-08 17:44:51:4451 [35mhttp[39m: [35mGET /api/auth/profile 401 69 - 12.304 ms anonymous[39m
2026-02-08 17:44:51:4451 [35mhttp[39m: [35mGET /api/auth/profile 401 69 - 0.214 ms anonymous[39m
2026-02-08 17:44:51:4451 [31merror[39m: [31mAuthentication error: jwt expired[39m
2026-02-08 17:44:51:4451 [35mhttp[39m: [35mGET /api/auth/profile 401 69 - 10.384 ms anonymous[39m
2026-02-08 17:44:51:4451 [35mhttp[39m: [35mGET /api/auth/profile 401 69 - 0.173 ms anonymous[39m
2026-02-08 17:44:51:4451 [31merror[39m: [31mAuthentication error: jwt expired[39m
2026-02-08 17:44:51:4451 [35mhttp[39m: [35mGET /api/auth/profile 401 69 - 7.955 ms anonymous[39m
2026-02-08 17:44:51:4451 [35mhttp[39m: [35mGET /api/auth/profile 401 69 - 0.073 ms anonymous[39m
2026-02-08 17:44:51:4451 [35mhttp[39m: [35mGET /api/auth/profile 401 69 - 0.134 ms anonymous[39m
2026-02-08 17:44:51:4451 [31merror[39m: [31mAuthentication error: jwt expired[39m
2026-02-08 17:44:51:4451 [35mhttp[39m: [35mGET /api/auth/profile 401 69 - 19.916 ms anonymous[39m
2026-02-08 17:44:51:4451 [35mhttp[39m: [35mGET /api/auth/profile 401 69 - 0.486 ms anonymous[39m
2026-02-08 17:44:51:4451 [31merror[39m: [31mAuthentication error: jwt expired[39m
2026-02-08 17:44:51:4451 [35mhttp[39m: [35mGET /api/auth/profile 401 69 - 15.725 ms anonymous[39m
2026-02-08 17:44:51:4451 [35mhttp[39m: [35mGET /api/auth/profile 401 69 - 0.285 ms anonymous[39m
2026-02-08 17:44:51:4451 [31merror[39m: [31mAuthentication error: jwt expired[39m
2026-02-08 17:44:51:4451 [35mhttp[39m: [35mGET /api/auth/profile 401 69 - 19.771 ms anonymous[39m
2026-02-08 17:44:51:4451 [35mhttp[39m: [35mGET /api/auth/profile 401 69 - 0.204 ms anonymous[39m
2026-02-08 17:44:51:4451 [31merror[39m: [31mAuthentication error: jwt expired[39m
2026-02-08 17:44:51:4451 [35mhttp[39m: [35mGET /api/auth/profile 401 69 - 14.367 ms anonymous[39m
2026-02-08 17:44:51:4451 [35mhttp[39m: [35mGET /api/auth/profile 401 69 - 0.277 ms anonymous[39m
2026-02-08 17:44:51:4451 [31merror[39m: [31mAuthentication error: jwt expired[39m
2026-02-08 17:44:52:4452 [35mhttp[39m: [35mGET /api/auth/profile 401 69 - 11.230 ms anonymous[39m
2026-02-08 17:44:52:4452 [35mhttp[39m: [35mGET /api/auth/profile 401 69 - 1.485 ms anonymous[39m
2026-02-08 17:45:30:4530 [32minfo[39m: [32mUser logged in successfully: chandra@gmail.com[39m
2026-02-08 17:45:30:4530 [35mhttp[39m: [35mPOST /api/auth/login 200 864 - 345.954 ms anonymous[39m
2026-02-08 17:45:34:4534 [35mhttp[39m: [35mGET /api/tenants 200 136 - 142.452 ms -[39m
2026-02-08 17:45:34:4534 [35mhttp[39m: [35mGET /api/tenants 304 - - 128.976 ms -[39m
2026-02-08 17:46:48:4648 [35mhttp[39m: [35mGET /api/tenants 304 - - 341.183 ms -[39m
2026-02-08 17:46:48:4648 [35mhttp[39m: [35mGET /api/tenants 304 - - 152.964 ms -[39m
2026-02-08 17:47:30:4730 [32minfo[39m: [32mUser profile updated: chandra@gmail.com[39m
2026-02-08 17:47:30:4730 [35mhttp[39m: [35mPUT /api/auth/profile 200 663 - 139.562 ms -[39m
2026-02-08 17:48:00:480 [35mhttp[39m: [35mGET /api/tenants 304 - - 131.841 ms -[39m
2026-02-08 17:48:00:480 [35mhttp[39m: [35mGET /api/tenants 304 - - 123.092 ms -[39m
2026-02-08 17:48:03:483 [35mhttp[39m: [35mGET /api/tenants 304 - - 121.227 ms -[39m
2026-02-08 17:48:09:489 [35mhttp[39m: [35mGET /api/tenants 304 - - 145.230 ms -[39m
2026-02-08 17:48:12:4812 [35mhttp[39m: [35mGET /api/tenants 304 - - 131.050 ms -[39m
2026-02-08 17:49:14:4914 [35mhttp[39m: [35mGET /api/tenants 304 - - 113.112 ms -[39m
2026-02-08 17:49:14:4914 [35mhttp[39m: [35mGET /api/tenants 304 - - 122.238 ms -[39m
2026-02-08 17:50:48:5048 [35mhttp[39m: [35mGET /api/tenants - - - - ms -[39m
2026-02-08 18:00:54:054 [35mhttp[39m: [35mGET /api/tenants - - - - ms anonymous[39m
2026-02-08 18:00:54:054 [35mhttp[39m: [35mGET /api/tenants - - - - ms anonymous[39m
2026-02-08 18:00:54:054 [35mhttp[39m: [35mGET /api/tenants - - - - ms anonymous[39m
2026-02-08 18:01:02:12 [35mhttp[39m: [35mGET /api/tenants 200 136 - 2465.814 ms -[39m
2026-02-08 18:01:03:13 [35mhttp[39m: [35mGET /api/tenants 304 - - 783.426 ms -[39m
2026-02-08 18:02:52:252 [33mwarn[39m: [33mValidation error:[39m
2026-02-08 18:02:52:252 [35mhttp[39m: [35mPOST /api/tenants 400 214 - 62.282 ms -[39m
2026-02-08 18:52:09:529 [32minfo[39m: [32mMongoDB Connected: ac-wv4zg3h-shard-00-01.2dxthwg.mongodb.net[39m
2026-02-08 18:52:09:529 [32minfo[39m: [32m🚀 Server running on port 3000 in development mode[39m
2026-02-08 18:52:09:529 [32minfo[39m: [32m📋 Health check: http://localhost:3000/health[39m
2026-02-08 18:52:09:529 [32minfo[39m: [32m📚 API documentation: http://localhost:3000/api/docs[39m
2026-02-08 19:15:41:1541 [32minfo[39m: [32mMongoDB Connected: ac-wv4zg3h-shard-00-01.2dxthwg.mongodb.net[39m
2026-02-08 19:15:41:1541 [32minfo[39m: [32m🚀 Server running on port 3000 in development mode[39m
2026-02-08 19:15:41:1541 [32minfo[39m: [32m📋 Health check: http://localhost:3000/health[39m
2026-02-08 19:15:41:1541 [32minfo[39m: [32m📚 API documentation: http://localhost:3000/api/docs[39m
2026-02-08 19:26:46:2646 [32minfo[39m: [32mMongoDB Connected: ac-wv4zg3h-shard-00-02.2dxthwg.mongodb.net[39m
2026-02-08 19:26:46:2646 [32minfo[39m: [32m🚀 Server running on port 5001 in development mode[39m
2026-02-08 19:26:46:2646 [32minfo[39m: [32m📋 Health check: http://localhost:5001/health[39m
2026-02-08 19:26:46:2646 [32minfo[39m: [32m📚 API documentation: http://localhost:5001/api/docs[39m
2026-02-08 20:28:15:2815 [33mwarn[39m: [33mMongoDB disconnected[39m
2026-02-08 20:28:15:2815 [33mwarn[39m: [33mMongoDB disconnected[39m
2026-02-08 23:41:12:4112 [33mwarn[39m: [33mMongoDB disconnected[39m
2026-02-08 23:41:12:4112 [33mwarn[39m: [33mMongoDB disconnected[39m
2026-02-09 00:29:17:2917 [33mwarn[39m: [33mMongoDB disconnected[39m
2026-02-09 00:45:24:4524 [33mwarn[39m: [33mMongoDB disconnected[39m
2026-02-09 01:01:54:154 [33mwarn[39m: [33mMongoDB disconnected[39m
2026-02-09 01:06:34:634 [33mwarn[39m: [33mMongoDB disconnected[39m
2026-02-09 01:23:26:2326 [33mwarn[39m: [33mMongoDB disconnected[39m
2026-02-09 01:39:01:391 [33mwarn[39m: [33mMongoDB disconnected[39m
2026-02-09 01:54:59:5459 [33mwarn[39m: [33mMongoDB disconnected[39m
2026-02-09 02:12:38:1238 [33mwarn[39m: [33mMongoDB disconnected[39m
2026-02-09 02:27:59:2759 [33mwarn[39m: [33mMongoDB disconnected[39m
2026-02-09 02:45:34:4534 [33mwarn[39m: [33mMongoDB disconnected[39m
2026-02-09 03:03:23:323 [33mwarn[39m: [33mMongoDB disconnected[39m
2026-02-09 03:20:19:2019 [33mwarn[39m: [33mMongoDB disconnected[39m
2026-02-09 03:35:29:3529 [33mwarn[39m: [33mMongoDB disconnected[39m
2026-02-09 03:51:25:5125 [33mwarn[39m: [33mMongoDB disconnected[39m
2026-02-09 04:09:00:90 [33mwarn[39m: [33mMongoDB disconnected[39m
2026-02-09 04:24:32:2432 [33mwarn[39m: [33mMongoDB disconnected[39m
2026-02-09 04:41:20:4120 [33mwarn[39m: [33mMongoDB disconnected[39m
2026-02-09 04:57:41:5741 [33mwarn[39m: [33mMongoDB disconnected[39m
2026-02-09 04:59:03:593 [33mwarn[39m: [33mMongoDB disconnected[39m
2026-02-09 05:52:13:5213 [33mwarn[39m: [33mMongoDB disconnected[39m
2026-02-09 05:52:13:5213 [33mwarn[39m: [33mMongoDB disconnected[39m
2026-02-09 06:23:35:2335 [33mwarn[39m: [33mMongoDB disconnected[39m
2026-02-09 06:23:35:2335 [33mwarn[39m: [33mMongoDB disconnected[39m
2026-02-09 07:00:02:02 [33mwarn[39m: [33mMongoDB disconnected[39m
2026-02-09 07:00:02:02 [33mwarn[39m: [33mMongoDB disconnected[39m
2026-02-09 07:18:32:1832 [33mwarn[39m: [33mMongoDB disconnected[39m
2026-02-09 08:01:03:13 [33mwarn[39m: [33mMongoDB disconnected[39m
2026-02-09 08:01:03:13 [33mwarn[39m: [33mMongoDB disconnected[39m
2026-02-09 08:33:40:3340 [33mwarn[39m: [33mMongoDB disconnected[39m
2026-02-09 08:33:40:3340 [33mwarn[39m: [33mMongoDB disconnected[39m
2026-02-09 09:02:04:24 [33mwarn[39m: [33mMongoDB disconnected[39m
2026-02-09 09:02:04:24 [33mwarn[39m: [33mMongoDB disconnected[39m
2026-02-09 09:42:26:4226 [33mwarn[39m: [33mMongoDB disconnected[39m
2026-02-09 10:06:58:658 [33mwarn[39m: [33mMongoDB disconnected[39m
2026-02-09 10:06:58:658 [33mwarn[39m: [33mMongoDB disconnected[39m
2026-02-09 10:44:10:4410 [33mwarn[39m: [33mMongoDB disconnected[39m
2026-02-09 10:44:10:4410 [33mwarn[39m: [33mMongoDB disconnected[39m
2026-02-09 11:50:33:5033 [33mwarn[39m: [33mMongoDB disconnected[39m
2026-02-09 11:50:33:5033 [33mwarn[39m: [33mMongoDB disconnected[39m
2026-02-09 15:36:40:3640 [33mwarn[39m: [33mMongoDB disconnected[39m
2026-02-09 15:36:40:3640 [33mwarn[39m: [33mMongoDB disconnected[39m
2026-02-09 15:38:35:3835 [33mwarn[39m: [33mMongoDB disconnected[39m
2026-02-09 15:38:35:3835 [33mwarn[39m: [33mMongoDB disconnected[39m
2026-02-09 15:48:26:4826 [33mwarn[39m: [33mMongoDB disconnected[39m
2026-02-09 15:48:26:4826 [33mwarn[39m: [33mMongoDB disconnected[39m
2026-02-09 15:49:55:4955 [33mwarn[39m: [33mMongoDB disconnected[39m
2026-02-09 15:49:55:4955 [33mwarn[39m: [33mMongoDB disconnected[39m
2026-02-09 16:23:46:2346 [33mwarn[39m: [33mMongoDB disconnected[39m
2026-02-09 16:23:46:2346 [33mwarn[39m: [33mMongoDB disconnected[39m
2026-02-09 16:39:36:3936 [33mwarn[39m: [33mMongoDB disconnected[39m
2026-02-09 16:39:36:3936 [33mwarn[39m: [33mMongoDB disconnected[39m
2026-02-09 16:58:29:5829 [33mwarn[39m: [33mMongoDB disconnected[39m
2026-02-09 16:58:29:5829 [33mwarn[39m: [33mMongoDB disconnected[39m
2026-02-09 17:40:37:4037 [33mwarn[39m: [33mMongoDB disconnected[39m
2026-02-09 17:40:37:4037 [33mwarn[39m: [33mMongoDB disconnected[39m
2026-02-09 18:41:38:4138 [33mwarn[39m: [33mMongoDB disconnected[39m
2026-02-09 18:41:38:4138 [33mwarn[39m: [33mMongoDB disconnected[39m
2026-02-09 19:14:53:1453 [33mwarn[39m: [33mMongoDB disconnected[39m
2026-02-09 19:14:53:1453 [33mwarn[39m: [33mMongoDB disconnected[39m
2026-02-09 19:42:33:4233 [33mwarn[39m: [33mMongoDB disconnected[39m
2026-02-09 20:12:00:120 [33mwarn[39m: [33mMongoDB disconnected[39m
2026-02-09 20:12:00:120 [33mwarn[39m: [33mMongoDB disconnected[39m
2026-02-09 21:02:14:214 [33mwarn[39m: [33mMongoDB disconnected[39m
2026-02-09 21:02:14:214 [33mwarn[39m: [33mMongoDB disconnected[39m
2026-02-11 21:05:49:549 [32minfo[39m: [32mMongoDB Connected: ac-wv4zg3h-shard-00-02.2dxthwg.mongodb.net[39m
2026-02-11 21:05:49:549 [32minfo[39m: [32m🚀 Server running on port 5001 in development mode[39m
2026-02-11 21:05:49:549 [32minfo[39m: [32m📋 Health check: http://localhost:5001/health[39m
2026-02-11 21:05:49:549 [32minfo[39m: [32m📚 API documentation: http://localhost:5001/api/docs[39m
2026-02-11 21:21:34:2134 [35mhttp[39m: [35mGET /api/health 200 102 - 9.992 ms anonymous[39m
2026-02-11 21:32:12:3212 [32minfo[39m: [32mRegistration request received:[39m
2026-02-11 21:32:12:3212 [32minfo[39m: [32mCreating user with data:[39m
2026-02-11 21:32:12:3212 [31merror[39m: [31mRegistration error: User validation failed: phone: Please provide a valid phone number[39m
2026-02-11 21:32:12:3212 [35mhttp[39m: [35mPOST /api/auth/register 500 125 - 6298.249 ms anonymous[39m
2026-02-11 21:32:32:3232 [32minfo[39m: [32mRegistration request received:[39m
2026-02-11 21:32:46:3246 [32minfo[39m: [32mCreating user with data:[39m
2026-02-11 21:33:06:336 [31merror[39m: [31mRegistration error: User validation failed: phone: Please provide a valid phone number[39m
2026-02-11 21:33:09:339 [35mhttp[39m: [35mPOST /api/auth/register 500 125 - 40267.879 ms anonymous[39m
2026-02-11 21:33:28:3328 [32minfo[39m: [32mRegistration request received:[39m
2026-02-11 21:33:28:3328 [32minfo[39m: [32mCreating user with data:[39m
2026-02-11 21:33:28:3328 [32minfo[39m: [32mUser created successfully:[39m
2026-02-11 21:34:53:3453 [32minfo[39m: [32mUser registered successfully: chandra@gmail.com[39m
2026-02-11 21:35:00:350 [35mhttp[39m: [35mPOST /api/auth/register 201 842 - 92365.580 ms anonymous[39m
2026-02-11 21:36:38:3638 [32minfo[39m: [32mMongoDB Connected: ac-wv4zg3h-shard-00-00.2dxthwg.mongodb.net[39m
2026-02-11 21:36:38:3638 [32minfo[39m: [32m🚀 Server running on port 5001 in development mode[39m
2026-02-11 21:36:38:3638 [32minfo[39m: [32m📋 Health check: http://localhost:5001/health[39m
2026-02-11 21:36:38:3638 [32minfo[39m: [32m📚 API documentation: http://localhost:5001/api/docs[39m
2026-02-11 21:38:10:3810 [32minfo[39m: [32mMongoDB Connected: ac-wv4zg3h-shard-00-02.2dxthwg.mongodb.net[39m
2026-02-11 21:38:10:3810 [32minfo[39m: [32m🚀 Server running on port 5001 in development mode[39m
2026-02-11 21:38:10:3810 [32minfo[39m: [32m📋 Health check: http://localhost:5001/health[39m
2026-02-11 21:38:10:3810 [32minfo[39m: [32m📚 API documentation: http://localhost:5001/api/docs[39m
2026-02-11 21:39:00:390 [32minfo[39m: [32mMongoDB Connected: ac-wv4zg3h-shard-00-01.2dxthwg.mongodb.net[39m
2026-02-11 21:39:00:390 [32minfo[39m: [32m🚀 Server running on port 5001 in development mode[39m
2026-02-11 21:39:00:390 [32minfo[39m: [32m📋 Health check: http://localhost:5001/health[39m
2026-02-11 21:39:00:390 [32minfo[39m: [32m📚 API documentation: http://localhost:5001/api/docs[39m
2026-02-11 21:39:49:3949 [32minfo[39m: [32mMongoDB Connected: ac-wv4zg3h-shard-00-01.2dxthwg.mongodb.net[39m
2026-02-11 21:39:49:3949 [32minfo[39m: [32m🚀 Server running on port 5001 in development mode[39m
2026-02-11 21:39:49:3949 [32minfo[39m: [32m📋 Health check: http://localhost:5001/health[39m
2026-02-11 21:39:49:3949 [32minfo[39m: [32m📚 API documentation: http://localhost:5001/api/docs[39m
2026-02-11 21:40:58:4058 [32minfo[39m: [32mMongoDB Connected: ac-wv4zg3h-shard-00-02.2dxthwg.mongodb.net[39m
2026-02-11 21:40:58:4058 [32minfo[39m: [32m🚀 Server running on port 5001 in development mode[39m
2026-02-11 21:40:58:4058 [32minfo[39m: [32m📋 Health check: http://localhost:5001/health[39m
2026-02-11 21:40:58:4058 [32minfo[39m: [32m📚 API documentation: http://localhost:5001/api/docs[39m
2026-02-11 21:41:09:419 [32minfo[39m: [32mRegistration request received:[39m
2026-02-11 21:41:09:419 [32minfo[39m: [32mCreating user with data:[39m
2026-02-11 21:41:09:419 [32minfo[39m: [32mUser created successfully:[39m
2026-02-11 21:41:10:4110 [32minfo[39m: [32mUser registered successfully: chandra@gmail.com[39m
2026-02-11 21:41:11:4111 [35mhttp[39m: [35mPOST /api/auth/register 201 842 - 9000.085 ms anonymous[39m
2026-02-11 21:46:12:4612 [32minfo[39m: [32mUser logged in successfully: chandra@gmail.com[39m
2026-02-11 21:46:15:4615 [35mhttp[39m: [35mPOST /api/auth/login 200 830 - 8019.207 ms anonymous[39m
2026-02-11 21:49:46:4946 [35mhttp[39m: [35mGET /api/auth/profile 401 69 - 21.288 ms anonymous[39m
2026-02-11 21:51:46:5146 [32minfo[39m: [32mUser logged in successfully: chandra@gmail.com[39m
2026-02-11 21:51:46:5146 [35mhttp[39m: [35mPOST /api/auth/login 200 830 - 302.983 ms anonymous[39m
2026-02-11 22:08:22:822 [35mhttp[39m: [35mGET /api/properties 200 142 - 231.144 ms -[39m
2026-02-11 22:08:23:823 [35mhttp[39m: [35mGET /api/properties 304 - - 183.518 ms -[39m
2026-02-11 22:08:39:839 [35mhttp[39m: [35mGET /api/properties 304 - - 154.740 ms -[39m
2026-02-11 22:08:43:843 [35mhttp[39m: [35mGET /api/properties 304 - - 156.355 ms -[39m
2026-02-11 22:08:43:843 [35mhttp[39m: [35mGET /api/properties 304 - - 84.117 ms -[39m
2026-02-11 22:09:01:91 [35mhttp[39m: [35mGET /api/properties 304 - - 215.252 ms -[39m
2026-02-11 22:09:52:952 [35mhttp[39m: [35mGET /api/tenants 200 136 - 278.917 ms -[39m
2026-02-11 22:09:53:953 [35mhttp[39m: [35mGET /api/tenants 304 - - 126.916 ms -[39m
2026-02-11 22:10:49:1049 [35mhttp[39m: [35mGET /api/properties 304 - - 129.353 ms -[39m
2026-02-11 22:10:49:1049 [35mhttp[39m: [35mGET /api/properties 304 - - 103.374 ms -[39m
2026-02-11 22:10:58:1058 [35mhttp[39m: [35mGET /api/tenants 304 - - 142.480 ms -[39m
2026-02-11 22:10:58:1058 [35mhttp[39m: [35mGET /api/tenants 304 - - 110.247 ms -[39m
2026-02-11 22:11:00:110 [35mhttp[39m: [35mGET /api/properties 304 - - 85.510 ms -[39m
2026-02-11 22:11:00:110 [35mhttp[39m: [35mGET /api/properties 304 - - 91.898 ms -[39m
2026-02-11 22:11:02:112 [35mhttp[39m: [35mGET /api/tenants 304 - - 225.744 ms -[39m
2026-02-11 22:11:02:112 [35mhttp[39m: [35mGET /api/tenants 304 - - 144.260 ms -[39m
2026-02-11 22:11:05:115 [35mhttp[39m: [35mGET /api/tenants 304 - - 118.353 ms -[39m
2026-02-11 22:11:07:117 [35mhttp[39m: [35mGET /api/properties 304 - - 91.638 ms -[39m
2026-02-11 22:11:07:117 [35mhttp[39m: [35mGET /api/properties 304 - - 93.049 ms -[39m
2026-02-11 22:11:15:1115 [35mhttp[39m: [35mGET /api/properties 304 - - 112.421 ms -[39m
2026-02-11 22:11:15:1115 [35mhttp[39m: [35mGET /api/properties 304 - - 78.772 ms -[39m
2026-02-11 22:11:16:1116 [35mhttp[39m: [35mGET /api/tenants 304 - - 123.358 ms -[39m
2026-02-11 22:11:16:1116 [35mhttp[39m: [35mGET /api/tenants 304 - - 115.200 ms -[39m
2026-02-11 22:11:24:1124 [35mhttp[39m: [35mGET /api/tenants 304 - - 117.873 ms -[39m
2026-02-11 22:11:24:1124 [35mhttp[39m: [35mGET /api/tenants 304 - - 109.627 ms -[39m
2026-02-11 22:15:47:1547 [35mhttp[39m: [35mGET /api/properties 304 - - 113.881 ms -[39m
2026-02-11 22:15:47:1547 [35mhttp[39m: [35mGET /api/properties 304 - - 118.830 ms -[39m
2026-02-11 22:16:03:163 [35mhttp[39m: [35mGET /api/properties 304 - - 120.444 ms -[39m
2026-02-11 22:20:15:2015 [35mhttp[39m: [35mGET /api/properties 304 - - 145.030 ms -[39m
2026-02-11 22:21:06:216 [35mhttp[39m: [35mGET /api/properties 304 - - 175.344 ms -[39m
2026-02-11 22:23:02:232 [33mwarn[39m: [33mValidation error:[39m
2026-02-11 22:23:02:232 [35mhttp[39m: [35mPOST /api/properties 400 146 - 97.818 ms -[39m
2026-02-11 22:23:09:239 [33mwarn[39m: [33mValidation error:[39m
2026-02-11 22:23:09:239 [35mhttp[39m: [35mPOST /api/properties 400 146 - 47.634 ms -[39m
2026-02-11 22:28:57:2857 [31merror[39m: [31mCreate property error: Property validation failed: createdBy: Path `createdBy` is required.[39m
2026-02-11 22:28:57:2857 [35mhttp[39m: [35mPOST /api/properties 500 133 - 149.095 ms -[39m
2026-02-11 22:29:41:2941 [33mwarn[39m: [33mMongoDB disconnected[39m
2026-02-11 22:31:34:3134 [31merror[39m: [31mCreate property error: Property validation failed: createdBy: Path `createdBy` is required.[39m
2026-02-11 22:31:34:3134 [35mhttp[39m: [35mPOST /api/properties 500 133 - 44921.971 ms -[39m
2026-02-11 22:41:35:4135 [31merror[39m: [31mCreate property error: Property validation failed: createdBy: Path `createdBy` is required.[39m
2026-02-11 22:41:35:4135 [35mhttp[39m: [35mPOST /api/properties 500 133 - 581750.775 ms -[39m
2026-02-11 22:41:35:4135 [35mhttp[39m: [35mGET /api/properties - - - - ms anonymous[39m
2026-02-11 22:41:35:4135 [35mhttp[39m: [35mGET /api/properties - - - - ms anonymous[39m
2026-02-11 22:41:44:4144 [35mhttp[39m: [35mGET /api/properties - - - - ms anonymous[39m
2026-02-11 22:41:52:4152 [35mhttp[39m: [35mGET /api/properties 200 142 - 148.341 ms -[39m
2026-02-11 22:42:17:4217 [35mhttp[39m: [35mGET /api/properties 200 142 - 200.194 ms -[39m
2026-02-11 22:42:17:4217 [35mhttp[39m: [35mGET /api/properties 200 142 - 183.528 ms -[39m
2026-02-11 22:42:32:4232 [31merror[39m: [31mCreate property error: Property validation failed: createdBy: Path `createdBy` is required.[39m
2026-02-11 22:42:32:4232 [35mhttp[39m: [35mPOST /api/properties 500 133 - 129.006 ms -[39m
2026-02-11 22:42:36:4236 [31merror[39m: [31mCreate property error: Property validation failed: createdBy: Path `createdBy` is required.[39m
2026-02-11 22:42:36:4236 [35mhttp[39m: [35mPOST /api/properties 500 133 - 59.004 ms -[39m
2026-02-11 22:42:54:4254 [32minfo[39m: [32mMongoDB Connected: ac-wv4zg3h-shard-00-00.2dxthwg.mongodb.net[39m
2026-02-11 22:42:54:4254 [32minfo[39m: [32m🚀 Server running on port 5001 in development mode[39m
2026-02-11 22:42:54:4254 [32minfo[39m: [32m📋 Health check: http://localhost:5001/health[39m
2026-02-11 22:42:54:4254 [32minfo[39m: [32m📚 API documentation: http://localhost:5001/api/docs[39m
2026-02-11 22:43:05:435 [32minfo[39m: [32mProperty created: 698d4c49cd79418d5144d28a[39m
2026-02-11 22:43:07:437 [35mhttp[39m: [35mPOST /api/properties 201 727 - 8888.728 ms -[39m
2026-02-11 22:43:22:4322 [35mhttp[39m: [35mGET /api/properties 200 758 - 288.916 ms -[39m
2026-02-11 22:43:23:4323 [35mhttp[39m: [35mGET /api/properties 304 - - 142.817 ms -[39m
2026-02-11 22:44:30:4430 [33mwarn[39m: [33mValidation error:[39m
2026-02-11 22:44:30:4430 [35mhttp[39m: [35mPOST /api/tenants 400 106 - 85.071 ms -[39m
2026-02-11 22:46:12:4612 [33mwarn[39m: [33mValidation error:[39m
2026-02-11 22:46:12:4612 [35mhttp[39m: [35mPOST /api/tenants 400 106 - 72.426 ms -[39m
2026-02-11 22:48:52:4852 [35mhttp[39m: [35mGET /api/properties 304 - - 297.169 ms -[39m
2026-02-11 22:55:18:5518 [35mhttp[39m: [35mGET /api/properties 304 - - 408.014 ms -[39m
2026-02-11 22:55:38:5538 [35mhttp[39m: [35mGET /api/properties 304 - - 253.542 ms -[39m
2026-02-11 22:58:54:5854 [35mhttp[39m: [35mGET /api/properties 304 - - 391.839 ms -[39m
2026-02-11 23:03:51:351 [35mhttp[39m: [35mGET /api/properties 304 - - 238.965 ms -[39m
2026-02-11 23:03:52:352 [35mhttp[39m: [35mGET /api/properties 304 - - 162.835 ms -[39m
2026-02-11 23:05:07:57 [33mwarn[39m: [33mValidation error:[39m
2026-02-11 23:05:07:57 [35mhttp[39m: [35mPOST /api/tenants 400 271 - 95.895 ms -[39m
2026-02-11 23:09:36:936 [33mwarn[39m: [33mMongoDB disconnected[39m
2026-02-11 23:14:36:1436 [35mhttp[39m: [35mGET /api/properties 304 - - 642.590 ms -[39m
2026-02-11 23:27:27:2727 [35mhttp[39m: [35mGET /api/properties 304 - - 357.284 ms -[39m
2026-02-11 23:27:27:2727 [35mhttp[39m: [35mGET /api/properties 304 - - 132.517 ms -[39m
2026-02-11 23:27:37:2737 [35mhttp[39m: [35mGET /api/properties 304 - - 195.538 ms -[39m
2026-02-11 23:27:49:2749 [35mhttp[39m: [35mGET /api/properties 304 - - 254.752 ms -[39m
2026-02-11 23:28:05:285 [35mhttp[39m: [35mGET /api/properties 304 - - 152.592 ms -[39m
2026-02-11 23:28:42:2842 [35mhttp[39m: [35mGET /api/properties 304 - - 230.621 ms -[39m
2026-02-11 23:34:31:3431 [35mhttp[39m: [35mGET /api/properties 304 - - 262.554 ms -[39m
2026-02-11 23:36:15:3615 [33mwarn[39m: [33mValidation error:[39m
2026-02-11 23:36:15:3615 [35mhttp[39m: [35mPOST /api/tenants 400 271 - 86.393 ms -[39m
2026-02-11 23:36:40:3640 [32minfo[39m: [32mMongoDB Connected: ac-wv4zg3h-shard-00-01.2dxthwg.mongodb.net[39m
2026-02-11 23:36:40:3640 [32minfo[39m: [32m🚀 Server running on port 5001 in development mode[39m
2026-02-11 23:36:40:3640 [32minfo[39m: [32m📋 Health check: http://localhost:5001/health[39m
2026-02-11 23:36:40:3640 [32minfo[39m: [32m📚 API documentation: http://localhost:5001/api/docs[39m
2026-02-11 23:36:51:3651 [33mwarn[39m: [33mValidation error:[39m
2026-02-11 23:36:51:3651 [35mhttp[39m: [35mPOST /api/tenants 400 294 - 137.907 ms -[39m
2026-02-11 23:39:19:3919 [32minfo[39m: [32mMongoDB Connected: ac-wv4zg3h-shard-00-02.2dxthwg.mongodb.net[39m
2026-02-11 23:39:19:3919 [32minfo[39m: [32m🚀 Server running on port 5001 in development mode[39m
2026-02-11 23:39:19:3919 [32minfo[39m: [32m📋 Health check: http://localhost:5001/health[39m
2026-02-11 23:39:19:3919 [32minfo[39m: [32m📚 API documentation: http://localhost:5001/api/docs[39m
2026-02-11 23:40:02:402 [35mhttp[39m: [35mPOST /api/tenants - - - - ms -[39m
2026-02-11 23:41:39:4139 [32minfo[39m: [32mNew user created for tenant: 698d5a0060a061e9b57615c7[39m
2026-02-11 23:42:23:4223 [32minfo[39m: [32mTenant created: 698d5a1760a061e9b57615c9[39m
2026-02-11 23:42:55:4255 [32minfo[39m: [32mTenant created: 698d5a4f60a061e9b57615d2[39m
2026-02-11 23:42:55:4255 [35mhttp[39m: [35mPOST /api/tenants 201 - - 3574.006 ms -[39m
2026-02-11 23:43:09:439 [35mhttp[39m: [35mGET /api/tenants 200 - - 235.650 ms -[39m
2026-02-11 23:43:11:4311 [35mhttp[39m: [35mGET /api/tenants 304 - - 199.232 ms -[39m
2026-02-11 23:43:12:4312 [35mhttp[39m: [35mGET /api/tenants 304 - - 189.447 ms -[39m
2026-02-11 23:44:52:4452 [35mhttp[39m: [35mGET /api/tenants 304 - - 240.488 ms -[39m
2026-02-11 23:44:54:4454 [35mhttp[39m: [35mGET /api/tenants 304 - - 286.904 ms -[39m
