2025-11-02 17:24:01:241 [31merror[39m: [31mRegistration error: secretOrPrivateKey must have a value[39m
2025-11-02 17:43:01:431 [31merror[39m: [31mRegistration error: secretOrPrivateKey must have a value[39m
2025-11-02 17:45:49:4549 [31merror[39m: [31mError: Route /auth/register not found[39m
2025-11-02 17:46:41:4641 [31merror[39m: [31mRegistration error: secretOrPrivateKey must have a value[39m
2025-11-02 17:51:15:5115 [31merror[39m: [31mRegistration error: secretOrPrivateKey must have a value[39m
2025-11-02 18:07:21:721 [31merror[39m: [31mRegistration error: secretOrPrivateKey must have a value[39m
2025-11-02 18:10:37:1037 [31merror[39m: [31mAuthentication error: invalid signature[39m
2025-11-02 18:26:46:2646 [31merror[39m: [31mError: Route /auth/login not found[39m
2025-11-02 18:31:25:3125 [31merror[39m: [31mAuthentication error: invalid signature[39m
2025-11-02 18:46:04:464 [31merror[39m: [31mError: Route /auth/logout not found[39m
2025-11-02 18:54:21:5421 [31merror[39m: [31mAuthentication error: invalid signature[39m
2025-11-02 19:05:25:525 [31merror[39m: [31mAuthentication error: invalid signature[39m
2025-11-02 19:09:11:911 [31merror[39m: [31mAuthentication error: invalid signature[39m
2025-11-02 19:15:50:1550 [31merror[39m: [31mAuthentication error: invalid signature[39m
2025-11-02 19:18:34:1834 [31merror[39m: [31mAuthentication error: invalid signature[39m
2025-11-02 19:25:44:2544 [31merror[39m: [31mAuthentication error: invalid signature[39m
2025-11-02 19:26:41:2641 [31merror[39m: [31mAuthentication error: invalid signature[39m
2025-11-02 19:27:10:2710 [31merror[39m: [31mAuthentication error: invalid signature[39m
2025-11-02 19:27:44:2744 [31merror[39m: [31mAuthentication error: invalid signature[39m
2025-11-02 19:39:31:3931 [31merror[39m: [31mAuthentication error: invalid signature[39m
2025-11-02 19:39:44:3944 [31merror[39m: [31mAuthentication error: invalid signature[39m
2025-11-02 19:40:51:4051 [31merror[39m: [31mAuthentication error: invalid signature[39m
2025-11-02 19:46:16:4616 [31merror[39m: [31mAuthentication error: invalid signature[39m
2025-11-02 19:55:23:5523 [31merror[39m: [31mAuthentication error: invalid signature[39m
2025-11-02 20:01:18:118 [31merror[39m: [31mAuthentication error: invalid signature[39m
2025-11-02 20:01:45:145 [31merror[39m: [31mAuthentication error: invalid signature[39m
2025-11-02 20:08:38:838 [31merror[39m: [31mUnhandled Promise Rejection: token is not defined[39m
2025-11-02 20:11:05:115 [31merror[39m: [31mAuthentication error: invalid signature[39m
2025-11-02 20:17:02:172 [31merror[39m: [31mAuthentication error: invalid signature[39m
2025-11-02 20:17:46:1746 [31merror[39m: [31mRegistration error: newUser is not defined[39m
2025-11-02 20:18:16:1816 [31merror[39m: [31mRegistration error: newUser is not defined[39m
2025-11-02 20:33:14:3314 [31merror[39m: [31mRegistration error: newUser is not defined[39m
2025-11-02 20:35:27:3527 [31merror[39m: [31mRegistration error: newUser is not defined[39m
2025-11-02 20:39:20:3920 [31merror[39m: [31mAuthentication error: invalid signature[39m
2025-11-02 21:10:39:1039 [31merror[39m: [31mGet tenants error: buildQuery is not a function[39m
2025-11-02 21:10:59:1059 [31merror[39m: [31mGet tenants error: buildQuery is not a function[39m
2025-11-02 21:11:34:1134 [31merror[39m: [31mGet tenants error: buildQuery is not a function[39m
2025-11-02 21:11:34:1134 [31merror[39m: [31mGet tenants error: buildQuery is not a function[39m
2026-01-17 18:54:28:5428 [31merror[39m: [31mDatabase connection failed: querySrv ENOTFOUND _mongodb._tcp.tenanttracker.2dxthwg.mongodb.net[39m
2026-02-08 17:42:31:4231 [31merror[39m: [31mAuthentication error: jwt expired[39m
2026-02-08 17:42:31:4231 [31merror[39m: [31mAuthentication error: jwt expired[39m
2026-02-08 17:42:31:4231 [31merror[39m: [31mAuthentication error: jwt expired[39m
2026-02-08 17:42:31:4231 [31merror[39m: [31mAuthentication error: jwt expired[39m
2026-02-08 17:42:31:4231 [31merror[39m: [31mAuthentication error: jwt expired[39m
2026-02-08 17:42:31:4231 [31merror[39m: [31mAuthentication error: jwt expired[39m
2026-02-08 17:42:31:4231 [31merror[39m: [31mAuthentication error: jwt expired[39m
2026-02-08 17:42:31:4231 [31merror[39m: [31mAuthentication error: jwt expired[39m
2026-02-08 17:42:32:4232 [31merror[39m: [31mAuthentication error: jwt expired[39m
2026-02-08 17:42:32:4232 [31merror[39m: [31mAuthentication error: jwt expired[39m
2026-02-08 17:42:32:4232 [31merror[39m: [31mAuthentication error: jwt expired[39m
2026-02-08 17:42:32:4232 [31merror[39m: [31mAuthentication error: jwt expired[39m
2026-02-08 17:42:32:4232 [31merror[39m: [31mAuthentication error: jwt expired[39m
2026-02-08 17:42:32:4232 [31merror[39m: [31mAuthentication error: jwt expired[39m
2026-02-08 17:42:32:4232 [31merror[39m: [31mAuthentication error: jwt expired[39m
2026-02-08 17:42:32:4232 [31merror[39m: [31mAuthentication error: jwt expired[39m
2026-02-08 17:42:32:4232 [31merror[39m: [31mAuthentication error: jwt expired[39m
2026-02-08 17:42:33:4233 [31merror[39m: [31mAuthentication error: jwt expired[39m
2026-02-08 17:42:33:4233 [31merror[39m: [31mAuthentication error: jwt expired[39m
2026-02-08 17:42:33:4233 [31merror[39m: [31mAuthentication error: jwt expired[39m
2026-02-08 17:42:33:4233 [31merror[39m: [31mAuthentication error: jwt expired[39m
2026-02-08 17:42:33:4233 [31merror[39m: [31mAuthentication error: jwt expired[39m
2026-02-08 17:42:33:4233 [31merror[39m: [31mAuthentication error: jwt expired[39m
2026-02-08 17:42:33:4233 [31merror[39m: [31mAuthentication error: jwt expired[39m
2026-02-08 17:42:33:4233 [31merror[39m: [31mAuthentication error: jwt expired[39m
2026-02-08 17:42:33:4233 [31merror[39m: [31mAuthentication error: jwt expired[39m
2026-02-08 17:42:33:4233 [31merror[39m: [31mAuthentication error: jwt expired[39m
2026-02-08 17:42:34:4234 [31merror[39m: [31mAuthentication error: jwt expired[39m
2026-02-08 17:42:34:4234 [31merror[39m: [31mAuthentication error: jwt expired[39m
2026-02-08 17:42:34:4234 [31merror[39m: [31mAuthentication error: jwt expired[39m
2026-02-08 17:42:34:4234 [31merror[39m: [31mAuthentication error: jwt expired[39m
2026-02-08 17:42:34:4234 [31merror[39m: [31mAuthentication error: jwt expired[39m
2026-02-08 17:42:34:4234 [31merror[39m: [31mAuthentication error: jwt expired[39m
2026-02-08 17:42:34:4234 [31merror[39m: [31mAuthentication error: jwt expired[39m
2026-02-08 17:42:34:4234 [31merror[39m: [31mAuthentication error: jwt expired[39m
2026-02-08 17:42:34:4234 [31merror[39m: [31mAuthentication error: jwt expired[39m
2026-02-08 17:42:35:4235 [31merror[39m: [31mAuthentication error: jwt expired[39m
2026-02-08 17:42:35:4235 [31merror[39m: [31mAuthentication error: jwt expired[39m
2026-02-08 17:42:35:4235 [31merror[39m: [31mAuthentication error: jwt expired[39m
2026-02-08 17:42:35:4235 [31merror[39m: [31mAuthentication error: jwt expired[39m
2026-02-08 17:42:35:4235 [31merror[39m: [31mAuthentication error: jwt expired[39m
2026-02-08 17:42:35:4235 [31merror[39m: [31mAuthentication error: jwt expired[39m
2026-02-08 17:42:35:4235 [31merror[39m: [31mAuthentication error: jwt expired[39m
2026-02-08 17:42:35:4235 [31merror[39m: [31mAuthentication error: jwt expired[39m
2026-02-08 17:42:35:4235 [31merror[39m: [31mAuthentication error: jwt expired[39m
2026-02-08 17:42:36:4236 [31merror[39m: [31mAuthentication error: jwt expired[39m
2026-02-08 17:42:36:4236 [31merror[39m: [31mAuthentication error: jwt expired[39m
2026-02-08 17:42:36:4236 [31merror[39m: [31mAuthentication error: jwt expired[39m
2026-02-08 17:42:36:4236 [31merror[39m: [31mAuthentication error: jwt expired[39m
2026-02-08 17:42:36:4236 [31merror[39m: [31mAuthentication error: jwt expired[39m
2026-02-08 17:42:36:4236 [31merror[39m: [31mAuthentication error: jwt expired[39m
2026-02-08 17:42:36:4236 [31merror[39m: [31mAuthentication error: jwt expired[39m
2026-02-08 17:42:36:4236 [31merror[39m: [31mAuthentication error: jwt expired[39m
2026-02-08 17:42:36:4236 [31merror[39m: [31mAuthentication error: jwt expired[39m
2026-02-08 17:42:36:4236 [31merror[39m: [31mAuthentication error: jwt expired[39m
2026-02-08 17:42:37:4237 [31merror[39m: [31mAuthentication error: jwt expired[39m
2026-02-08 17:42:40:4240 [31merror[39m: [31mAuthentication error: jwt expired[39m
2026-02-08 17:42:40:4240 [31merror[39m: [31mAuthentication error: jwt expired[39m
2026-02-08 17:42:40:4240 [31merror[39m: [31mAuthentication error: jwt expired[39m
2026-02-08 17:42:40:4240 [31merror[39m: [31mAuthentication error: jwt expired[39m
2026-02-08 17:42:40:4240 [31merror[39m: [31mAuthentication error: jwt expired[39m
2026-02-08 17:42:40:4240 [31merror[39m: [31mAuthentication error: jwt expired[39m
2026-02-08 17:42:41:4241 [31merror[39m: [31mAuthentication error: jwt expired[39m
2026-02-08 17:42:41:4241 [31merror[39m: [31mAuthentication error: jwt expired[39m
2026-02-08 17:42:41:4241 [31merror[39m: [31mAuthentication error: jwt expired[39m
2026-02-08 17:42:41:4241 [31merror[39m: [31mAuthentication error: jwt expired[39m
2026-02-08 17:42:41:4241 [31merror[39m: [31mAuthentication error: jwt expired[39m
2026-02-08 17:42:41:4241 [31merror[39m: [31mAuthentication error: jwt expired[39m
2026-02-08 17:42:41:4241 [31merror[39m: [31mAuthentication error: jwt expired[39m
2026-02-08 17:42:41:4241 [31merror[39m: [31mAuthentication error: jwt expired[39m
2026-02-08 17:42:41:4241 [31merror[39m: [31mAuthentication error: jwt expired[39m
2026-02-08 17:42:41:4241 [31merror[39m: [31mAuthentication error: jwt expired[39m
2026-02-08 17:42:41:4241 [31merror[39m: [31mAuthentication error: jwt expired[39m
2026-02-08 17:42:41:4241 [31merror[39m: [31mAuthentication error: jwt expired[39m
2026-02-08 17:42:41:4241 [31merror[39m: [31mAuthentication error: jwt expired[39m
2026-02-08 17:42:41:4241 [31merror[39m: [31mAuthentication error: jwt expired[39m
2026-02-08 17:42:41:4241 [31merror[39m: [31mAuthentication error: jwt expired[39m
2026-02-08 17:42:41:4241 [31merror[39m: [31mAuthentication error: jwt expired[39m
2026-02-08 17:42:42:4242 [31merror[39m: [31mAuthentication error: jwt expired[39m
2026-02-08 17:42:42:4242 [31merror[39m: [31mAuthentication error: jwt expired[39m
2026-02-08 17:42:42:4242 [31merror[39m: [31mAuthentication error: jwt expired[39m
2026-02-08 17:42:42:4242 [31merror[39m: [31mAuthentication error: jwt expired[39m
2026-02-08 17:42:42:4242 [31merror[39m: [31mAuthentication error: jwt expired[39m
2026-02-08 17:42:42:4242 [31merror[39m: [31mAuthentication error: jwt expired[39m
2026-02-08 17:42:42:4242 [31merror[39m: [31mAuthentication error: jwt expired[39m
2026-02-08 17:42:42:4242 [31merror[39m: [31mAuthentication error: jwt expired[39m
2026-02-08 17:42:42:4242 [31merror[39m: [31mAuthentication error: jwt expired[39m
2026-02-08 17:42:42:4242 [31merror[39m: [31mAuthentication error: jwt expired[39m
2026-02-08 17:42:42:4242 [31merror[39m: [31mAuthentication error: jwt expired[39m
2026-02-08 17:42:42:4242 [31merror[39m: [31mAuthentication error: jwt expired[39m
2026-02-08 17:42:42:4242 [31merror[39m: [31mAuthentication error: jwt expired[39m
2026-02-08 17:42:42:4242 [31merror[39m: [31mAuthentication error: jwt expired[39m
2026-02-08 17:42:42:4242 [31merror[39m: [31mAuthentication error: jwt expired[39m
2026-02-08 17:42:42:4242 [31merror[39m: [31mAuthentication error: jwt expired[39m
2026-02-08 17:42:42:4242 [31merror[39m: [31mAuthentication error: jwt expired[39m
2026-02-08 17:42:42:4242 [31merror[39m: [31mAuthentication error: jwt expired[39m
2026-02-08 17:42:42:4242 [31merror[39m: [31mAuthentication error: jwt expired[39m
2026-02-08 17:42:43:4243 [31merror[39m: [31mAuthentication error: jwt expired[39m
2026-02-08 17:42:43:4243 [31merror[39m: [31mAuthentication error: jwt expired[39m
2026-02-08 17:42:43:4243 [31merror[39m: [31mAuthentication error: jwt expired[39m
2026-02-08 17:42:43:4243 [31merror[39m: [31mAuthentication error: jwt expired[39m
2026-02-08 17:42:43:4243 [31merror[39m: [31mAuthentication error: jwt expired[39m
2026-02-08 17:42:43:4243 [31merror[39m: [31mAuthentication error: jwt expired[39m
2026-02-08 17:42:43:4243 [31merror[39m: [31mAuthentication error: jwt expired[39m
2026-02-08 17:42:43:4243 [31merror[39m: [31mAuthentication error: jwt expired[39m
2026-02-08 17:42:43:4243 [31merror[39m: [31mAuthentication error: jwt expired[39m
2026-02-08 17:42:43:4243 [31merror[39m: [31mAuthentication error: jwt expired[39m
2026-02-08 17:42:43:4243 [31merror[39m: [31mAuthentication error: jwt expired[39m
2026-02-08 17:42:43:4243 [31merror[39m: [31mAuthentication error: jwt expired[39m
2026-02-08 17:42:43:4243 [31merror[39m: [31mAuthentication error: jwt expired[39m
2026-02-08 17:42:43:4243 [31merror[39m: [31mAuthentication error: jwt expired[39m
2026-02-08 17:42:43:4243 [31merror[39m: [31mAuthentication error: jwt expired[39m
2026-02-08 17:42:43:4243 [31merror[39m: [31mAuthentication error: jwt expired[39m
2026-02-08 17:42:43:4243 [31merror[39m: [31mAuthentication error: jwt expired[39m
2026-02-08 17:42:43:4243 [31merror[39m: [31mAuthentication error: jwt expired[39m
2026-02-08 17:42:43:4243 [31merror[39m: [31mAuthentication error: jwt expired[39m
2026-02-08 17:42:43:4243 [31merror[39m: [31mAuthentication error: jwt expired[39m
2026-02-08 17:42:43:4243 [31merror[39m: [31mAuthentication error: jwt expired[39m
2026-02-08 17:42:44:4244 [31merror[39m: [31mAuthentication error: jwt expired[39m
2026-02-08 17:42:44:4244 [31merror[39m: [31mAuthentication error: jwt expired[39m
2026-02-08 17:42:44:4244 [31merror[39m: [31mAuthentication error: jwt expired[39m
2026-02-08 17:42:44:4244 [31merror[39m: [31mAuthentication error: jwt expired[39m
2026-02-08 17:42:44:4244 [31merror[39m: [31mAuthentication error: jwt expired[39m
2026-02-08 17:42:44:4244 [31merror[39m: [31mAuthentication error: jwt expired[39m
2026-02-08 17:42:44:4244 [31merror[39m: [31mAuthentication error: jwt expired[39m
2026-02-08 17:42:44:4244 [31merror[39m: [31mAuthentication error: jwt expired[39m
2026-02-08 17:42:44:4244 [31merror[39m: [31mAuthentication error: jwt expired[39m
2026-02-08 17:42:44:4244 [31merror[39m: [31mAuthentication error: jwt expired[39m
2026-02-08 17:42:44:4244 [31merror[39m: [31mAuthentication error: jwt expired[39m
2026-02-08 17:42:44:4244 [31merror[39m: [31mAuthentication error: jwt expired[39m
2026-02-08 17:42:44:4244 [31merror[39m: [31mAuthentication error: jwt expired[39m
2026-02-08 17:42:44:4244 [31merror[39m: [31mAuthentication error: jwt expired[39m
2026-02-08 17:42:44:4244 [31merror[39m: [31mAuthentication error: jwt expired[39m
2026-02-08 17:42:44:4244 [31merror[39m: [31mAuthentication error: jwt expired[39m
2026-02-08 17:42:44:4244 [31merror[39m: [31mAuthentication error: jwt expired[39m
2026-02-08 17:42:44:4244 [31merror[39m: [31mAuthentication error: jwt expired[39m
2026-02-08 17:42:44:4244 [31merror[39m: [31mAuthentication error: jwt expired[39m
2026-02-08 17:42:44:4244 [31merror[39m: [31mAuthentication error: jwt expired[39m
2026-02-08 17:42:44:4244 [31merror[39m: [31mAuthentication error: jwt expired[39m
2026-02-08 17:42:44:4244 [31merror[39m: [31mAuthentication error: jwt expired[39m
2026-02-08 17:42:45:4245 [31merror[39m: [31mAuthentication error: jwt expired[39m
2026-02-08 17:42:45:4245 [31merror[39m: [31mAuthentication error: jwt expired[39m
2026-02-08 17:42:45:4245 [31merror[39m: [31mAuthentication error: jwt expired[39m
2026-02-08 17:42:45:4245 [31merror[39m: [31mAuthentication error: jwt expired[39m
2026-02-08 17:42:45:4245 [31merror[39m: [31mAuthentication error: jwt expired[39m
2026-02-08 17:42:45:4245 [31merror[39m: [31mAuthentication error: jwt expired[39m
2026-02-08 17:42:45:4245 [31merror[39m: [31mAuthentication error: jwt expired[39m
2026-02-08 17:42:45:4245 [31merror[39m: [31mAuthentication error: jwt expired[39m
2026-02-08 17:42:45:4245 [31merror[39m: [31mAuthentication error: jwt expired[39m
2026-02-08 17:42:45:4245 [31merror[39m: [31mAuthentication error: jwt expired[39m
2026-02-08 17:42:45:4245 [31merror[39m: [31mAuthentication error: jwt expired[39m
2026-02-08 17:42:45:4245 [31merror[39m: [31mAuthentication error: jwt expired[39m
2026-02-08 17:42:45:4245 [31merror[39m: [31mAuthentication error: jwt expired[39m
2026-02-08 17:42:45:4245 [31merror[39m: [31mAuthentication error: jwt expired[39m
2026-02-08 17:42:45:4245 [31merror[39m: [31mAuthentication error: jwt expired[39m
2026-02-08 17:42:45:4245 [31merror[39m: [31mAuthentication error: jwt expired[39m
2026-02-08 17:42:46:4246 [31merror[39m: [31mAuthentication error: jwt expired[39m
2026-02-08 17:42:46:4246 [31merror[39m: [31mAuthentication error: jwt expired[39m
2026-02-08 17:42:46:4246 [31merror[39m: [31mAuthentication error: jwt expired[39m
2026-02-08 17:42:46:4246 [31merror[39m: [31mAuthentication error: jwt expired[39m
2026-02-08 17:42:46:4246 [31merror[39m: [31mAuthentication error: jwt expired[39m
2026-02-08 17:42:46:4246 [31merror[39m: [31mAuthentication error: jwt expired[39m
2026-02-08 17:42:46:4246 [31merror[39m: [31mAuthentication error: jwt expired[39m
2026-02-08 17:42:46:4246 [31merror[39m: [31mAuthentication error: jwt expired[39m
2026-02-08 17:42:46:4246 [31merror[39m: [31mAuthentication error: jwt expired[39m
2026-02-08 17:42:46:4246 [31merror[39m: [31mAuthentication error: jwt expired[39m
2026-02-08 17:42:46:4246 [31merror[39m: [31mAuthentication error: jwt expired[39m
2026-02-08 17:42:46:4246 [31merror[39m: [31mAuthentication error: jwt expired[39m
2026-02-08 17:42:46:4246 [31merror[39m: [31mAuthentication error: jwt expired[39m
2026-02-08 17:42:46:4246 [31merror[39m: [31mAuthentication error: jwt expired[39m
2026-02-08 17:42:46:4246 [31merror[39m: [31mAuthentication error: jwt expired[39m
2026-02-08 17:42:46:4246 [31merror[39m: [31mAuthentication error: jwt expired[39m
2026-02-08 17:42:46:4246 [31merror[39m: [31mAuthentication error: jwt expired[39m
2026-02-08 17:42:46:4246 [31merror[39m: [31mAuthentication error: jwt expired[39m
2026-02-08 17:42:47:4247 [31merror[39m: [31mAuthentication error: jwt expired[39m
2026-02-08 17:42:47:4247 [31merror[39m: [31mAuthentication error: jwt expired[39m
2026-02-08 17:42:47:4247 [31merror[39m: [31mAuthentication error: jwt expired[39m
2026-02-08 17:42:47:4247 [31merror[39m: [31mAuthentication error: jwt expired[39m
2026-02-08 17:42:47:4247 [31merror[39m: [31mAuthentication error: jwt expired[39m
2026-02-08 17:42:47:4247 [31merror[39m: [31mAuthentication error: jwt expired[39m
2026-02-08 17:42:47:4247 [31merror[39m: [31mAuthentication error: jwt expired[39m
2026-02-08 17:42:47:4247 [31merror[39m: [31mAuthentication error: jwt expired[39m
2026-02-08 17:42:47:4247 [31merror[39m: [31mAuthentication error: jwt expired[39m
2026-02-08 17:42:47:4247 [31merror[39m: [31mAuthentication error: jwt expired[39m
2026-02-08 17:42:47:4247 [31merror[39m: [31mAuthentication error: jwt expired[39m
2026-02-08 17:42:47:4247 [31merror[39m: [31mAuthentication error: jwt expired[39m
2026-02-08 17:42:47:4247 [31merror[39m: [31mAuthentication error: jwt expired[39m
2026-02-08 17:42:47:4247 [31merror[39m: [31mAuthentication error: jwt expired[39m
2026-02-08 17:42:47:4247 [31merror[39m: [31mAuthentication error: jwt expired[39m
2026-02-08 17:42:47:4247 [31merror[39m: [31mAuthentication error: jwt expired[39m
2026-02-08 17:42:47:4247 [31merror[39m: [31mAuthentication error: jwt expired[39m
2026-02-08 17:42:47:4247 [31merror[39m: [31mAuthentication error: jwt expired[39m
2026-02-08 17:42:47:4247 [31merror[39m: [31mAuthentication error: jwt expired[39m
2026-02-08 17:42:47:4247 [31merror[39m: [31mAuthentication error: jwt expired[39m
2026-02-08 17:42:47:4247 [31merror[39m: [31mAuthentication error: jwt expired[39m
2026-02-08 17:42:48:4248 [31merror[39m: [31mAuthentication error: jwt expired[39m
2026-02-08 17:42:48:4248 [31merror[39m: [31mAuthentication error: jwt expired[39m
2026-02-08 17:42:48:4248 [31merror[39m: [31mAuthentication error: jwt expired[39m
2026-02-08 17:42:48:4248 [31merror[39m: [31mAuthentication error: jwt expired[39m
2026-02-08 17:42:48:4248 [31merror[39m: [31mAuthentication error: jwt expired[39m
2026-02-08 17:42:48:4248 [31merror[39m: [31mAuthentication error: jwt expired[39m
2026-02-08 17:42:48:4248 [31merror[39m: [31mAuthentication error: jwt expired[39m
2026-02-08 17:42:48:4248 [31merror[39m: [31mAuthentication error: jwt expired[39m
2026-02-08 17:42:48:4248 [31merror[39m: [31mAuthentication error: jwt expired[39m
2026-02-08 17:42:48:4248 [31merror[39m: [31mAuthentication error: jwt expired[39m
2026-02-08 17:42:48:4248 [31merror[39m: [31mAuthentication error: jwt expired[39m
2026-02-08 17:42:48:4248 [31merror[39m: [31mAuthentication error: jwt expired[39m
2026-02-08 17:42:48:4248 [31merror[39m: [31mAuthentication error: jwt expired[39m
2026-02-08 17:42:48:4248 [31merror[39m: [31mAuthentication error: jwt expired[39m
2026-02-08 17:42:48:4248 [31merror[39m: [31mAuthentication error: jwt expired[39m
2026-02-08 17:42:48:4248 [31merror[39m: [31mAuthentication error: jwt expired[39m
2026-02-08 17:42:48:4248 [31merror[39m: [31mAuthentication error: jwt expired[39m
2026-02-08 17:42:49:4249 [31merror[39m: [31mAuthentication error: jwt expired[39m
2026-02-08 17:42:49:4249 [31merror[39m: [31mAuthentication error: jwt expired[39m
2026-02-08 17:42:49:4249 [31merror[39m: [31mAuthentication error: jwt expired[39m
2026-02-08 17:42:49:4249 [31merror[39m: [31mAuthentication error: jwt expired[39m
2026-02-08 17:42:49:4249 [31merror[39m: [31mAuthentication error: jwt expired[39m
2026-02-08 17:42:49:4249 [31merror[39m: [31mAuthentication error: jwt expired[39m
2026-02-08 17:42:49:4249 [31merror[39m: [31mAuthentication error: jwt expired[39m
2026-02-08 17:42:49:4249 [31merror[39m: [31mAuthentication error: jwt expired[39m
2026-02-08 17:42:49:4249 [31merror[39m: [31mAuthentication error: jwt expired[39m
2026-02-08 17:42:49:4249 [31merror[39m: [31mAuthentication error: jwt expired[39m
2026-02-08 17:42:50:4250 [31merror[39m: [31mAuthentication error: jwt expired[39m
2026-02-08 17:42:50:4250 [31merror[39m: [31mAuthentication error: jwt expired[39m
2026-02-08 17:42:50:4250 [31merror[39m: [31mAuthentication error: jwt expired[39m
2026-02-08 17:42:50:4250 [31merror[39m: [31mAuthentication error: jwt expired[39m
2026-02-08 17:42:50:4250 [31merror[39m: [31mAuthentication error: jwt expired[39m
2026-02-08 17:42:50:4250 [31merror[39m: [31mAuthentication error: jwt expired[39m
2026-02-08 17:42:50:4250 [31merror[39m: [31mAuthentication error: jwt expired[39m
2026-02-08 17:42:50:4250 [31merror[39m: [31mAuthentication error: jwt expired[39m
2026-02-08 17:42:50:4250 [31merror[39m: [31mAuthentication error: jwt expired[39m
2026-02-08 17:42:50:4250 [31merror[39m: [31mAuthentication error: jwt expired[39m
2026-02-08 17:42:50:4250 [31merror[39m: [31mAuthentication error: jwt expired[39m
2026-02-08 17:42:50:4250 [31merror[39m: [31mAuthentication error: jwt expired[39m
2026-02-08 17:42:51:4251 [31merror[39m: [31mAuthentication error: jwt expired[39m
2026-02-08 17:42:51:4251 [31merror[39m: [31mAuthentication error: jwt expired[39m
2026-02-08 17:42:51:4251 [31merror[39m: [31mAuthentication error: jwt expired[39m
2026-02-08 17:42:51:4251 [31merror[39m: [31mAuthentication error: jwt expired[39m
2026-02-08 17:42:51:4251 [31merror[39m: [31mAuthentication error: jwt expired[39m
2026-02-08 17:42:51:4251 [31merror[39m: [31mAuthentication error: jwt expired[39m
2026-02-08 17:42:51:4251 [31merror[39m: [31mAuthentication error: jwt expired[39m
2026-02-08 17:42:51:4251 [31merror[39m: [31mAuthentication error: jwt expired[39m
2026-02-08 17:42:51:4251 [31merror[39m: [31mAuthentication error: jwt expired[39m
2026-02-08 17:42:51:4251 [31merror[39m: [31mAuthentication error: jwt expired[39m
2026-02-08 17:42:51:4251 [31merror[39m: [31mAuthentication error: jwt expired[39m
2026-02-08 17:42:51:4251 [31merror[39m: [31mAuthentication error: jwt expired[39m
2026-02-08 17:42:51:4251 [31merror[39m: [31mAuthentication error: jwt expired[39m
2026-02-08 17:42:51:4251 [31merror[39m: [31mAuthentication error: jwt expired[39m
2026-02-08 17:42:51:4251 [31merror[39m: [31mAuthentication error: jwt expired[39m
2026-02-08 17:42:52:4252 [31merror[39m: [31mAuthentication error: jwt expired[39m
2026-02-08 17:42:52:4252 [31merror[39m: [31mAuthentication error: jwt expired[39m
2026-02-08 17:42:52:4252 [31merror[39m: [31mAuthentication error: jwt expired[39m
2026-02-08 17:42:52:4252 [31merror[39m: [31mAuthentication error: jwt expired[39m
2026-02-08 17:42:52:4252 [31merror[39m: [31mAuthentication error: jwt expired[39m
2026-02-08 17:42:52:4252 [31merror[39m: [31mAuthentication error: jwt expired[39m
2026-02-08 17:42:52:4252 [31merror[39m: [31mAuthentication error: jwt expired[39m
2026-02-08 17:42:52:4252 [31merror[39m: [31mAuthentication error: jwt expired[39m
2026-02-08 17:42:52:4252 [31merror[39m: [31mAuthentication error: jwt expired[39m
2026-02-08 17:42:52:4252 [31merror[39m: [31mAuthentication error: jwt expired[39m
2026-02-08 17:42:52:4252 [31merror[39m: [31mAuthentication error: jwt expired[39m
2026-02-08 17:42:52:4252 [31merror[39m: [31mAuthentication error: jwt expired[39m
2026-02-08 17:42:52:4252 [31merror[39m: [31mAuthentication error: jwt expired[39m
2026-02-08 17:42:52:4252 [31merror[39m: [31mAuthentication error: jwt expired[39m
2026-02-08 17:42:53:4253 [31merror[39m: [31mAuthentication error: jwt expired[39m
2026-02-08 17:42:53:4253 [31merror[39m: [31mAuthentication error: jwt expired[39m
2026-02-08 17:42:53:4253 [31merror[39m: [31mAuthentication error: jwt expired[39m
2026-02-08 17:42:53:4253 [31merror[39m: [31mAuthentication error: jwt expired[39m
2026-02-08 17:42:53:4253 [31merror[39m: [31mAuthentication error: jwt expired[39m
2026-02-08 17:42:53:4253 [31merror[39m: [31mAuthentication error: jwt expired[39m
2026-02-08 17:42:53:4253 [31merror[39m: [31mAuthentication error: jwt expired[39m
2026-02-08 17:42:53:4253 [31merror[39m: [31mAuthentication error: jwt expired[39m
2026-02-08 17:42:53:4253 [31merror[39m: [31mAuthentication error: jwt expired[39m
2026-02-08 17:42:53:4253 [31merror[39m: [31mAuthentication error: jwt expired[39m
2026-02-08 17:42:53:4253 [31merror[39m: [31mAuthentication error: jwt expired[39m
2026-02-08 17:42:53:4253 [31merror[39m: [31mAuthentication error: jwt expired[39m
2026-02-08 17:42:53:4253 [31merror[39m: [31mAuthentication error: jwt expired[39m
2026-02-08 17:42:53:4253 [31merror[39m: [31mAuthentication error: jwt expired[39m
2026-02-08 17:42:53:4253 [31merror[39m: [31mAuthentication error: jwt expired[39m
2026-02-08 17:42:54:4254 [31merror[39m: [31mAuthentication error: jwt expired[39m
2026-02-08 17:42:54:4254 [31merror[39m: [31mAuthentication error: jwt expired[39m
2026-02-08 17:42:54:4254 [31merror[39m: [31mAuthentication error: jwt expired[39m
2026-02-08 17:42:54:4254 [31merror[39m: [31mAuthentication error: jwt expired[39m
2026-02-08 17:42:54:4254 [31merror[39m: [31mAuthentication error: jwt expired[39m
2026-02-08 17:42:54:4254 [31merror[39m: [31mAuthentication error: jwt expired[39m
2026-02-08 17:42:54:4254 [31merror[39m: [31mAuthentication error: jwt expired[39m
2026-02-08 17:42:54:4254 [31merror[39m: [31mAuthentication error: jwt expired[39m
2026-02-08 17:42:54:4254 [31merror[39m: [31mAuthentication error: jwt expired[39m
2026-02-08 17:42:54:4254 [31merror[39m: [31mAuthentication error: jwt expired[39m
2026-02-08 17:42:54:4254 [31merror[39m: [31mAuthentication error: jwt expired[39m
2026-02-08 17:42:54:4254 [31merror[39m: [31mAuthentication error: jwt expired[39m
2026-02-08 17:42:55:4255 [31merror[39m: [31mAuthentication error: jwt expired[39m
2026-02-08 17:42:55:4255 [31merror[39m: [31mAuthentication error: jwt expired[39m
2026-02-08 17:42:55:4255 [31merror[39m: [31mAuthentication error: jwt expired[39m
2026-02-08 17:42:55:4255 [31merror[39m: [31mAuthentication error: jwt expired[39m
2026-02-08 17:42:55:4255 [31merror[39m: [31mAuthentication error: jwt expired[39m
2026-02-08 17:42:55:4255 [31merror[39m: [31mAuthentication error: jwt expired[39m
2026-02-08 17:42:55:4255 [31merror[39m: [31mAuthentication error: jwt expired[39m
2026-02-08 17:42:55:4255 [31merror[39m: [31mAuthentication error: jwt expired[39m
2026-02-08 17:42:55:4255 [31merror[39m: [31mAuthentication error: jwt expired[39m
2026-02-08 17:42:55:4255 [31merror[39m: [31mAuthentication error: jwt expired[39m
2026-02-08 17:42:55:4255 [31merror[39m: [31mAuthentication error: jwt expired[39m
2026-02-08 17:42:55:4255 [31merror[39m: [31mAuthentication error: jwt expired[39m
2026-02-08 17:42:55:4255 [31merror[39m: [31mAuthentication error: jwt expired[39m
2026-02-08 17:42:56:4256 [31merror[39m: [31mAuthentication error: jwt expired[39m
2026-02-08 17:42:56:4256 [31merror[39m: [31mAuthentication error: jwt expired[39m
2026-02-08 17:42:56:4256 [31merror[39m: [31mAuthentication error: jwt expired[39m
2026-02-08 17:42:56:4256 [31merror[39m: [31mAuthentication error: jwt expired[39m
2026-02-08 17:42:56:4256 [31merror[39m: [31mAuthentication error: jwt expired[39m
2026-02-08 17:42:56:4256 [31merror[39m: [31mAuthentication error: jwt expired[39m
2026-02-08 17:42:56:4256 [31merror[39m: [31mAuthentication error: jwt expired[39m
2026-02-08 17:42:56:4256 [31merror[39m: [31mAuthentication error: jwt expired[39m
2026-02-08 17:42:56:4256 [31merror[39m: [31mAuthentication error: jwt expired[39m
2026-02-08 17:42:56:4256 [31merror[39m: [31mAuthentication error: jwt expired[39m
2026-02-08 17:42:56:4256 [31merror[39m: [31mAuthentication error: jwt expired[39m
2026-02-08 17:42:56:4256 [31merror[39m: [31mAuthentication error: jwt expired[39m
2026-02-08 17:42:56:4256 [31merror[39m: [31mAuthentication error: jwt expired[39m
2026-02-08 17:42:56:4256 [31merror[39m: [31mAuthentication error: jwt expired[39m
2026-02-08 17:42:56:4256 [31merror[39m: [31mAuthentication error: jwt expired[39m
2026-02-08 17:42:57:4257 [31merror[39m: [31mAuthentication error: jwt expired[39m
2026-02-08 17:42:57:4257 [31merror[39m: [31mAuthentication error: jwt expired[39m
2026-02-08 17:42:57:4257 [31merror[39m: [31mAuthentication error: jwt expired[39m
2026-02-08 17:42:57:4257 [31merror[39m: [31mAuthentication error: jwt expired[39m
2026-02-08 17:42:57:4257 [31merror[39m: [31mAuthentication error: jwt expired[39m
2026-02-08 17:42:57:4257 [31merror[39m: [31mAuthentication error: jwt expired[39m
2026-02-08 17:42:57:4257 [31merror[39m: [31mAuthentication error: jwt expired[39m
2026-02-08 17:42:57:4257 [31merror[39m: [31mAuthentication error: jwt expired[39m
2026-02-08 17:42:57:4257 [31merror[39m: [31mAuthentication error: jwt expired[39m
2026-02-08 17:42:57:4257 [31merror[39m: [31mAuthentication error: jwt expired[39m
2026-02-08 17:42:57:4257 [31merror[39m: [31mAuthentication error: jwt expired[39m
2026-02-08 17:42:57:4257 [31merror[39m: [31mAuthentication error: jwt expired[39m
2026-02-08 17:42:57:4257 [31merror[39m: [31mAuthentication error: jwt expired[39m
2026-02-08 17:42:58:4258 [31merror[39m: [31mAuthentication error: jwt expired[39m
2026-02-08 17:42:58:4258 [31merror[39m: [31mAuthentication error: jwt expired[39m
2026-02-08 17:42:58:4258 [31merror[39m: [31mAuthentication error: jwt expired[39m
2026-02-08 17:42:58:4258 [31merror[39m: [31mAuthentication error: jwt expired[39m
2026-02-08 17:42:58:4258 [31merror[39m: [31mAuthentication error: jwt expired[39m
2026-02-08 17:42:58:4258 [31merror[39m: [31mAuthentication error: jwt expired[39m
2026-02-08 17:42:58:4258 [31merror[39m: [31mAuthentication error: jwt expired[39m
2026-02-08 17:42:58:4258 [31merror[39m: [31mAuthentication error: jwt expired[39m
2026-02-08 17:42:58:4258 [31merror[39m: [31mAuthentication error: jwt expired[39m
2026-02-08 17:42:58:4258 [31merror[39m: [31mAuthentication error: jwt expired[39m
2026-02-08 17:42:58:4258 [31merror[39m: [31mAuthentication error: jwt expired[39m
2026-02-08 17:42:58:4258 [31merror[39m: [31mAuthentication error: jwt expired[39m
2026-02-08 17:42:58:4258 [31merror[39m: [31mAuthentication error: jwt expired[39m
2026-02-08 17:42:58:4258 [31merror[39m: [31mAuthentication error: jwt expired[39m
2026-02-08 17:42:58:4258 [31merror[39m: [31mAuthentication error: jwt expired[39m
2026-02-08 17:42:59:4259 [31merror[39m: [31mAuthentication error: jwt expired[39m
2026-02-08 17:42:59:4259 [31merror[39m: [31mAuthentication error: jwt expired[39m
2026-02-08 17:42:59:4259 [31merror[39m: [31mAuthentication error: jwt expired[39m
2026-02-08 17:42:59:4259 [31merror[39m: [31mAuthentication error: jwt expired[39m
2026-02-08 17:42:59:4259 [31merror[39m: [31mAuthentication error: jwt expired[39m
2026-02-08 17:42:59:4259 [31merror[39m: [31mAuthentication error: jwt expired[39m
2026-02-08 17:42:59:4259 [31merror[39m: [31mAuthentication error: jwt expired[39m
2026-02-08 17:42:59:4259 [31merror[39m: [31mAuthentication error: jwt expired[39m
2026-02-08 17:42:59:4259 [31merror[39m: [31mAuthentication error: jwt expired[39m
2026-02-08 17:42:59:4259 [31merror[39m: [31mAuthentication error: jwt expired[39m
2026-02-08 17:42:59:4259 [31merror[39m: [31mAuthentication error: jwt expired[39m
2026-02-08 17:42:59:4259 [31merror[39m: [31mAuthentication error: jwt expired[39m
2026-02-08 17:42:59:4259 [31merror[39m: [31mAuthentication error: jwt expired[39m
2026-02-08 17:42:59:4259 [31merror[39m: [31mAuthentication error: jwt expired[39m
2026-02-08 17:42:59:4259 [31merror[39m: [31mAuthentication error: jwt expired[39m
2026-02-08 17:43:00:430 [31merror[39m: [31mAuthentication error: jwt expired[39m
2026-02-08 17:43:00:430 [31merror[39m: [31mAuthentication error: jwt expired[39m
2026-02-08 17:43:00:430 [31merror[39m: [31mAuthentication error: jwt expired[39m
2026-02-08 17:43:00:430 [31merror[39m: [31mAuthentication error: jwt expired[39m
2026-02-08 17:43:00:430 [31merror[39m: [31mAuthentication error: jwt expired[39m
2026-02-08 17:43:00:430 [31merror[39m: [31mAuthentication error: jwt expired[39m
2026-02-08 17:43:00:430 [31merror[39m: [31mAuthentication error: jwt expired[39m
2026-02-08 17:43:00:430 [31merror[39m: [31mAuthentication error: jwt expired[39m
2026-02-08 17:43:00:430 [31merror[39m: [31mAuthentication error: jwt expired[39m
2026-02-08 17:43:00:430 [31merror[39m: [31mAuthentication error: jwt expired[39m
2026-02-08 17:43:00:430 [31merror[39m: [31mAuthentication error: jwt expired[39m
2026-02-08 17:43:00:430 [31merror[39m: [31mAuthentication error: jwt expired[39m
2026-02-08 17:43:00:430 [31merror[39m: [31mAuthentication error: jwt expired[39m
2026-02-08 17:43:00:430 [31merror[39m: [31mAuthentication error: jwt expired[39m
2026-02-08 17:43:01:431 [31merror[39m: [31mAuthentication error: jwt expired[39m
2026-02-08 17:43:01:431 [31merror[39m: [31mAuthentication error: jwt expired[39m
2026-02-08 17:43:01:431 [31merror[39m: [31mAuthentication error: jwt expired[39m
2026-02-08 17:43:01:431 [31merror[39m: [31mAuthentication error: jwt expired[39m
2026-02-08 17:43:01:431 [31merror[39m: [31mAuthentication error: jwt expired[39m
2026-02-08 17:43:01:431 [31merror[39m: [31mAuthentication error: jwt expired[39m
2026-02-08 17:43:01:431 [31merror[39m: [31mAuthentication error: jwt expired[39m
2026-02-08 17:43:01:431 [31merror[39m: [31mAuthentication error: jwt expired[39m
2026-02-08 17:43:01:431 [31merror[39m: [31mAuthentication error: jwt expired[39m
2026-02-08 17:43:01:431 [31merror[39m: [31mAuthentication error: jwt expired[39m
2026-02-08 17:43:01:431 [31merror[39m: [31mAuthentication error: jwt expired[39m
2026-02-08 17:43:01:431 [31merror[39m: [31mAuthentication error: jwt expired[39m
2026-02-08 17:43:01:431 [31merror[39m: [31mAuthentication error: jwt expired[39m
2026-02-08 17:43:01:431 [31merror[39m: [31mAuthentication error: jwt expired[39m
2026-02-08 17:43:01:431 [31merror[39m: [31mAuthentication error: jwt expired[39m
2026-02-08 17:43:02:432 [31merror[39m: [31mAuthentication error: jwt expired[39m
2026-02-08 17:43:02:432 [31merror[39m: [31mAuthentication error: jwt expired[39m
2026-02-08 17:43:02:432 [31merror[39m: [31mAuthentication error: jwt expired[39m
2026-02-08 17:43:02:432 [31merror[39m: [31mAuthentication error: jwt expired[39m
2026-02-08 17:43:02:432 [31merror[39m: [31mAuthentication error: jwt expired[39m
2026-02-08 17:43:02:432 [31merror[39m: [31mAuthentication error: jwt expired[39m
2026-02-08 17:43:02:432 [31merror[39m: [31mAuthentication error: jwt expired[39m
2026-02-08 17:43:02:432 [31merror[39m: [31mAuthentication error: jwt expired[39m
2026-02-08 17:43:02:432 [31merror[39m: [31mAuthentication error: jwt expired[39m
2026-02-08 17:43:02:432 [31merror[39m: [31mAuthentication error: jwt expired[39m
2026-02-08 17:43:02:432 [31merror[39m: [31mAuthentication error: jwt expired[39m
2026-02-08 17:43:02:432 [31merror[39m: [31mAuthentication error: jwt expired[39m
2026-02-08 17:43:03:433 [31merror[39m: [31mAuthentication error: jwt expired[39m
2026-02-08 17:43:03:433 [31merror[39m: [31mAuthentication error: jwt expired[39m
2026-02-08 17:43:03:433 [31merror[39m: [31mAuthentication error: jwt expired[39m
2026-02-08 17:43:03:433 [31merror[39m: [31mAuthentication error: jwt expired[39m
2026-02-08 17:43:03:433 [31merror[39m: [31mAuthentication error: jwt expired[39m
2026-02-08 17:43:03:433 [31merror[39m: [31mAuthentication error: jwt expired[39m
2026-02-08 17:43:03:433 [31merror[39m: [31mAuthentication error: jwt expired[39m
2026-02-08 17:43:03:433 [31merror[39m: [31mAuthentication error: jwt expired[39m
2026-02-08 17:43:03:433 [31merror[39m: [31mAuthentication error: jwt expired[39m
2026-02-08 17:43:03:433 [31merror[39m: [31mAuthentication error: jwt expired[39m
2026-02-08 17:43:03:433 [31merror[39m: [31mAuthentication error: jwt expired[39m
2026-02-08 17:43:03:433 [31merror[39m: [31mAuthentication error: jwt expired[39m
2026-02-08 17:43:03:433 [31merror[39m: [31mAuthentication error: jwt expired[39m
2026-02-08 17:43:03:433 [31merror[39m: [31mAuthentication error: jwt expired[39m
2026-02-08 17:43:03:433 [31merror[39m: [31mAuthentication error: jwt expired[39m
2026-02-08 17:43:04:434 [31merror[39m: [31mAuthentication error: jwt expired[39m
2026-02-08 17:43:04:434 [31merror[39m: [31mAuthentication error: jwt expired[39m
2026-02-08 17:43:04:434 [31merror[39m: [31mAuthentication error: jwt expired[39m
2026-02-08 17:43:04:434 [31merror[39m: [31mAuthentication error: jwt expired[39m
2026-02-08 17:43:04:434 [31merror[39m: [31mAuthentication error: jwt expired[39m
2026-02-08 17:43:04:434 [31merror[39m: [31mAuthentication error: jwt expired[39m
2026-02-08 17:43:04:434 [31merror[39m: [31mAuthentication error: jwt expired[39m
2026-02-08 17:43:04:434 [31merror[39m: [31mAuthentication error: jwt expired[39m
2026-02-08 17:43:04:434 [31merror[39m: [31mAuthentication error: jwt expired[39m
2026-02-08 17:43:04:434 [31merror[39m: [31mAuthentication error: jwt expired[39m
2026-02-08 17:43:04:434 [31merror[39m: [31mAuthentication error: jwt expired[39m
2026-02-08 17:43:04:434 [31merror[39m: [31mAuthentication error: jwt expired[39m
2026-02-08 17:43:04:434 [31merror[39m: [31mAuthentication error: jwt expired[39m
2026-02-08 17:43:04:434 [31merror[39m: [31mAuthentication error: jwt expired[39m
2026-02-08 17:43:04:434 [31merror[39m: [31mAuthentication error: jwt expired[39m
2026-02-08 17:43:05:435 [31merror[39m: [31mAuthentication error: jwt expired[39m
2026-02-08 17:43:05:435 [31merror[39m: [31mAuthentication error: jwt expired[39m
2026-02-08 17:43:05:435 [31merror[39m: [31mAuthentication error: jwt expired[39m
2026-02-08 17:43:05:435 [31merror[39m: [31mAuthentication error: jwt expired[39m
2026-02-08 17:43:05:435 [31merror[39m: [31mAuthentication error: jwt expired[39m
2026-02-08 17:43:05:435 [31merror[39m: [31mAuthentication error: jwt expired[39m
2026-02-08 17:43:05:435 [31merror[39m: [31mAuthentication error: jwt expired[39m
2026-02-08 17:43:05:435 [31merror[39m: [31mAuthentication error: jwt expired[39m
2026-02-08 17:43:05:435 [31merror[39m: [31mAuthentication error: jwt expired[39m
2026-02-08 17:43:05:435 [31merror[39m: [31mAuthentication error: jwt expired[39m
2026-02-08 17:43:05:435 [31merror[39m: [31mAuthentication error: jwt expired[39m
2026-02-08 17:43:05:435 [31merror[39m: [31mAuthentication error: jwt expired[39m
2026-02-08 17:43:05:435 [31merror[39m: [31mAuthentication error: jwt expired[39m
2026-02-08 17:43:05:435 [31merror[39m: [31mAuthentication error: jwt expired[39m
2026-02-08 17:43:06:436 [31merror[39m: [31mAuthentication error: jwt expired[39m
2026-02-08 17:43:06:436 [31merror[39m: [31mAuthentication error: jwt expired[39m
2026-02-08 17:43:06:436 [31merror[39m: [31mAuthentication error: jwt expired[39m
2026-02-08 17:43:06:436 [31merror[39m: [31mAuthentication error: jwt expired[39m
2026-02-08 17:43:06:436 [31merror[39m: [31mAuthentication error: jwt expired[39m
2026-02-08 17:43:06:436 [31merror[39m: [31mAuthentication error: jwt expired[39m
2026-02-08 17:43:06:436 [31merror[39m: [31mAuthentication error: jwt expired[39m
2026-02-08 17:43:06:436 [31merror[39m: [31mAuthentication error: jwt expired[39m
2026-02-08 17:43:06:436 [31merror[39m: [31mAuthentication error: jwt expired[39m
2026-02-08 17:43:06:436 [31merror[39m: [31mAuthentication error: jwt expired[39m
2026-02-08 17:43:06:436 [31merror[39m: [31mAuthentication error: jwt expired[39m
2026-02-08 17:43:06:436 [31merror[39m: [31mAuthentication error: jwt expired[39m
2026-02-08 17:43:06:436 [31merror[39m: [31mAuthentication error: jwt expired[39m
2026-02-08 17:43:06:436 [31merror[39m: [31mAuthentication error: jwt expired[39m
2026-02-08 17:43:06:436 [31merror[39m: [31mAuthentication error: jwt expired[39m
2026-02-08 17:43:07:437 [31merror[39m: [31mAuthentication error: jwt expired[39m
2026-02-08 17:43:07:437 [31merror[39m: [31mAuthentication error: jwt expired[39m
2026-02-08 17:43:07:437 [31merror[39m: [31mAuthentication error: jwt expired[39m
2026-02-08 17:43:07:437 [31merror[39m: [31mAuthentication error: jwt expired[39m
2026-02-08 17:43:07:437 [31merror[39m: [31mAuthentication error: jwt expired[39m
2026-02-08 17:43:07:437 [31merror[39m: [31mAuthentication error: jwt expired[39m
2026-02-08 17:43:07:437 [31merror[39m: [31mAuthentication error: jwt expired[39m
2026-02-08 17:43:07:437 [31merror[39m: [31mAuthentication error: jwt expired[39m
2026-02-08 17:43:07:437 [31merror[39m: [31mAuthentication error: jwt expired[39m
2026-02-08 17:43:07:437 [31merror[39m: [31mAuthentication error: jwt expired[39m
2026-02-08 17:43:07:437 [31merror[39m: [31mAuthentication error: jwt expired[39m
2026-02-08 17:43:07:437 [31merror[39m: [31mAuthentication error: jwt expired[39m
2026-02-08 17:43:07:437 [31merror[39m: [31mAuthentication error: jwt expired[39m
2026-02-08 17:43:07:437 [31merror[39m: [31mAuthentication error: jwt expired[39m
2026-02-08 17:43:08:438 [31merror[39m: [31mAuthentication error: jwt expired[39m
2026-02-08 17:43:08:438 [31merror[39m: [31mAuthentication error: jwt expired[39m
2026-02-08 17:43:08:438 [31merror[39m: [31mAuthentication error: jwt expired[39m
2026-02-08 17:43:08:438 [31merror[39m: [31mAuthentication error: jwt expired[39m
2026-02-08 17:43:08:438 [31merror[39m: [31mAuthentication error: jwt expired[39m
2026-02-08 17:43:08:438 [31merror[39m: [31mAuthentication error: jwt expired[39m
2026-02-08 17:43:08:438 [31merror[39m: [31mAuthentication error: jwt expired[39m
2026-02-08 17:43:08:438 [31merror[39m: [31mAuthentication error: jwt expired[39m
2026-02-08 17:43:08:438 [31merror[39m: [31mAuthentication error: jwt expired[39m
2026-02-08 17:43:08:438 [31merror[39m: [31mAuthentication error: jwt expired[39m
2026-02-08 17:43:08:438 [31merror[39m: [31mAuthentication error: jwt expired[39m
2026-02-08 17:43:08:438 [31merror[39m: [31mAuthentication error: jwt expired[39m
2026-02-08 17:43:08:438 [31merror[39m: [31mAuthentication error: jwt expired[39m
2026-02-08 17:43:08:438 [31merror[39m: [31mAuthentication error: jwt expired[39m
2026-02-08 17:43:09:439 [31merror[39m: [31mAuthentication error: jwt expired[39m
2026-02-08 17:43:09:439 [31merror[39m: [31mAuthentication error: jwt expired[39m
2026-02-08 17:43:09:439 [31merror[39m: [31mAuthentication error: jwt expired[39m
2026-02-08 17:43:09:439 [31merror[39m: [31mAuthentication error: jwt expired[39m
2026-02-08 17:43:09:439 [31merror[39m: [31mAuthentication error: jwt expired[39m
2026-02-08 17:43:09:439 [31merror[39m: [31mAuthentication error: jwt expired[39m
2026-02-08 17:43:09:439 [31merror[39m: [31mAuthentication error: jwt expired[39m
2026-02-08 17:43:09:439 [31merror[39m: [31mAuthentication error: jwt expired[39m
2026-02-08 17:43:09:439 [31merror[39m: [31mAuthentication error: jwt expired[39m
2026-02-08 17:43:09:439 [31merror[39m: [31mAuthentication error: jwt expired[39m
2026-02-08 17:43:09:439 [31merror[39m: [31mAuthentication error: jwt expired[39m
2026-02-08 17:43:10:4310 [31merror[39m: [31mAuthentication error: jwt expired[39m
2026-02-08 17:43:10:4310 [31merror[39m: [31mAuthentication error: jwt expired[39m
2026-02-08 17:43:10:4310 [31merror[39m: [31mAuthentication error: jwt expired[39m
2026-02-08 17:43:10:4310 [31merror[39m: [31mAuthentication error: jwt expired[39m
2026-02-08 17:43:10:4310 [31merror[39m: [31mAuthentication error: jwt expired[39m
2026-02-08 17:43:10:4310 [31merror[39m: [31mAuthentication error: jwt expired[39m
2026-02-08 17:43:10:4310 [31merror[39m: [31mAuthentication error: jwt expired[39m
2026-02-08 17:43:10:4310 [31merror[39m: [31mAuthentication error: jwt expired[39m
2026-02-08 17:43:10:4310 [31merror[39m: [31mAuthentication error: jwt expired[39m
2026-02-08 17:43:10:4310 [31merror[39m: [31mAuthentication error: jwt expired[39m
2026-02-08 17:43:10:4310 [31merror[39m: [31mAuthentication error: jwt expired[39m
2026-02-08 17:43:10:4310 [31merror[39m: [31mAuthentication error: jwt expired[39m
2026-02-08 17:43:10:4310 [31merror[39m: [31mAuthentication error: jwt expired[39m
2026-02-08 17:43:10:4310 [31merror[39m: [31mAuthentication error: jwt expired[39m
2026-02-08 17:43:10:4310 [31merror[39m: [31mAuthentication error: jwt expired[39m
2026-02-08 17:43:11:4311 [31merror[39m: [31mAuthentication error: jwt expired[39m
2026-02-08 17:43:11:4311 [31merror[39m: [31mAuthentication error: jwt expired[39m
2026-02-08 17:43:11:4311 [31merror[39m: [31mAuthentication error: jwt expired[39m
2026-02-08 17:43:11:4311 [31merror[39m: [31mAuthentication error: jwt expired[39m
2026-02-08 17:43:11:4311 [31merror[39m: [31mAuthentication error: jwt expired[39m
2026-02-08 17:43:11:4311 [31merror[39m: [31mAuthentication error: jwt expired[39m
2026-02-08 17:43:11:4311 [31merror[39m: [31mAuthentication error: jwt expired[39m
2026-02-08 17:43:11:4311 [31merror[39m: [31mAuthentication error: jwt expired[39m
2026-02-08 17:43:11:4311 [31merror[39m: [31mAuthentication error: jwt expired[39m
2026-02-08 17:43:11:4311 [31merror[39m: [31mAuthentication error: jwt expired[39m
2026-02-08 17:43:11:4311 [31merror[39m: [31mAuthentication error: jwt expired[39m
2026-02-08 17:43:11:4311 [31merror[39m: [31mAuthentication error: jwt expired[39m
2026-02-08 17:43:11:4311 [31merror[39m: [31mAuthentication error: jwt expired[39m
2026-02-08 17:43:11:4311 [31merror[39m: [31mAuthentication error: jwt expired[39m
2026-02-08 17:43:12:4312 [31merror[39m: [31mAuthentication error: jwt expired[39m
2026-02-08 17:43:12:4312 [31merror[39m: [31mAuthentication error: jwt expired[39m
2026-02-08 17:43:12:4312 [31merror[39m: [31mAuthentication error: jwt expired[39m
2026-02-08 17:43:12:4312 [31merror[39m: [31mAuthentication error: jwt expired[39m
2026-02-08 17:43:12:4312 [31merror[39m: [31mAuthentication error: jwt expired[39m
2026-02-08 17:43:12:4312 [31merror[39m: [31mAuthentication error: jwt expired[39m
2026-02-08 17:43:12:4312 [31merror[39m: [31mAuthentication error: jwt expired[39m
2026-02-08 17:43:12:4312 [31merror[39m: [31mAuthentication error: jwt expired[39m
2026-02-08 17:43:12:4312 [31merror[39m: [31mAuthentication error: jwt expired[39m
2026-02-08 17:43:12:4312 [31merror[39m: [31mAuthentication error: jwt expired[39m
2026-02-08 17:43:12:4312 [31merror[39m: [31mAuthentication error: jwt expired[39m
2026-02-08 17:43:12:4312 [31merror[39m: [31mAuthentication error: jwt expired[39m
2026-02-08 17:43:12:4312 [31merror[39m: [31mAuthentication error: jwt expired[39m
2026-02-08 17:43:12:4312 [31merror[39m: [31mAuthentication error: jwt expired[39m
2026-02-08 17:43:12:4312 [31merror[39m: [31mAuthentication error: jwt expired[39m
2026-02-08 17:43:13:4313 [31merror[39m: [31mAuthentication error: jwt expired[39m
2026-02-08 17:43:13:4313 [31merror[39m: [31mAuthentication error: jwt expired[39m
2026-02-08 17:43:13:4313 [31merror[39m: [31mAuthentication error: jwt expired[39m
2026-02-08 17:43:13:4313 [31merror[39m: [31mAuthentication error: jwt expired[39m
2026-02-08 17:43:13:4313 [31merror[39m: [31mAuthentication error: jwt expired[39m
2026-02-08 17:43:13:4313 [31merror[39m: [31mAuthentication error: jwt expired[39m
2026-02-08 17:43:13:4313 [31merror[39m: [31mAuthentication error: jwt expired[39m
2026-02-08 17:43:13:4313 [31merror[39m: [31mAuthentication error: jwt expired[39m
2026-02-08 17:43:13:4313 [31merror[39m: [31mAuthentication error: jwt expired[39m
2026-02-08 17:43:13:4313 [31merror[39m: [31mAuthentication error: jwt expired[39m
2026-02-08 17:43:13:4313 [31merror[39m: [31mAuthentication error: jwt expired[39m
2026-02-08 17:43:13:4313 [31merror[39m: [31mAuthentication error: jwt expired[39m
2026-02-08 17:43:13:4313 [31merror[39m: [31mAuthentication error: jwt expired[39m
2026-02-08 17:43:13:4313 [31merror[39m: [31mAuthentication error: jwt expired[39m
2026-02-08 17:43:14:4314 [31merror[39m: [31mAuthentication error: jwt expired[39m
2026-02-08 17:43:14:4314 [31merror[39m: [31mAuthentication error: jwt expired[39m
2026-02-08 17:43:14:4314 [31merror[39m: [31mAuthentication error: jwt expired[39m
2026-02-08 17:43:14:4314 [31merror[39m: [31mAuthentication error: jwt expired[39m
2026-02-08 17:43:14:4314 [31merror[39m: [31mAuthentication error: jwt expired[39m
2026-02-08 17:43:14:4314 [31merror[39m: [31mAuthentication error: jwt expired[39m
2026-02-08 17:43:14:4314 [31merror[39m: [31mAuthentication error: jwt expired[39m
2026-02-08 17:43:14:4314 [31merror[39m: [31mAuthentication error: jwt expired[39m
2026-02-08 17:43:14:4314 [31merror[39m: [31mAuthentication error: jwt expired[39m
2026-02-08 17:43:14:4314 [31merror[39m: [31mAuthentication error: jwt expired[39m
2026-02-08 17:43:14:4314 [31merror[39m: [31mAuthentication error: jwt expired[39m
2026-02-08 17:43:14:4314 [31merror[39m: [31mAuthentication error: jwt expired[39m
2026-02-08 17:43:14:4314 [31merror[39m: [31mAuthentication error: jwt expired[39m
2026-02-08 17:43:14:4314 [31merror[39m: [31mAuthentication error: jwt expired[39m
2026-02-08 17:43:14:4314 [31merror[39m: [31mAuthentication error: jwt expired[39m
2026-02-08 17:43:14:4314 [31merror[39m: [31mAuthentication error: jwt expired[39m
2026-02-08 17:43:15:4315 [31merror[39m: [31mAuthentication error: jwt expired[39m
2026-02-08 17:43:15:4315 [31merror[39m: [31mAuthentication error: jwt expired[39m
2026-02-08 17:43:15:4315 [31merror[39m: [31mAuthentication error: jwt expired[39m
2026-02-08 17:43:15:4315 [31merror[39m: [31mAuthentication error: jwt expired[39m
2026-02-08 17:43:15:4315 [31merror[39m: [31mAuthentication error: jwt expired[39m
2026-02-08 17:43:15:4315 [31merror[39m: [31mAuthentication error: jwt expired[39m
2026-02-08 17:43:15:4315 [31merror[39m: [31mAuthentication error: jwt expired[39m
2026-02-08 17:43:15:4315 [31merror[39m: [31mAuthentication error: jwt expired[39m
2026-02-08 17:43:15:4315 [31merror[39m: [31mAuthentication error: jwt expired[39m
2026-02-08 17:43:15:4315 [31merror[39m: [31mAuthentication error: jwt expired[39m
2026-02-08 17:43:15:4315 [31merror[39m: [31mAuthentication error: jwt expired[39m
2026-02-08 17:43:15:4315 [31merror[39m: [31mAuthentication error: jwt expired[39m
2026-02-08 17:43:15:4315 [31merror[39m: [31mAuthentication error: jwt expired[39m
2026-02-08 17:43:15:4315 [31merror[39m: [31mAuthentication error: jwt expired[39m
2026-02-08 17:43:15:4315 [31merror[39m: [31mAuthentication error: jwt expired[39m
2026-02-08 17:43:16:4316 [31merror[39m: [31mAuthentication error: jwt expired[39m
2026-02-08 17:43:16:4316 [31merror[39m: [31mAuthentication error: jwt expired[39m
2026-02-08 17:43:16:4316 [31merror[39m: [31mAuthentication error: jwt expired[39m
2026-02-08 17:43:16:4316 [31merror[39m: [31mAuthentication error: jwt expired[39m
2026-02-08 17:43:16:4316 [31merror[39m: [31mAuthentication error: jwt expired[39m
2026-02-08 17:43:16:4316 [31merror[39m: [31mAuthentication error: jwt expired[39m
2026-02-08 17:43:16:4316 [31merror[39m: [31mAuthentication error: jwt expired[39m
2026-02-08 17:43:16:4316 [31merror[39m: [31mAuthentication error: jwt expired[39m
2026-02-08 17:43:16:4316 [31merror[39m: [31mAuthentication error: jwt expired[39m
2026-02-08 17:43:16:4316 [31merror[39m: [31mAuthentication error: jwt expired[39m
2026-02-08 17:43:16:4316 [31merror[39m: [31mAuthentication error: jwt expired[39m
2026-02-08 17:43:16:4316 [31merror[39m: [31mAuthentication error: jwt expired[39m
2026-02-08 17:43:16:4316 [31merror[39m: [31mAuthentication error: jwt expired[39m
2026-02-08 17:43:16:4316 [31merror[39m: [31mAuthentication error: jwt expired[39m
2026-02-08 17:43:16:4316 [31merror[39m: [31mAuthentication error: jwt expired[39m
2026-02-08 17:43:17:4317 [31merror[39m: [31mAuthentication error: jwt expired[39m
2026-02-08 17:43:17:4317 [31merror[39m: [31mAuthentication error: jwt expired[39m
2026-02-08 17:43:17:4317 [31merror[39m: [31mAuthentication error: jwt expired[39m
2026-02-08 17:43:17:4317 [31merror[39m: [31mAuthentication error: jwt expired[39m
2026-02-08 17:43:17:4317 [31merror[39m: [31mAuthentication error: jwt expired[39m
2026-02-08 17:43:17:4317 [31merror[39m: [31mAuthentication error: jwt expired[39m
2026-02-08 17:43:17:4317 [31merror[39m: [31mAuthentication error: jwt expired[39m
2026-02-08 17:43:17:4317 [31merror[39m: [31mAuthentication error: jwt expired[39m
2026-02-08 17:43:17:4317 [31merror[39m: [31mAuthentication error: jwt expired[39m
2026-02-08 17:43:17:4317 [31merror[39m: [31mAuthentication error: jwt expired[39m
2026-02-08 17:43:17:4317 [31merror[39m: [31mAuthentication error: jwt expired[39m
2026-02-08 17:43:17:4317 [31merror[39m: [31mAuthentication error: jwt expired[39m
2026-02-08 17:43:17:4317 [31merror[39m: [31mAuthentication error: jwt expired[39m
2026-02-08 17:43:17:4317 [31merror[39m: [31mAuthentication error: jwt expired[39m
2026-02-08 17:43:17:4317 [31merror[39m: [31mAuthentication error: jwt expired[39m
2026-02-08 17:43:17:4317 [31merror[39m: [31mAuthentication error: jwt expired[39m
2026-02-08 17:43:18:4318 [31merror[39m: [31mAuthentication error: jwt expired[39m
2026-02-08 17:43:18:4318 [31merror[39m: [31mAuthentication error: jwt expired[39m
2026-02-08 17:43:18:4318 [31merror[39m: [31mAuthentication error: jwt expired[39m
2026-02-08 17:43:18:4318 [31merror[39m: [31mAuthentication error: jwt expired[39m
2026-02-08 17:43:18:4318 [31merror[39m: [31mAuthentication error: jwt expired[39m
2026-02-08 17:43:18:4318 [31merror[39m: [31mAuthentication error: jwt expired[39m
2026-02-08 17:43:18:4318 [31merror[39m: [31mAuthentication error: jwt expired[39m
2026-02-08 17:43:18:4318 [31merror[39m: [31mAuthentication error: jwt expired[39m
2026-02-08 17:43:18:4318 [31merror[39m: [31mAuthentication error: jwt expired[39m
2026-02-08 17:43:18:4318 [31merror[39m: [31mAuthentication error: jwt expired[39m
2026-02-08 17:43:18:4318 [31merror[39m: [31mAuthentication error: jwt expired[39m
2026-02-08 17:43:18:4318 [31merror[39m: [31mAuthentication error: jwt expired[39m
2026-02-08 17:43:18:4318 [31merror[39m: [31mAuthentication error: jwt expired[39m
2026-02-08 17:43:18:4318 [31merror[39m: [31mAuthentication error: jwt expired[39m
2026-02-08 17:43:18:4318 [31merror[39m: [31mAuthentication error: jwt expired[39m
2026-02-08 17:43:18:4318 [31merror[39m: [31mAuthentication error: jwt expired[39m
2026-02-08 17:43:19:4319 [31merror[39m: [31mAuthentication error: jwt expired[39m
2026-02-08 17:43:19:4319 [31merror[39m: [31mAuthentication error: jwt expired[39m
2026-02-08 17:43:19:4319 [31merror[39m: [31mAuthentication error: jwt expired[39m
2026-02-08 17:43:19:4319 [31merror[39m: [31mAuthentication error: jwt expired[39m
2026-02-08 17:43:19:4319 [31merror[39m: [31mAuthentication error: jwt expired[39m
2026-02-08 17:43:19:4319 [31merror[39m: [31mAuthentication error: jwt expired[39m
2026-02-08 17:43:19:4319 [31merror[39m: [31mAuthentication error: jwt expired[39m
2026-02-08 17:43:19:4319 [31merror[39m: [31mAuthentication error: jwt expired[39m
2026-02-08 17:43:19:4319 [31merror[39m: [31mAuthentication error: jwt expired[39m
2026-02-08 17:43:19:4319 [31merror[39m: [31mAuthentication error: jwt expired[39m
2026-02-08 17:43:19:4319 [31merror[39m: [31mAuthentication error: jwt expired[39m
2026-02-08 17:43:19:4319 [31merror[39m: [31mAuthentication error: jwt expired[39m
2026-02-08 17:43:19:4319 [31merror[39m: [31mAuthentication error: jwt expired[39m
2026-02-08 17:43:19:4319 [31merror[39m: [31mAuthentication error: jwt expired[39m
2026-02-08 17:43:19:4319 [31merror[39m: [31mAuthentication error: jwt expired[39m
2026-02-08 17:43:19:4319 [31merror[39m: [31mAuthentication error: jwt expired[39m
2026-02-08 17:43:20:4320 [31merror[39m: [31mAuthentication error: jwt expired[39m
2026-02-08 17:43:20:4320 [31merror[39m: [31mAuthentication error: jwt expired[39m
2026-02-08 17:43:20:4320 [31merror[39m: [31mAuthentication error: jwt expired[39m
2026-02-08 17:43:20:4320 [31merror[39m: [31mAuthentication error: jwt expired[39m
2026-02-08 17:43:20:4320 [31merror[39m: [31mAuthentication error: jwt expired[39m
2026-02-08 17:43:20:4320 [31merror[39m: [31mAuthentication error: jwt expired[39m
2026-02-08 17:43:20:4320 [31merror[39m: [31mAuthentication error: jwt expired[39m
2026-02-08 17:43:20:4320 [31merror[39m: [31mAuthentication error: jwt expired[39m
2026-02-08 17:43:20:4320 [31merror[39m: [31mAuthentication error: jwt expired[39m
2026-02-08 17:43:20:4320 [31merror[39m: [31mAuthentication error: jwt expired[39m
2026-02-08 17:43:20:4320 [31merror[39m: [31mAuthentication error: jwt expired[39m
2026-02-08 17:43:20:4320 [31merror[39m: [31mAuthentication error: jwt expired[39m
2026-02-08 17:43:20:4320 [31merror[39m: [31mAuthentication error: jwt expired[39m
2026-02-08 17:43:20:4320 [31merror[39m: [31mAuthentication error: jwt expired[39m
2026-02-08 17:43:20:4320 [31merror[39m: [31mAuthentication error: jwt expired[39m
2026-02-08 17:43:21:4321 [31merror[39m: [31mAuthentication error: jwt expired[39m
2026-02-08 17:43:21:4321 [31merror[39m: [31mAuthentication error: jwt expired[39m
2026-02-08 17:43:21:4321 [31merror[39m: [31mAuthentication error: jwt expired[39m
2026-02-08 17:43:21:4321 [31merror[39m: [31mAuthentication error: jwt expired[39m
2026-02-08 17:43:21:4321 [31merror[39m: [31mAuthentication error: jwt expired[39m
2026-02-08 17:43:21:4321 [31merror[39m: [31mAuthentication error: jwt expired[39m
2026-02-08 17:43:21:4321 [31merror[39m: [31mAuthentication error: jwt expired[39m
2026-02-08 17:43:21:4321 [31merror[39m: [31mAuthentication error: jwt expired[39m
2026-02-08 17:43:21:4321 [31merror[39m: [31mAuthentication error: jwt expired[39m
2026-02-08 17:43:21:4321 [31merror[39m: [31mAuthentication error: jwt expired[39m
2026-02-08 17:43:21:4321 [31merror[39m: [31mAuthentication error: jwt expired[39m
2026-02-08 17:43:21:4321 [31merror[39m: [31mAuthentication error: jwt expired[39m
2026-02-08 17:43:21:4321 [31merror[39m: [31mAuthentication error: jwt expired[39m
2026-02-08 17:43:21:4321 [31merror[39m: [31mAuthentication error: jwt expired[39m
2026-02-08 17:43:21:4321 [31merror[39m: [31mAuthentication error: jwt expired[39m
2026-02-08 17:43:21:4321 [31merror[39m: [31mAuthentication error: jwt expired[39m
2026-02-08 17:43:22:4322 [31merror[39m: [31mAuthentication error: jwt expired[39m
2026-02-08 17:43:22:4322 [31merror[39m: [31mAuthentication error: jwt expired[39m
2026-02-08 17:43:22:4322 [31merror[39m: [31mAuthentication error: jwt expired[39m
2026-02-08 17:43:22:4322 [31merror[39m: [31mAuthentication error: jwt expired[39m
2026-02-08 17:43:22:4322 [31merror[39m: [31mAuthentication error: jwt expired[39m
2026-02-08 17:43:22:4322 [31merror[39m: [31mAuthentication error: jwt expired[39m
2026-02-08 17:43:22:4322 [31merror[39m: [31mAuthentication error: jwt expired[39m
2026-02-08 17:43:22:4322 [31merror[39m: [31mAuthentication error: jwt expired[39m
2026-02-08 17:43:22:4322 [31merror[39m: [31mAuthentication error: jwt expired[39m
2026-02-08 17:43:22:4322 [31merror[39m: [31mAuthentication error: jwt expired[39m
2026-02-08 17:43:22:4322 [31merror[39m: [31mAuthentication error: jwt expired[39m
2026-02-08 17:43:22:4322 [31merror[39m: [31mAuthentication error: jwt expired[39m
2026-02-08 17:43:22:4322 [31merror[39m: [31mAuthentication error: jwt expired[39m
2026-02-08 17:43:23:4323 [31merror[39m: [31mAuthentication error: jwt expired[39m
2026-02-08 17:43:23:4323 [31merror[39m: [31mAuthentication error: jwt expired[39m
2026-02-08 17:43:23:4323 [31merror[39m: [31mAuthentication error: jwt expired[39m
2026-02-08 17:43:23:4323 [31merror[39m: [31mAuthentication error: jwt expired[39m
2026-02-08 17:43:23:4323 [31merror[39m: [31mAuthentication error: jwt expired[39m
2026-02-08 17:43:23:4323 [31merror[39m: [31mAuthentication error: jwt expired[39m
2026-02-08 17:43:23:4323 [31merror[39m: [31mAuthentication error: jwt expired[39m
2026-02-08 17:43:23:4323 [31merror[39m: [31mAuthentication error: jwt expired[39m
2026-02-08 17:43:23:4323 [31merror[39m: [31mAuthentication error: jwt expired[39m
2026-02-08 17:43:23:4323 [31merror[39m: [31mAuthentication error: jwt expired[39m
2026-02-08 17:43:23:4323 [31merror[39m: [31mAuthentication error: jwt expired[39m
2026-02-08 17:43:23:4323 [31merror[39m: [31mAuthentication error: jwt expired[39m
2026-02-08 17:43:23:4323 [31merror[39m: [31mAuthentication error: jwt expired[39m
2026-02-08 17:43:24:4324 [31merror[39m: [31mAuthentication error: jwt expired[39m
2026-02-08 17:43:24:4324 [31merror[39m: [31mAuthentication error: jwt expired[39m
2026-02-08 17:43:24:4324 [31merror[39m: [31mAuthentication error: jwt expired[39m
2026-02-08 17:43:24:4324 [31merror[39m: [31mAuthentication error: jwt expired[39m
2026-02-08 17:43:24:4324 [31merror[39m: [31mAuthentication error: jwt expired[39m
2026-02-08 17:43:24:4324 [31merror[39m: [31mAuthentication error: jwt expired[39m
2026-02-08 17:43:24:4324 [31merror[39m: [31mAuthentication error: jwt expired[39m
2026-02-08 17:43:24:4324 [31merror[39m: [31mAuthentication error: jwt expired[39m
2026-02-08 17:43:24:4324 [31merror[39m: [31mAuthentication error: jwt expired[39m
2026-02-08 17:43:24:4324 [31merror[39m: [31mAuthentication error: jwt expired[39m
2026-02-08 17:43:24:4324 [31merror[39m: [31mAuthentication error: jwt expired[39m
2026-02-08 17:43:24:4324 [31merror[39m: [31mAuthentication error: jwt expired[39m
2026-02-08 17:43:24:4324 [31merror[39m: [31mAuthentication error: jwt expired[39m
2026-02-08 17:43:24:4324 [31merror[39m: [31mAuthentication error: jwt expired[39m
2026-02-08 17:43:24:4324 [31merror[39m: [31mAuthentication error: jwt expired[39m
2026-02-08 17:43:24:4324 [31merror[39m: [31mAuthentication error: jwt expired[39m
2026-02-08 17:43:25:4325 [31merror[39m: [31mAuthentication error: jwt expired[39m
2026-02-08 17:43:25:4325 [31merror[39m: [31mAuthentication error: jwt expired[39m
2026-02-08 17:43:25:4325 [31merror[39m: [31mAuthentication error: jwt expired[39m
2026-02-08 17:43:25:4325 [31merror[39m: [31mAuthentication error: jwt expired[39m
2026-02-08 17:43:25:4325 [31merror[39m: [31mAuthentication error: jwt expired[39m
2026-02-08 17:43:25:4325 [31merror[39m: [31mAuthentication error: jwt expired[39m
2026-02-08 17:43:25:4325 [31merror[39m: [31mAuthentication error: jwt expired[39m
2026-02-08 17:43:25:4325 [31merror[39m: [31mAuthentication error: jwt expired[39m
2026-02-08 17:43:25:4325 [31merror[39m: [31mAuthentication error: jwt expired[39m
2026-02-08 17:43:25:4325 [31merror[39m: [31mAuthentication error: jwt expired[39m
2026-02-08 17:43:25:4325 [31merror[39m: [31mAuthentication error: jwt expired[39m
2026-02-08 17:43:25:4325 [31merror[39m: [31mAuthentication error: jwt expired[39m
2026-02-08 17:43:25:4325 [31merror[39m: [31mAuthentication error: jwt expired[39m
2026-02-08 17:43:25:4325 [31merror[39m: [31mAuthentication error: jwt expired[39m
2026-02-08 17:43:25:4325 [31merror[39m: [31mAuthentication error: jwt expired[39m
2026-02-08 17:43:26:4326 [31merror[39m: [31mAuthentication error: jwt expired[39m
2026-02-08 17:43:26:4326 [31merror[39m: [31mAuthentication error: jwt expired[39m
2026-02-08 17:43:26:4326 [31merror[39m: [31mAuthentication error: jwt expired[39m
2026-02-08 17:43:26:4326 [31merror[39m: [31mAuthentication error: jwt expired[39m
2026-02-08 17:43:26:4326 [31merror[39m: [31mAuthentication error: jwt expired[39m
2026-02-08 17:43:26:4326 [31merror[39m: [31mAuthentication error: jwt expired[39m
2026-02-08 17:43:26:4326 [31merror[39m: [31mAuthentication error: jwt expired[39m
2026-02-08 17:43:26:4326 [31merror[39m: [31mAuthentication error: jwt expired[39m
2026-02-08 17:43:26:4326 [31merror[39m: [31mAuthentication error: jwt expired[39m
2026-02-08 17:43:26:4326 [31merror[39m: [31mAuthentication error: jwt expired[39m
2026-02-08 17:43:26:4326 [31merror[39m: [31mAuthentication error: jwt expired[39m
2026-02-08 17:43:26:4326 [31merror[39m: [31mAuthentication error: jwt expired[39m
2026-02-08 17:43:26:4326 [31merror[39m: [31mAuthentication error: jwt expired[39m
2026-02-08 17:43:26:4326 [31merror[39m: [31mAuthentication error: jwt expired[39m
2026-02-08 17:43:26:4326 [31merror[39m: [31mAuthentication error: jwt expired[39m
2026-02-08 17:43:27:4327 [31merror[39m: [31mAuthentication error: jwt expired[39m
2026-02-08 17:43:27:4327 [31merror[39m: [31mAuthentication error: jwt expired[39m
2026-02-08 17:43:27:4327 [31merror[39m: [31mAuthentication error: jwt expired[39m
2026-02-08 17:43:27:4327 [31merror[39m: [31mAuthentication error: jwt expired[39m
2026-02-08 17:43:27:4327 [31merror[39m: [31mAuthentication error: jwt expired[39m
2026-02-08 17:43:27:4327 [31merror[39m: [31mAuthentication error: jwt expired[39m
2026-02-08 17:43:27:4327 [31merror[39m: [31mAuthentication error: jwt expired[39m
2026-02-08 17:43:27:4327 [31merror[39m: [31mAuthentication error: jwt expired[39m
2026-02-08 17:43:27:4327 [31merror[39m: [31mAuthentication error: jwt expired[39m
2026-02-08 17:43:27:4327 [31merror[39m: [31mAuthentication error: jwt expired[39m
2026-02-08 17:43:27:4327 [31merror[39m: [31mAuthentication error: jwt expired[39m
2026-02-08 17:43:27:4327 [31merror[39m: [31mAuthentication error: jwt expired[39m
2026-02-08 17:43:27:4327 [31merror[39m: [31mAuthentication error: jwt expired[39m
2026-02-08 17:43:27:4327 [31merror[39m: [31mAuthentication error: jwt expired[39m
2026-02-08 17:43:28:4328 [31merror[39m: [31mAuthentication error: jwt expired[39m
2026-02-08 17:43:28:4328 [31merror[39m: [31mAuthentication error: jwt expired[39m
2026-02-08 17:43:28:4328 [31merror[39m: [31mAuthentication error: jwt expired[39m
2026-02-08 17:43:28:4328 [31merror[39m: [31mAuthentication error: jwt expired[39m
2026-02-08 17:43:28:4328 [31merror[39m: [31mAuthentication error: jwt expired[39m
2026-02-08 17:43:28:4328 [31merror[39m: [31mAuthentication error: jwt expired[39m
2026-02-08 17:43:28:4328 [31merror[39m: [31mAuthentication error: jwt expired[39m
2026-02-08 17:43:28:4328 [31merror[39m: [31mAuthentication error: jwt expired[39m
2026-02-08 17:43:28:4328 [31merror[39m: [31mAuthentication error: jwt expired[39m
2026-02-08 17:43:28:4328 [31merror[39m: [31mAuthentication error: jwt expired[39m
2026-02-08 17:43:28:4328 [31merror[39m: [31mAuthentication error: jwt expired[39m
2026-02-08 17:43:28:4328 [31merror[39m: [31mAuthentication error: jwt expired[39m
2026-02-08 17:43:28:4328 [31merror[39m: [31mAuthentication error: jwt expired[39m
2026-02-08 17:43:28:4328 [31merror[39m: [31mAuthentication error: jwt expired[39m
2026-02-08 17:43:28:4328 [31merror[39m: [31mAuthentication error: jwt expired[39m
2026-02-08 17:43:28:4328 [31merror[39m: [31mAuthentication error: jwt expired[39m
2026-02-08 17:43:29:4329 [31merror[39m: [31mAuthentication error: jwt expired[39m
2026-02-08 17:43:29:4329 [31merror[39m: [31mAuthentication error: jwt expired[39m
2026-02-08 17:43:29:4329 [31merror[39m: [31mAuthentication error: jwt expired[39m
2026-02-08 17:43:29:4329 [31merror[39m: [31mAuthentication error: jwt expired[39m
2026-02-08 17:43:29:4329 [31merror[39m: [31mAuthentication error: jwt expired[39m
2026-02-08 17:43:29:4329 [31merror[39m: [31mAuthentication error: jwt expired[39m
2026-02-08 17:43:29:4329 [31merror[39m: [31mAuthentication error: jwt expired[39m
2026-02-08 17:43:29:4329 [31merror[39m: [31mAuthentication error: jwt expired[39m
2026-02-08 17:43:29:4329 [31merror[39m: [31mAuthentication error: jwt expired[39m
2026-02-08 17:43:29:4329 [31merror[39m: [31mAuthentication error: jwt expired[39m
2026-02-08 17:43:29:4329 [31merror[39m: [31mAuthentication error: jwt expired[39m
2026-02-08 17:43:29:4329 [31merror[39m: [31mAuthentication error: jwt expired[39m
2026-02-08 17:43:29:4329 [31merror[39m: [31mAuthentication error: jwt expired[39m
2026-02-08 17:43:29:4329 [31merror[39m: [31mAuthentication error: jwt expired[39m
2026-02-08 17:43:29:4329 [31merror[39m: [31mAuthentication error: jwt expired[39m
2026-02-08 17:43:30:4330 [31merror[39m: [31mAuthentication error: jwt expired[39m
2026-02-08 17:43:30:4330 [31merror[39m: [31mAuthentication error: jwt expired[39m
2026-02-08 17:43:30:4330 [31merror[39m: [31mAuthentication error: jwt expired[39m
2026-02-08 17:43:30:4330 [31merror[39m: [31mAuthentication error: jwt expired[39m
2026-02-08 17:43:30:4330 [31merror[39m: [31mAuthentication error: jwt expired[39m
2026-02-08 17:43:30:4330 [31merror[39m: [31mAuthentication error: jwt expired[39m
2026-02-08 17:43:30:4330 [31merror[39m: [31mAuthentication error: jwt expired[39m
2026-02-08 17:43:30:4330 [31merror[39m: [31mAuthentication error: jwt expired[39m
2026-02-08 17:43:30:4330 [31merror[39m: [31mAuthentication error: jwt expired[39m
2026-02-08 17:43:30:4330 [31merror[39m: [31mAuthentication error: jwt expired[39m
2026-02-08 17:43:30:4330 [31merror[39m: [31mAuthentication error: jwt expired[39m
2026-02-08 17:43:30:4330 [31merror[39m: [31mAuthentication error: jwt expired[39m
2026-02-08 17:43:30:4330 [31merror[39m: [31mAuthentication error: jwt expired[39m
2026-02-08 17:43:30:4330 [31merror[39m: [31mAuthentication error: jwt expired[39m
2026-02-08 17:43:30:4330 [31merror[39m: [31mAuthentication error: jwt expired[39m
2026-02-08 17:43:31:4331 [31merror[39m: [31mAuthentication error: jwt expired[39m
2026-02-08 17:43:31:4331 [31merror[39m: [31mAuthentication error: jwt expired[39m
2026-02-08 17:43:31:4331 [31merror[39m: [31mAuthentication error: jwt expired[39m
2026-02-08 17:43:31:4331 [31merror[39m: [31mAuthentication error: jwt expired[39m
2026-02-08 17:43:31:4331 [31merror[39m: [31mAuthentication error: jwt expired[39m
2026-02-08 17:43:31:4331 [31merror[39m: [31mAuthentication error: jwt expired[39m
2026-02-08 17:43:31:4331 [31merror[39m: [31mAuthentication error: jwt expired[39m
2026-02-08 17:43:31:4331 [31merror[39m: [31mAuthentication error: jwt expired[39m
2026-02-08 17:43:31:4331 [31merror[39m: [31mAuthentication error: jwt expired[39m
2026-02-08 17:43:31:4331 [31merror[39m: [31mAuthentication error: jwt expired[39m
2026-02-08 17:43:31:4331 [31merror[39m: [31mAuthentication error: jwt expired[39m
2026-02-08 17:43:31:4331 [31merror[39m: [31mAuthentication error: jwt expired[39m
2026-02-08 17:43:31:4331 [31merror[39m: [31mAuthentication error: jwt expired[39m
2026-02-08 17:43:31:4331 [31merror[39m: [31mAuthentication error: jwt expired[39m
2026-02-08 17:43:32:4332 [31merror[39m: [31mAuthentication error: jwt expired[39m
2026-02-08 17:43:32:4332 [31merror[39m: [31mAuthentication error: jwt expired[39m
2026-02-08 17:43:32:4332 [31merror[39m: [31mAuthentication error: jwt expired[39m
2026-02-08 17:43:32:4332 [31merror[39m: [31mAuthentication error: jwt expired[39m
2026-02-08 17:43:32:4332 [31merror[39m: [31mAuthentication error: jwt expired[39m
2026-02-08 17:43:32:4332 [31merror[39m: [31mAuthentication error: jwt expired[39m
2026-02-08 17:43:32:4332 [31merror[39m: [31mAuthentication error: jwt expired[39m
2026-02-08 17:43:32:4332 [31merror[39m: [31mAuthentication error: jwt expired[39m
2026-02-08 17:43:32:4332 [31merror[39m: [31mAuthentication error: jwt expired[39m
2026-02-08 17:43:32:4332 [31merror[39m: [31mAuthentication error: jwt expired[39m
2026-02-08 17:43:32:4332 [31merror[39m: [31mAuthentication error: jwt expired[39m
2026-02-08 17:43:32:4332 [31merror[39m: [31mAuthentication error: jwt expired[39m
2026-02-08 17:43:32:4332 [31merror[39m: [31mAuthentication error: jwt expired[39m
2026-02-08 17:43:32:4332 [31merror[39m: [31mAuthentication error: jwt expired[39m
2026-02-08 17:43:32:4332 [31merror[39m: [31mAuthentication error: jwt expired[39m
2026-02-08 17:43:32:4332 [31merror[39m: [31mAuthentication error: jwt expired[39m
2026-02-08 17:43:33:4333 [31merror[39m: [31mAuthentication error: jwt expired[39m
2026-02-08 17:43:33:4333 [31merror[39m: [31mAuthentication error: jwt expired[39m
2026-02-08 17:43:33:4333 [31merror[39m: [31mAuthentication error: jwt expired[39m
2026-02-08 17:43:33:4333 [31merror[39m: [31mAuthentication error: jwt expired[39m
2026-02-08 17:43:33:4333 [31merror[39m: [31mAuthentication error: jwt expired[39m
2026-02-08 17:43:33:4333 [31merror[39m: [31mAuthentication error: jwt expired[39m
2026-02-08 17:43:33:4333 [31merror[39m: [31mAuthentication error: jwt expired[39m
2026-02-08 17:43:33:4333 [31merror[39m: [31mAuthentication error: jwt expired[39m
2026-02-08 17:43:33:4333 [31merror[39m: [31mAuthentication error: jwt expired[39m
2026-02-08 17:43:33:4333 [31merror[39m: [31mAuthentication error: jwt expired[39m
2026-02-08 17:43:33:4333 [31merror[39m: [31mAuthentication error: jwt expired[39m
2026-02-08 17:43:33:4333 [31merror[39m: [31mAuthentication error: jwt expired[39m
2026-02-08 17:43:33:4333 [31merror[39m: [31mAuthentication error: jwt expired[39m
2026-02-08 17:43:34:4334 [31merror[39m: [31mAuthentication error: jwt expired[39m
2026-02-08 17:43:34:4334 [31merror[39m: [31mAuthentication error: jwt expired[39m
2026-02-08 17:43:34:4334 [31merror[39m: [31mAuthentication error: jwt expired[39m
2026-02-08 17:43:34:4334 [31merror[39m: [31mAuthentication error: jwt expired[39m
2026-02-08 17:43:34:4334 [31merror[39m: [31mAuthentication error: jwt expired[39m
2026-02-08 17:43:34:4334 [31merror[39m: [31mAuthentication error: jwt expired[39m
2026-02-08 17:43:34:4334 [31merror[39m: [31mAuthentication error: jwt expired[39m
2026-02-08 17:43:34:4334 [31merror[39m: [31mAuthentication error: jwt expired[39m
2026-02-08 17:43:34:4334 [31merror[39m: [31mAuthentication error: jwt expired[39m
2026-02-08 17:43:34:4334 [31merror[39m: [31mAuthentication error: jwt expired[39m
2026-02-08 17:43:34:4334 [31merror[39m: [31mAuthentication error: jwt expired[39m
2026-02-08 17:43:34:4334 [31merror[39m: [31mAuthentication error: jwt expired[39m
2026-02-08 17:43:34:4334 [31merror[39m: [31mAuthentication error: jwt expired[39m
2026-02-08 17:43:34:4334 [31merror[39m: [31mAuthentication error: jwt expired[39m
2026-02-08 17:43:35:4335 [31merror[39m: [31mAuthentication error: jwt expired[39m
2026-02-08 17:43:35:4335 [31merror[39m: [31mAuthentication error: jwt expired[39m
2026-02-08 17:43:35:4335 [31merror[39m: [31mAuthentication error: jwt expired[39m
2026-02-08 17:43:35:4335 [31merror[39m: [31mAuthentication error: jwt expired[39m
2026-02-08 17:43:35:4335 [31merror[39m: [31mAuthentication error: jwt expired[39m
2026-02-08 17:43:35:4335 [31merror[39m: [31mAuthentication error: jwt expired[39m
2026-02-08 17:43:35:4335 [31merror[39m: [31mAuthentication error: jwt expired[39m
2026-02-08 17:43:35:4335 [31merror[39m: [31mAuthentication error: jwt expired[39m
2026-02-08 17:43:35:4335 [31merror[39m: [31mAuthentication error: jwt expired[39m
2026-02-08 17:43:35:4335 [31merror[39m: [31mAuthentication error: jwt expired[39m
2026-02-08 17:43:35:4335 [31merror[39m: [31mAuthentication error: jwt expired[39m
2026-02-08 17:43:35:4335 [31merror[39m: [31mAuthentication error: jwt expired[39m
2026-02-08 17:43:36:4336 [31merror[39m: [31mAuthentication error: jwt expired[39m
2026-02-08 17:43:36:4336 [31merror[39m: [31mAuthentication error: jwt expired[39m
2026-02-08 17:43:36:4336 [31merror[39m: [31mAuthentication error: jwt expired[39m
2026-02-08 17:43:36:4336 [31merror[39m: [31mAuthentication error: jwt expired[39m
2026-02-08 17:43:36:4336 [31merror[39m: [31mAuthentication error: jwt expired[39m
2026-02-08 17:43:36:4336 [31merror[39m: [31mAuthentication error: jwt expired[39m
2026-02-08 17:43:36:4336 [31merror[39m: [31mAuthentication error: jwt expired[39m
2026-02-08 17:43:36:4336 [31merror[39m: [31mAuthentication error: jwt expired[39m
2026-02-08 17:43:36:4336 [31merror[39m: [31mAuthentication error: jwt expired[39m
2026-02-08 17:43:36:4336 [31merror[39m: [31mAuthentication error: jwt expired[39m
2026-02-08 17:43:36:4336 [31merror[39m: [31mAuthentication error: jwt expired[39m
2026-02-08 17:43:36:4336 [31merror[39m: [31mAuthentication error: jwt expired[39m
2026-02-08 17:43:36:4336 [31merror[39m: [31mAuthentication error: jwt expired[39m
2026-02-08 17:43:36:4336 [31merror[39m: [31mAuthentication error: jwt expired[39m
2026-02-08 17:43:36:4336 [31merror[39m: [31mAuthentication error: jwt expired[39m
2026-02-08 17:43:37:4337 [31merror[39m: [31mAuthentication error: jwt expired[39m
2026-02-08 17:43:37:4337 [31merror[39m: [31mAuthentication error: jwt expired[39m
2026-02-08 17:43:37:4337 [31merror[39m: [31mAuthentication error: jwt expired[39m
2026-02-08 17:43:37:4337 [31merror[39m: [31mAuthentication error: jwt expired[39m
2026-02-08 17:43:37:4337 [31merror[39m: [31mAuthentication error: jwt expired[39m
2026-02-08 17:43:37:4337 [31merror[39m: [31mAuthentication error: jwt expired[39m
2026-02-08 17:43:37:4337 [31merror[39m: [31mAuthentication error: jwt expired[39m
2026-02-08 17:43:37:4337 [31merror[39m: [31mAuthentication error: jwt expired[39m
2026-02-08 17:43:37:4337 [31merror[39m: [31mAuthentication error: jwt expired[39m
2026-02-08 17:43:37:4337 [31merror[39m: [31mAuthentication error: jwt expired[39m
2026-02-08 17:43:37:4337 [31merror[39m: [31mAuthentication error: jwt expired[39m
2026-02-08 17:43:37:4337 [31merror[39m: [31mAuthentication error: jwt expired[39m
2026-02-08 17:43:37:4337 [31merror[39m: [31mAuthentication error: jwt expired[39m
2026-02-08 17:43:37:4337 [31merror[39m: [31mAuthentication error: jwt expired[39m
2026-02-08 17:43:37:4337 [31merror[39m: [31mAuthentication error: jwt expired[39m
2026-02-08 17:43:37:4337 [31merror[39m: [31mAuthentication error: jwt expired[39m
2026-02-08 17:43:38:4338 [31merror[39m: [31mAuthentication error: jwt expired[39m
2026-02-08 17:43:38:4338 [31merror[39m: [31mAuthentication error: jwt expired[39m
2026-02-08 17:43:38:4338 [31merror[39m: [31mAuthentication error: jwt expired[39m
2026-02-08 17:43:38:4338 [31merror[39m: [31mAuthentication error: jwt expired[39m
2026-02-08 17:43:38:4338 [31merror[39m: [31mAuthentication error: jwt expired[39m
2026-02-08 17:43:38:4338 [31merror[39m: [31mAuthentication error: jwt expired[39m
2026-02-08 17:43:38:4338 [31merror[39m: [31mAuthentication error: jwt expired[39m
2026-02-08 17:43:38:4338 [31merror[39m: [31mAuthentication error: jwt expired[39m
2026-02-08 17:43:38:4338 [31merror[39m: [31mAuthentication error: jwt expired[39m
2026-02-08 17:43:38:4338 [31merror[39m: [31mAuthentication error: jwt expired[39m
2026-02-08 17:43:38:4338 [31merror[39m: [31mAuthentication error: jwt expired[39m
2026-02-08 17:43:38:4338 [31merror[39m: [31mAuthentication error: jwt expired[39m
2026-02-08 17:43:38:4338 [31merror[39m: [31mAuthentication error: jwt expired[39m
2026-02-08 17:43:38:4338 [31merror[39m: [31mAuthentication error: jwt expired[39m
2026-02-08 17:43:39:4339 [31merror[39m: [31mAuthentication error: jwt expired[39m
2026-02-08 17:43:39:4339 [31merror[39m: [31mAuthentication error: jwt expired[39m
2026-02-08 17:43:39:4339 [31merror[39m: [31mAuthentication error: jwt expired[39m
2026-02-08 17:43:39:4339 [31merror[39m: [31mAuthentication error: jwt expired[39m
2026-02-08 17:43:39:4339 [31merror[39m: [31mAuthentication error: jwt expired[39m
2026-02-08 17:43:39:4339 [31merror[39m: [31mAuthentication error: jwt expired[39m
2026-02-08 17:43:39:4339 [31merror[39m: [31mAuthentication error: jwt expired[39m
2026-02-08 17:43:39:4339 [31merror[39m: [31mAuthentication error: jwt expired[39m
2026-02-08 17:43:39:4339 [31merror[39m: [31mAuthentication error: jwt expired[39m
2026-02-08 17:43:39:4339 [31merror[39m: [31mAuthentication error: jwt expired[39m
2026-02-08 17:43:39:4339 [31merror[39m: [31mAuthentication error: jwt expired[39m
2026-02-08 17:43:39:4339 [31merror[39m: [31mAuthentication error: jwt expired[39m
2026-02-08 17:43:39:4339 [31merror[39m: [31mAuthentication error: jwt expired[39m
2026-02-08 17:43:39:4339 [31merror[39m: [31mAuthentication error: jwt expired[39m
2026-02-08 17:43:40:4340 [31merror[39m: [31mAuthentication error: jwt expired[39m
2026-02-08 17:43:40:4340 [31merror[39m: [31mAuthentication error: jwt expired[39m
2026-02-08 17:43:40:4340 [31merror[39m: [31mAuthentication error: jwt expired[39m
2026-02-08 17:43:40:4340 [31merror[39m: [31mAuthentication error: jwt expired[39m
2026-02-08 17:43:40:4340 [31merror[39m: [31mAuthentication error: jwt expired[39m
2026-02-08 17:43:40:4340 [31merror[39m: [31mAuthentication error: jwt expired[39m
2026-02-08 17:43:40:4340 [31merror[39m: [31mAuthentication error: jwt expired[39m
2026-02-08 17:43:40:4340 [31merror[39m: [31mAuthentication error: jwt expired[39m
2026-02-08 17:43:40:4340 [31merror[39m: [31mAuthentication error: jwt expired[39m
2026-02-08 17:43:40:4340 [31merror[39m: [31mAuthentication error: jwt expired[39m
2026-02-08 17:43:40:4340 [31merror[39m: [31mAuthentication error: jwt expired[39m
2026-02-08 17:43:40:4340 [31merror[39m: [31mAuthentication error: jwt expired[39m
2026-02-08 17:43:40:4340 [31merror[39m: [31mAuthentication error: jwt expired[39m
2026-02-08 17:43:40:4340 [31merror[39m: [31mAuthentication error: jwt expired[39m
2026-02-08 17:43:41:4341 [31merror[39m: [31mAuthentication error: jwt expired[39m
2026-02-08 17:43:41:4341 [31merror[39m: [31mAuthentication error: jwt expired[39m
2026-02-08 17:43:41:4341 [31merror[39m: [31mAuthentication error: jwt expired[39m
2026-02-08 17:43:41:4341 [31merror[39m: [31mAuthentication error: jwt expired[39m
2026-02-08 17:43:41:4341 [31merror[39m: [31mAuthentication error: jwt expired[39m
2026-02-08 17:43:41:4341 [31merror[39m: [31mAuthentication error: jwt expired[39m
2026-02-08 17:43:41:4341 [31merror[39m: [31mAuthentication error: jwt expired[39m
2026-02-08 17:43:41:4341 [31merror[39m: [31mAuthentication error: jwt expired[39m
2026-02-08 17:43:41:4341 [31merror[39m: [31mAuthentication error: jwt expired[39m
2026-02-08 17:43:41:4341 [31merror[39m: [31mAuthentication error: jwt expired[39m
2026-02-08 17:43:41:4341 [31merror[39m: [31mAuthentication error: jwt expired[39m
2026-02-08 17:43:41:4341 [31merror[39m: [31mAuthentication error: jwt expired[39m
2026-02-08 17:43:41:4341 [31merror[39m: [31mAuthentication error: jwt expired[39m
2026-02-08 17:43:42:4342 [31merror[39m: [31mAuthentication error: jwt expired[39m
2026-02-08 17:43:42:4342 [31merror[39m: [31mAuthentication error: jwt expired[39m
2026-02-08 17:43:42:4342 [31merror[39m: [31mAuthentication error: jwt expired[39m
2026-02-08 17:43:42:4342 [31merror[39m: [31mAuthentication error: jwt expired[39m
2026-02-08 17:43:42:4342 [31merror[39m: [31mAuthentication error: jwt expired[39m
2026-02-08 17:43:42:4342 [31merror[39m: [31mAuthentication error: jwt expired[39m
2026-02-08 17:43:42:4342 [31merror[39m: [31mAuthentication error: jwt expired[39m
2026-02-08 17:43:42:4342 [31merror[39m: [31mAuthentication error: jwt expired[39m
2026-02-08 17:43:42:4342 [31merror[39m: [31mAuthentication error: jwt expired[39m
2026-02-08 17:43:42:4342 [31merror[39m: [31mAuthentication error: jwt expired[39m
2026-02-08 17:43:42:4342 [31merror[39m: [31mAuthentication error: jwt expired[39m
2026-02-08 17:43:42:4342 [31merror[39m: [31mAuthentication error: jwt expired[39m
2026-02-08 17:43:42:4342 [31merror[39m: [31mAuthentication error: jwt expired[39m
2026-02-08 17:43:43:4343 [31merror[39m: [31mAuthentication error: jwt expired[39m
2026-02-08 17:43:43:4343 [31merror[39m: [31mAuthentication error: jwt expired[39m
2026-02-08 17:43:43:4343 [31merror[39m: [31mAuthentication error: jwt expired[39m
2026-02-08 17:43:43:4343 [31merror[39m: [31mAuthentication error: jwt expired[39m
2026-02-08 17:43:43:4343 [31merror[39m: [31mAuthentication error: jwt expired[39m
2026-02-08 17:43:43:4343 [31merror[39m: [31mAuthentication error: jwt expired[39m
2026-02-08 17:43:43:4343 [31merror[39m: [31mAuthentication error: jwt expired[39m
2026-02-08 17:43:43:4343 [31merror[39m: [31mAuthentication error: jwt expired[39m
2026-02-08 17:43:43:4343 [31merror[39m: [31mAuthentication error: jwt expired[39m
2026-02-08 17:43:43:4343 [31merror[39m: [31mAuthentication error: jwt expired[39m
2026-02-08 17:43:43:4343 [31merror[39m: [31mAuthentication error: jwt expired[39m
2026-02-08 17:43:43:4343 [31merror[39m: [31mAuthentication error: jwt expired[39m
2026-02-08 17:43:43:4343 [31merror[39m: [31mAuthentication error: jwt expired[39m
2026-02-08 17:43:44:4344 [31merror[39m: [31mAuthentication error: jwt expired[39m
2026-02-08 17:43:44:4344 [31merror[39m: [31mAuthentication error: jwt expired[39m
2026-02-08 17:43:44:4344 [31merror[39m: [31mAuthentication error: jwt expired[39m
2026-02-08 17:43:44:4344 [31merror[39m: [31mAuthentication error: jwt expired[39m
2026-02-08 17:43:44:4344 [31merror[39m: [31mAuthentication error: jwt expired[39m
2026-02-08 17:43:44:4344 [31merror[39m: [31mAuthentication error: jwt expired[39m
2026-02-08 17:43:44:4344 [31merror[39m: [31mAuthentication error: jwt expired[39m
2026-02-08 17:43:44:4344 [31merror[39m: [31mAuthentication error: jwt expired[39m
2026-02-08 17:43:44:4344 [31merror[39m: [31mAuthentication error: jwt expired[39m
2026-02-08 17:43:44:4344 [31merror[39m: [31mAuthentication error: jwt expired[39m
2026-02-08 17:43:44:4344 [31merror[39m: [31mAuthentication error: jwt expired[39m
2026-02-08 17:43:44:4344 [31merror[39m: [31mAuthentication error: jwt expired[39m
2026-02-08 17:43:44:4344 [31merror[39m: [31mAuthentication error: jwt expired[39m
2026-02-08 17:43:45:4345 [31merror[39m: [31mAuthentication error: jwt expired[39m
2026-02-08 17:43:45:4345 [31merror[39m: [31mAuthentication error: jwt expired[39m
2026-02-08 17:43:45:4345 [31merror[39m: [31mAuthentication error: jwt expired[39m
2026-02-08 17:43:45:4345 [31merror[39m: [31mAuthentication error: jwt expired[39m
2026-02-08 17:43:45:4345 [31merror[39m: [31mAuthentication error: jwt expired[39m
2026-02-08 17:43:45:4345 [31merror[39m: [31mAuthentication error: jwt expired[39m
2026-02-08 17:43:45:4345 [31merror[39m: [31mAuthentication error: jwt expired[39m
2026-02-08 17:43:45:4345 [31merror[39m: [31mAuthentication error: jwt expired[39m
2026-02-08 17:43:45:4345 [31merror[39m: [31mAuthentication error: jwt expired[39m
2026-02-08 17:43:45:4345 [31merror[39m: [31mAuthentication error: jwt expired[39m
2026-02-08 17:43:45:4345 [31merror[39m: [31mAuthentication error: jwt expired[39m
2026-02-08 17:43:45:4345 [31merror[39m: [31mAuthentication error: jwt expired[39m
2026-02-08 17:43:45:4345 [31merror[39m: [31mAuthentication error: jwt expired[39m
2026-02-08 17:43:46:4346 [31merror[39m: [31mAuthentication error: jwt expired[39m
2026-02-08 17:43:46:4346 [31merror[39m: [31mAuthentication error: jwt expired[39m
2026-02-08 17:43:46:4346 [31merror[39m: [31mAuthentication error: jwt expired[39m
2026-02-08 17:43:46:4346 [31merror[39m: [31mAuthentication error: jwt expired[39m
2026-02-08 17:43:46:4346 [31merror[39m: [31mAuthentication error: jwt expired[39m
2026-02-08 17:43:46:4346 [31merror[39m: [31mAuthentication error: jwt expired[39m
2026-02-08 17:43:46:4346 [31merror[39m: [31mAuthentication error: jwt expired[39m
2026-02-08 17:43:46:4346 [31merror[39m: [31mAuthentication error: jwt expired[39m
2026-02-08 17:43:46:4346 [31merror[39m: [31mAuthentication error: jwt expired[39m
2026-02-08 17:43:46:4346 [31merror[39m: [31mAuthentication error: jwt expired[39m
2026-02-08 17:43:46:4346 [31merror[39m: [31mAuthentication error: jwt expired[39m
2026-02-08 17:43:46:4346 [31merror[39m: [31mAuthentication error: jwt expired[39m
2026-02-08 17:43:46:4346 [31merror[39m: [31mAuthentication error: jwt expired[39m
2026-02-08 17:43:46:4346 [31merror[39m: [31mAuthentication error: jwt expired[39m
2026-02-08 17:43:47:4347 [31merror[39m: [31mAuthentication error: jwt expired[39m
2026-02-08 17:43:47:4347 [31merror[39m: [31mAuthentication error: jwt expired[39m
2026-02-08 17:43:47:4347 [31merror[39m: [31mAuthentication error: jwt expired[39m
2026-02-08 17:43:47:4347 [31merror[39m: [31mAuthentication error: jwt expired[39m
2026-02-08 17:43:47:4347 [31merror[39m: [31mAuthentication error: jwt expired[39m
2026-02-08 17:43:47:4347 [31merror[39m: [31mAuthentication error: jwt expired[39m
2026-02-08 17:43:47:4347 [31merror[39m: [31mAuthentication error: jwt expired[39m
2026-02-08 17:43:47:4347 [31merror[39m: [31mAuthentication error: jwt expired[39m
2026-02-08 17:43:47:4347 [31merror[39m: [31mAuthentication error: jwt expired[39m
2026-02-08 17:43:47:4347 [31merror[39m: [31mAuthentication error: jwt expired[39m
2026-02-08 17:43:47:4347 [31merror[39m: [31mAuthentication error: jwt expired[39m
2026-02-08 17:43:47:4347 [31merror[39m: [31mAuthentication error: jwt expired[39m
2026-02-08 17:43:47:4347 [31merror[39m: [31mAuthentication error: jwt expired[39m
2026-02-08 17:43:47:4347 [31merror[39m: [31mAuthentication error: jwt expired[39m
2026-02-08 17:43:47:4347 [31merror[39m: [31mAuthentication error: jwt expired[39m
2026-02-08 17:43:48:4348 [31merror[39m: [31mAuthentication error: jwt expired[39m
2026-02-08 17:43:48:4348 [31merror[39m: [31mAuthentication error: jwt expired[39m
2026-02-08 17:43:48:4348 [31merror[39m: [31mAuthentication error: jwt expired[39m
2026-02-08 17:43:48:4348 [31merror[39m: [31mAuthentication error: jwt expired[39m
2026-02-08 17:43:48:4348 [31merror[39m: [31mAuthentication error: jwt expired[39m
2026-02-08 17:43:48:4348 [31merror[39m: [31mAuthentication error: jwt expired[39m
2026-02-08 17:43:48:4348 [31merror[39m: [31mAuthentication error: jwt expired[39m
2026-02-08 17:43:48:4348 [31merror[39m: [31mAuthentication error: jwt expired[39m
2026-02-08 17:43:48:4348 [31merror[39m: [31mAuthentication error: jwt expired[39m
2026-02-08 17:43:48:4348 [31merror[39m: [31mAuthentication error: jwt expired[39m
2026-02-08 17:43:48:4348 [31merror[39m: [31mAuthentication error: jwt expired[39m
2026-02-08 17:43:48:4348 [31merror[39m: [31mAuthentication error: jwt expired[39m
2026-02-08 17:43:48:4348 [31merror[39m: [31mAuthentication error: jwt expired[39m
2026-02-08 17:43:49:4349 [31merror[39m: [31mAuthentication error: jwt expired[39m
2026-02-08 17:43:49:4349 [31merror[39m: [31mAuthentication error: jwt expired[39m
2026-02-08 17:43:49:4349 [31merror[39m: [31mAuthentication error: jwt expired[39m
2026-02-08 17:43:49:4349 [31merror[39m: [31mAuthentication error: jwt expired[39m
2026-02-08 17:43:49:4349 [31merror[39m: [31mAuthentication error: jwt expired[39m
2026-02-08 17:43:49:4349 [31merror[39m: [31mAuthentication error: jwt expired[39m
2026-02-08 17:43:49:4349 [31merror[39m: [31mAuthentication error: jwt expired[39m
2026-02-08 17:43:49:4349 [31merror[39m: [31mAuthentication error: jwt expired[39m
2026-02-08 17:43:49:4349 [31merror[39m: [31mAuthentication error: jwt expired[39m
2026-02-08 17:43:49:4349 [31merror[39m: [31mAuthentication error: jwt expired[39m
2026-02-08 17:43:50:4350 [31merror[39m: [31mAuthentication error: jwt expired[39m
2026-02-08 17:43:50:4350 [31merror[39m: [31mAuthentication error: jwt expired[39m
2026-02-08 17:43:50:4350 [31merror[39m: [31mAuthentication error: jwt expired[39m
2026-02-08 17:43:50:4350 [31merror[39m: [31mAuthentication error: jwt expired[39m
2026-02-08 17:43:50:4350 [31merror[39m: [31mAuthentication error: jwt expired[39m
2026-02-08 17:43:50:4350 [31merror[39m: [31mAuthentication error: jwt expired[39m
2026-02-08 17:43:50:4350 [31merror[39m: [31mAuthentication error: jwt expired[39m
2026-02-08 17:43:50:4350 [31merror[39m: [31mAuthentication error: jwt expired[39m
2026-02-08 17:43:50:4350 [31merror[39m: [31mAuthentication error: jwt expired[39m
2026-02-08 17:43:50:4350 [31merror[39m: [31mAuthentication error: jwt expired[39m
2026-02-08 17:43:50:4350 [31merror[39m: [31mAuthentication error: jwt expired[39m
2026-02-08 17:43:51:4351 [31merror[39m: [31mAuthentication error: jwt expired[39m
2026-02-08 17:43:51:4351 [31merror[39m: [31mAuthentication error: jwt expired[39m
2026-02-08 17:43:51:4351 [31merror[39m: [31mAuthentication error: jwt expired[39m
2026-02-08 17:43:51:4351 [31merror[39m: [31mAuthentication error: jwt expired[39m
2026-02-08 17:43:51:4351 [31merror[39m: [31mAuthentication error: jwt expired[39m
2026-02-08 17:43:51:4351 [31merror[39m: [31mAuthentication error: jwt expired[39m
2026-02-08 17:43:51:4351 [31merror[39m: [31mAuthentication error: jwt expired[39m
2026-02-08 17:43:51:4351 [31merror[39m: [31mAuthentication error: jwt expired[39m
2026-02-08 17:43:51:4351 [31merror[39m: [31mAuthentication error: jwt expired[39m
2026-02-08 17:43:51:4351 [31merror[39m: [31mAuthentication error: jwt expired[39m
2026-02-08 17:43:51:4351 [31merror[39m: [31mAuthentication error: jwt expired[39m
2026-02-08 17:43:52:4352 [31merror[39m: [31mAuthentication error: jwt expired[39m
2026-02-08 17:43:52:4352 [31merror[39m: [31mAuthentication error: jwt expired[39m
2026-02-08 17:43:52:4352 [31merror[39m: [31mAuthentication error: jwt expired[39m
2026-02-08 17:43:52:4352 [31merror[39m: [31mAuthentication error: jwt expired[39m
2026-02-08 17:43:52:4352 [31merror[39m: [31mAuthentication error: jwt expired[39m
2026-02-08 17:43:52:4352 [31merror[39m: [31mAuthentication error: jwt expired[39m
2026-02-08 17:43:52:4352 [31merror[39m: [31mAuthentication error: jwt expired[39m
2026-02-08 17:43:52:4352 [31merror[39m: [31mAuthentication error: jwt expired[39m
2026-02-08 17:43:52:4352 [31merror[39m: [31mAuthentication error: jwt expired[39m
2026-02-08 17:43:52:4352 [31merror[39m: [31mAuthentication error: jwt expired[39m
2026-02-08 17:43:52:4352 [31merror[39m: [31mAuthentication error: jwt expired[39m
2026-02-08 17:43:52:4352 [31merror[39m: [31mAuthentication error: jwt expired[39m
2026-02-08 17:43:53:4353 [31merror[39m: [31mAuthentication error: jwt expired[39m
2026-02-08 17:43:53:4353 [31merror[39m: [31mAuthentication error: jwt expired[39m
2026-02-08 17:43:53:4353 [31merror[39m: [31mAuthentication error: jwt expired[39m
2026-02-08 17:43:53:4353 [31merror[39m: [31mAuthentication error: jwt expired[39m
2026-02-08 17:43:53:4353 [31merror[39m: [31mAuthentication error: jwt expired[39m
2026-02-08 17:43:53:4353 [31merror[39m: [31mAuthentication error: jwt expired[39m
2026-02-08 17:43:53:4353 [31merror[39m: [31mAuthentication error: jwt expired[39m
2026-02-08 17:43:53:4353 [31merror[39m: [31mAuthentication error: jwt expired[39m
2026-02-08 17:43:53:4353 [31merror[39m: [31mAuthentication error: jwt expired[39m
2026-02-08 17:43:53:4353 [31merror[39m: [31mAuthentication error: jwt expired[39m
2026-02-08 17:43:53:4353 [31merror[39m: [31mAuthentication error: jwt expired[39m
2026-02-08 17:43:54:4354 [31merror[39m: [31mAuthentication error: jwt expired[39m
2026-02-08 17:43:54:4354 [31merror[39m: [31mAuthentication error: jwt expired[39m
2026-02-08 17:43:54:4354 [31merror[39m: [31mAuthentication error: jwt expired[39m
2026-02-08 17:43:54:4354 [31merror[39m: [31mAuthentication error: jwt expired[39m
2026-02-08 17:43:54:4354 [31merror[39m: [31mAuthentication error: jwt expired[39m
2026-02-08 17:43:54:4354 [31merror[39m: [31mAuthentication error: jwt expired[39m
2026-02-08 17:43:54:4354 [31merror[39m: [31mAuthentication error: jwt expired[39m
2026-02-08 17:43:54:4354 [31merror[39m: [31mAuthentication error: jwt expired[39m
2026-02-08 17:43:54:4354 [31merror[39m: [31mAuthentication error: jwt expired[39m
2026-02-08 17:43:54:4354 [31merror[39m: [31mAuthentication error: jwt expired[39m
2026-02-08 17:43:54:4354 [31merror[39m: [31mAuthentication error: jwt expired[39m
2026-02-08 17:43:54:4354 [31merror[39m: [31mAuthentication error: jwt expired[39m
2026-02-08 17:43:54:4354 [31merror[39m: [31mAuthentication error: jwt expired[39m
2026-02-08 17:43:54:4354 [31merror[39m: [31mAuthentication error: jwt expired[39m
2026-02-08 17:43:55:4355 [31merror[39m: [31mAuthentication error: jwt expired[39m
2026-02-08 17:43:55:4355 [31merror[39m: [31mAuthentication error: jwt expired[39m
2026-02-08 17:43:55:4355 [31merror[39m: [31mAuthentication error: jwt expired[39m
2026-02-08 17:43:55:4355 [31merror[39m: [31mAuthentication error: jwt expired[39m
2026-02-08 17:43:55:4355 [31merror[39m: [31mAuthentication error: jwt expired[39m
2026-02-08 17:43:55:4355 [31merror[39m: [31mAuthentication error: jwt expired[39m
2026-02-08 17:43:55:4355 [31merror[39m: [31mAuthentication error: jwt expired[39m
2026-02-08 17:43:55:4355 [31merror[39m: [31mAuthentication error: jwt expired[39m
2026-02-08 17:43:55:4355 [31merror[39m: [31mAuthentication error: jwt expired[39m
2026-02-08 17:43:55:4355 [31merror[39m: [31mAuthentication error: jwt expired[39m
2026-02-08 17:43:55:4355 [31merror[39m: [31mAuthentication error: jwt expired[39m
2026-02-08 17:43:55:4355 [31merror[39m: [31mAuthentication error: jwt expired[39m
2026-02-08 17:43:55:4355 [31merror[39m: [31mAuthentication error: jwt expired[39m
2026-02-08 17:43:55:4355 [31merror[39m: [31mAuthentication error: jwt expired[39m
2026-02-08 17:43:55:4355 [31merror[39m: [31mAuthentication error: jwt expired[39m
2026-02-08 17:43:56:4356 [31merror[39m: [31mAuthentication error: jwt expired[39m
2026-02-08 17:43:56:4356 [31merror[39m: [31mAuthentication error: jwt expired[39m
2026-02-08 17:43:56:4356 [31merror[39m: [31mAuthentication error: jwt expired[39m
2026-02-08 17:43:56:4356 [31merror[39m: [31mAuthentication error: jwt expired[39m
2026-02-08 17:43:56:4356 [31merror[39m: [31mAuthentication error: jwt expired[39m
2026-02-08 17:43:56:4356 [31merror[39m: [31mAuthentication error: jwt expired[39m
2026-02-08 17:43:56:4356 [31merror[39m: [31mAuthentication error: jwt expired[39m
2026-02-08 17:43:56:4356 [31merror[39m: [31mAuthentication error: jwt expired[39m
2026-02-08 17:43:56:4356 [31merror[39m: [31mAuthentication error: jwt expired[39m
2026-02-08 17:43:56:4356 [31merror[39m: [31mAuthentication error: jwt expired[39m
2026-02-08 17:43:56:4356 [31merror[39m: [31mAuthentication error: jwt expired[39m
2026-02-08 17:43:56:4356 [31merror[39m: [31mAuthentication error: jwt expired[39m
2026-02-08 17:43:56:4356 [31merror[39m: [31mAuthentication error: jwt expired[39m
2026-02-08 17:43:56:4356 [31merror[39m: [31mAuthentication error: jwt expired[39m
2026-02-08 17:43:57:4357 [31merror[39m: [31mAuthentication error: jwt expired[39m
2026-02-08 17:43:57:4357 [31merror[39m: [31mAuthentication error: jwt expired[39m
2026-02-08 17:43:57:4357 [31merror[39m: [31mAuthentication error: jwt expired[39m
2026-02-08 17:43:57:4357 [31merror[39m: [31mAuthentication error: jwt expired[39m
2026-02-08 17:43:57:4357 [31merror[39m: [31mAuthentication error: jwt expired[39m
2026-02-08 17:43:57:4357 [31merror[39m: [31mAuthentication error: jwt expired[39m
2026-02-08 17:43:57:4357 [31merror[39m: [31mAuthentication error: jwt expired[39m
2026-02-08 17:43:57:4357 [31merror[39m: [31mAuthentication error: jwt expired[39m
2026-02-08 17:43:57:4357 [31merror[39m: [31mAuthentication error: jwt expired[39m
2026-02-08 17:43:57:4357 [31merror[39m: [31mAuthentication error: jwt expired[39m
2026-02-08 17:43:57:4357 [31merror[39m: [31mAuthentication error: jwt expired[39m
2026-02-08 17:43:57:4357 [31merror[39m: [31mAuthentication error: jwt expired[39m
2026-02-08 17:43:57:4357 [31merror[39m: [31mAuthentication error: jwt expired[39m
2026-02-08 17:43:58:4358 [31merror[39m: [31mAuthentication error: jwt expired[39m
2026-02-08 17:43:58:4358 [31merror[39m: [31mAuthentication error: jwt expired[39m
2026-02-08 17:43:58:4358 [31merror[39m: [31mAuthentication error: jwt expired[39m
2026-02-08 17:43:58:4358 [31merror[39m: [31mAuthentication error: jwt expired[39m
2026-02-08 17:43:58:4358 [31merror[39m: [31mAuthentication error: jwt expired[39m
2026-02-08 17:43:58:4358 [31merror[39m: [31mAuthentication error: jwt expired[39m
2026-02-08 17:43:58:4358 [31merror[39m: [31mAuthentication error: jwt expired[39m
2026-02-08 17:43:58:4358 [31merror[39m: [31mAuthentication error: jwt expired[39m
2026-02-08 17:43:58:4358 [31merror[39m: [31mAuthentication error: jwt expired[39m
2026-02-08 17:43:58:4358 [31merror[39m: [31mAuthentication error: jwt expired[39m
2026-02-08 17:43:58:4358 [31merror[39m: [31mAuthentication error: jwt expired[39m
2026-02-08 17:43:58:4358 [31merror[39m: [31mAuthentication error: jwt expired[39m
2026-02-08 17:43:58:4358 [31merror[39m: [31mAuthentication error: jwt expired[39m
2026-02-08 17:43:58:4358 [31merror[39m: [31mAuthentication error: jwt expired[39m
2026-02-08 17:43:59:4359 [31merror[39m: [31mAuthentication error: jwt expired[39m
2026-02-08 17:43:59:4359 [31merror[39m: [31mAuthentication error: jwt expired[39m
2026-02-08 17:43:59:4359 [31merror[39m: [31mAuthentication error: jwt expired[39m
2026-02-08 17:43:59:4359 [31merror[39m: [31mAuthentication error: jwt expired[39m
2026-02-08 17:43:59:4359 [31merror[39m: [31mAuthentication error: jwt expired[39m
2026-02-08 17:43:59:4359 [31merror[39m: [31mAuthentication error: jwt expired[39m
2026-02-08 17:43:59:4359 [31merror[39m: [31mAuthentication error: jwt expired[39m
2026-02-08 17:43:59:4359 [31merror[39m: [31mAuthentication error: jwt expired[39m
2026-02-08 17:43:59:4359 [31merror[39m: [31mAuthentication error: jwt expired[39m
2026-02-08 17:43:59:4359 [31merror[39m: [31mAuthentication error: jwt expired[39m
2026-02-08 17:43:59:4359 [31merror[39m: [31mAuthentication error: jwt expired[39m
2026-02-08 17:43:59:4359 [31merror[39m: [31mAuthentication error: jwt expired[39m
2026-02-08 17:44:00:440 [31merror[39m: [31mAuthentication error: jwt expired[39m
2026-02-08 17:44:00:440 [31merror[39m: [31mAuthentication error: jwt expired[39m
2026-02-08 17:44:00:440 [31merror[39m: [31mAuthentication error: jwt expired[39m
2026-02-08 17:44:00:440 [31merror[39m: [31mAuthentication error: jwt expired[39m
2026-02-08 17:44:00:440 [31merror[39m: [31mAuthentication error: jwt expired[39m
2026-02-08 17:44:00:440 [31merror[39m: [31mAuthentication error: jwt expired[39m
2026-02-08 17:44:00:440 [31merror[39m: [31mAuthentication error: jwt expired[39m
2026-02-08 17:44:00:440 [31merror[39m: [31mAuthentication error: jwt expired[39m
2026-02-08 17:44:00:440 [31merror[39m: [31mAuthentication error: jwt expired[39m
2026-02-08 17:44:00:440 [31merror[39m: [31mAuthentication error: jwt expired[39m
2026-02-08 17:44:00:440 [31merror[39m: [31mAuthentication error: jwt expired[39m
2026-02-08 17:44:00:440 [31merror[39m: [31mAuthentication error: jwt expired[39m
2026-02-08 17:44:01:441 [31merror[39m: [31mAuthentication error: jwt expired[39m
2026-02-08 17:44:01:441 [31merror[39m: [31mAuthentication error: jwt expired[39m
2026-02-08 17:44:01:441 [31merror[39m: [31mAuthentication error: jwt expired[39m
2026-02-08 17:44:01:441 [31merror[39m: [31mAuthentication error: jwt expired[39m
2026-02-08 17:44:01:441 [31merror[39m: [31mAuthentication error: jwt expired[39m
2026-02-08 17:44:01:441 [31merror[39m: [31mAuthentication error: jwt expired[39m
2026-02-08 17:44:01:441 [31merror[39m: [31mAuthentication error: jwt expired[39m
2026-02-08 17:44:01:441 [31merror[39m: [31mAuthentication error: jwt expired[39m
2026-02-08 17:44:01:441 [31merror[39m: [31mAuthentication error: jwt expired[39m
2026-02-08 17:44:01:441 [31merror[39m: [31mAuthentication error: jwt expired[39m
2026-02-08 17:44:01:441 [31merror[39m: [31mAuthentication error: jwt expired[39m
2026-02-08 17:44:01:441 [31merror[39m: [31mAuthentication error: jwt expired[39m
2026-02-08 17:44:01:441 [31merror[39m: [31mAuthentication error: jwt expired[39m
2026-02-08 17:44:02:442 [31merror[39m: [31mAuthentication error: jwt expired[39m
2026-02-08 17:44:02:442 [31merror[39m: [31mAuthentication error: jwt expired[39m
2026-02-08 17:44:02:442 [31merror[39m: [31mAuthentication error: jwt expired[39m
2026-02-08 17:44:02:442 [31merror[39m: [31mAuthentication error: jwt expired[39m
2026-02-08 17:44:02:442 [31merror[39m: [31mAuthentication error: jwt expired[39m
2026-02-08 17:44:02:442 [31merror[39m: [31mAuthentication error: jwt expired[39m
2026-02-08 17:44:02:442 [31merror[39m: [31mAuthentication error: jwt expired[39m
2026-02-08 17:44:02:442 [31merror[39m: [31mAuthentication error: jwt expired[39m
2026-02-08 17:44:02:442 [31merror[39m: [31mAuthentication error: jwt expired[39m
2026-02-08 17:44:02:442 [31merror[39m: [31mAuthentication error: jwt expired[39m
2026-02-08 17:44:02:442 [31merror[39m: [31mAuthentication error: jwt expired[39m
2026-02-08 17:44:02:442 [31merror[39m: [31mAuthentication error: jwt expired[39m
2026-02-08 17:44:02:442 [31merror[39m: [31mAuthentication error: jwt expired[39m
2026-02-08 17:44:03:443 [31merror[39m: [31mAuthentication error: jwt expired[39m
2026-02-08 17:44:03:443 [31merror[39m: [31mAuthentication error: jwt expired[39m
2026-02-08 17:44:03:443 [31merror[39m: [31mAuthentication error: jwt expired[39m
2026-02-08 17:44:03:443 [31merror[39m: [31mAuthentication error: jwt expired[39m
2026-02-08 17:44:03:443 [31merror[39m: [31mAuthentication error: jwt expired[39m
2026-02-08 17:44:03:443 [31merror[39m: [31mAuthentication error: jwt expired[39m
2026-02-08 17:44:03:443 [31merror[39m: [31mAuthentication error: jwt expired[39m
2026-02-08 17:44:03:443 [31merror[39m: [31mAuthentication error: jwt expired[39m
2026-02-08 17:44:03:443 [31merror[39m: [31mAuthentication error: jwt expired[39m
2026-02-08 17:44:03:443 [31merror[39m: [31mAuthentication error: jwt expired[39m
2026-02-08 17:44:03:443 [31merror[39m: [31mAuthentication error: jwt expired[39m
2026-02-08 17:44:03:443 [31merror[39m: [31mAuthentication error: jwt expired[39m
2026-02-08 17:44:03:443 [31merror[39m: [31mAuthentication error: jwt expired[39m
2026-02-08 17:44:03:443 [31merror[39m: [31mAuthentication error: jwt expired[39m
2026-02-08 17:44:03:443 [31merror[39m: [31mAuthentication error: jwt expired[39m
2026-02-08 17:44:04:444 [31merror[39m: [31mAuthentication error: jwt expired[39m
2026-02-08 17:44:04:444 [31merror[39m: [31mAuthentication error: jwt expired[39m
2026-02-08 17:44:04:444 [31merror[39m: [31mAuthentication error: jwt expired[39m
2026-02-08 17:44:04:444 [31merror[39m: [31mAuthentication error: jwt expired[39m
2026-02-08 17:44:04:444 [31merror[39m: [31mAuthentication error: jwt expired[39m
2026-02-08 17:44:04:444 [31merror[39m: [31mAuthentication error: jwt expired[39m
2026-02-08 17:44:04:444 [31merror[39m: [31mAuthentication error: jwt expired[39m
2026-02-08 17:44:04:444 [31merror[39m: [31mAuthentication error: jwt expired[39m
2026-02-08 17:44:04:444 [31merror[39m: [31mAuthentication error: jwt expired[39m
2026-02-08 17:44:04:444 [31merror[39m: [31mAuthentication error: jwt expired[39m
2026-02-08 17:44:04:444 [31merror[39m: [31mAuthentication error: jwt expired[39m
2026-02-08 17:44:04:444 [31merror[39m: [31mAuthentication error: jwt expired[39m
2026-02-08 17:44:04:444 [31merror[39m: [31mAuthentication error: jwt expired[39m
2026-02-08 17:44:05:445 [31merror[39m: [31mAuthentication error: jwt expired[39m
2026-02-08 17:44:05:445 [31merror[39m: [31mAuthentication error: jwt expired[39m
2026-02-08 17:44:05:445 [31merror[39m: [31mAuthentication error: jwt expired[39m
2026-02-08 17:44:05:445 [31merror[39m: [31mAuthentication error: jwt expired[39m
2026-02-08 17:44:05:445 [31merror[39m: [31mAuthentication error: jwt expired[39m
2026-02-08 17:44:05:445 [31merror[39m: [31mAuthentication error: jwt expired[39m
2026-02-08 17:44:05:445 [31merror[39m: [31mAuthentication error: jwt expired[39m
2026-02-08 17:44:05:445 [31merror[39m: [31mAuthentication error: jwt expired[39m
2026-02-08 17:44:05:445 [31merror[39m: [31mAuthentication error: jwt expired[39m
2026-02-08 17:44:05:445 [31merror[39m: [31mAuthentication error: jwt expired[39m
2026-02-08 17:44:05:445 [31merror[39m: [31mAuthentication error: jwt expired[39m
2026-02-08 17:44:06:446 [31merror[39m: [31mAuthentication error: jwt expired[39m
2026-02-08 17:44:06:446 [31merror[39m: [31mAuthentication error: jwt expired[39m
2026-02-08 17:44:06:446 [31merror[39m: [31mAuthentication error: jwt expired[39m
2026-02-08 17:44:06:446 [31merror[39m: [31mAuthentication error: jwt expired[39m
2026-02-08 17:44:06:446 [31merror[39m: [31mAuthentication error: jwt expired[39m
2026-02-08 17:44:06:446 [31merror[39m: [31mAuthentication error: jwt expired[39m
2026-02-08 17:44:06:446 [31merror[39m: [31mAuthentication error: jwt expired[39m
2026-02-08 17:44:06:446 [31merror[39m: [31mAuthentication error: jwt expired[39m
2026-02-08 17:44:06:446 [31merror[39m: [31mAuthentication error: jwt expired[39m
2026-02-08 17:44:06:446 [31merror[39m: [31mAuthentication error: jwt expired[39m
2026-02-08 17:44:06:446 [31merror[39m: [31mAuthentication error: jwt expired[39m
2026-02-08 17:44:06:446 [31merror[39m: [31mAuthentication error: jwt expired[39m
2026-02-08 17:44:06:446 [31merror[39m: [31mAuthentication error: jwt expired[39m
2026-02-08 17:44:06:446 [31merror[39m: [31mAuthentication error: jwt expired[39m
2026-02-08 17:44:07:447 [31merror[39m: [31mAuthentication error: jwt expired[39m
2026-02-08 17:44:07:447 [31merror[39m: [31mAuthentication error: jwt expired[39m
2026-02-08 17:44:07:447 [31merror[39m: [31mAuthentication error: jwt expired[39m
2026-02-08 17:44:07:447 [31merror[39m: [31mAuthentication error: jwt expired[39m
2026-02-08 17:44:07:447 [31merror[39m: [31mAuthentication error: jwt expired[39m
2026-02-08 17:44:07:447 [31merror[39m: [31mAuthentication error: jwt expired[39m
2026-02-08 17:44:07:447 [31merror[39m: [31mAuthentication error: jwt expired[39m
2026-02-08 17:44:07:447 [31merror[39m: [31mAuthentication error: jwt expired[39m
2026-02-08 17:44:07:447 [31merror[39m: [31mAuthentication error: jwt expired[39m
2026-02-08 17:44:07:447 [31merror[39m: [31mAuthentication error: jwt expired[39m
2026-02-08 17:44:07:447 [31merror[39m: [31mAuthentication error: jwt expired[39m
2026-02-08 17:44:07:447 [31merror[39m: [31mAuthentication error: jwt expired[39m
2026-02-08 17:44:07:447 [31merror[39m: [31mAuthentication error: jwt expired[39m
2026-02-08 17:44:07:447 [31merror[39m: [31mAuthentication error: jwt expired[39m
2026-02-08 17:44:07:447 [31merror[39m: [31mAuthentication error: jwt expired[39m
2026-02-08 17:44:08:448 [31merror[39m: [31mAuthentication error: jwt expired[39m
2026-02-08 17:44:08:448 [31merror[39m: [31mAuthentication error: jwt expired[39m
2026-02-08 17:44:08:448 [31merror[39m: [31mAuthentication error: jwt expired[39m
2026-02-08 17:44:08:448 [31merror[39m: [31mAuthentication error: jwt expired[39m
2026-02-08 17:44:08:448 [31merror[39m: [31mAuthentication error: jwt expired[39m
2026-02-08 17:44:08:448 [31merror[39m: [31mAuthentication error: jwt expired[39m
2026-02-08 17:44:08:448 [31merror[39m: [31mAuthentication error: jwt expired[39m
2026-02-08 17:44:08:448 [31merror[39m: [31mAuthentication error: jwt expired[39m
2026-02-08 17:44:08:448 [31merror[39m: [31mAuthentication error: jwt expired[39m
2026-02-08 17:44:08:448 [31merror[39m: [31mAuthentication error: jwt expired[39m
2026-02-08 17:44:08:448 [31merror[39m: [31mAuthentication error: jwt expired[39m
2026-02-08 17:44:08:448 [31merror[39m: [31mAuthentication error: jwt expired[39m
2026-02-08 17:44:08:448 [31merror[39m: [31mAuthentication error: jwt expired[39m
2026-02-08 17:44:08:448 [31merror[39m: [31mAuthentication error: jwt expired[39m
2026-02-08 17:44:09:449 [31merror[39m: [31mAuthentication error: jwt expired[39m
2026-02-08 17:44:09:449 [31merror[39m: [31mAuthentication error: jwt expired[39m
2026-02-08 17:44:09:449 [31merror[39m: [31mAuthentication error: jwt expired[39m
2026-02-08 17:44:09:449 [31merror[39m: [31mAuthentication error: jwt expired[39m
2026-02-08 17:44:09:449 [31merror[39m: [31mAuthentication error: jwt expired[39m
2026-02-08 17:44:09:449 [31merror[39m: [31mAuthentication error: jwt expired[39m
2026-02-08 17:44:09:449 [31merror[39m: [31mAuthentication error: jwt expired[39m
2026-02-08 17:44:09:449 [31merror[39m: [31mAuthentication error: jwt expired[39m
2026-02-08 17:44:09:449 [31merror[39m: [31mAuthentication error: jwt expired[39m
2026-02-08 17:44:09:449 [31merror[39m: [31mAuthentication error: jwt expired[39m
2026-02-08 17:44:09:449 [31merror[39m: [31mAuthentication error: jwt expired[39m
2026-02-08 17:44:09:449 [31merror[39m: [31mAuthentication error: jwt expired[39m
2026-02-08 17:44:09:449 [31merror[39m: [31mAuthentication error: jwt expired[39m
2026-02-08 17:44:09:449 [31merror[39m: [31mAuthentication error: jwt expired[39m
2026-02-08 17:44:09:449 [31merror[39m: [31mAuthentication error: jwt expired[39m
2026-02-08 17:44:10:4410 [31merror[39m: [31mAuthentication error: jwt expired[39m
2026-02-08 17:44:10:4410 [31merror[39m: [31mAuthentication error: jwt expired[39m
2026-02-08 17:44:10:4410 [31merror[39m: [31mAuthentication error: jwt expired[39m
2026-02-08 17:44:10:4410 [31merror[39m: [31mAuthentication error: jwt expired[39m
2026-02-08 17:44:10:4410 [31merror[39m: [31mAuthentication error: jwt expired[39m
2026-02-08 17:44:10:4410 [31merror[39m: [31mAuthentication error: jwt expired[39m
2026-02-08 17:44:10:4410 [31merror[39m: [31mAuthentication error: jwt expired[39m
2026-02-08 17:44:10:4410 [31merror[39m: [31mAuthentication error: jwt expired[39m
2026-02-08 17:44:10:4410 [31merror[39m: [31mAuthentication error: jwt expired[39m
2026-02-08 17:44:10:4410 [31merror[39m: [31mAuthentication error: jwt expired[39m
2026-02-08 17:44:10:4410 [31merror[39m: [31mAuthentication error: jwt expired[39m
2026-02-08 17:44:10:4410 [31merror[39m: [31mAuthentication error: jwt expired[39m
2026-02-08 17:44:10:4410 [31merror[39m: [31mAuthentication error: jwt expired[39m
2026-02-08 17:44:10:4410 [31merror[39m: [31mAuthentication error: jwt expired[39m
2026-02-08 17:44:10:4410 [31merror[39m: [31mAuthentication error: jwt expired[39m
2026-02-08 17:44:11:4411 [31merror[39m: [31mAuthentication error: jwt expired[39m
2026-02-08 17:44:11:4411 [31merror[39m: [31mAuthentication error: jwt expired[39m
2026-02-08 17:44:11:4411 [31merror[39m: [31mAuthentication error: jwt expired[39m
2026-02-08 17:44:11:4411 [31merror[39m: [31mAuthentication error: jwt expired[39m
2026-02-08 17:44:11:4411 [31merror[39m: [31mAuthentication error: jwt expired[39m
2026-02-08 17:44:11:4411 [31merror[39m: [31mAuthentication error: jwt expired[39m
2026-02-08 17:44:11:4411 [31merror[39m: [31mAuthentication error: jwt expired[39m
2026-02-08 17:44:11:4411 [31merror[39m: [31mAuthentication error: jwt expired[39m
2026-02-08 17:44:11:4411 [31merror[39m: [31mAuthentication error: jwt expired[39m
2026-02-08 17:44:11:4411 [31merror[39m: [31mAuthentication error: jwt expired[39m
2026-02-08 17:44:11:4411 [31merror[39m: [31mAuthentication error: jwt expired[39m
2026-02-08 17:44:11:4411 [31merror[39m: [31mAuthentication error: jwt expired[39m
2026-02-08 17:44:11:4411 [31merror[39m: [31mAuthentication error: jwt expired[39m
2026-02-08 17:44:11:4411 [31merror[39m: [31mAuthentication error: jwt expired[39m
2026-02-08 17:44:11:4411 [31merror[39m: [31mAuthentication error: jwt expired[39m
2026-02-08 17:44:12:4412 [31merror[39m: [31mAuthentication error: jwt expired[39m
2026-02-08 17:44:12:4412 [31merror[39m: [31mAuthentication error: jwt expired[39m
2026-02-08 17:44:12:4412 [31merror[39m: [31mAuthentication error: jwt expired[39m
2026-02-08 17:44:12:4412 [31merror[39m: [31mAuthentication error: jwt expired[39m
2026-02-08 17:44:12:4412 [31merror[39m: [31mAuthentication error: jwt expired[39m
2026-02-08 17:44:12:4412 [31merror[39m: [31mAuthentication error: jwt expired[39m
2026-02-08 17:44:12:4412 [31merror[39m: [31mAuthentication error: jwt expired[39m
2026-02-08 17:44:12:4412 [31merror[39m: [31mAuthentication error: jwt expired[39m
2026-02-08 17:44:12:4412 [31merror[39m: [31mAuthentication error: jwt expired[39m
2026-02-08 17:44:12:4412 [31merror[39m: [31mAuthentication error: jwt expired[39m
2026-02-08 17:44:12:4412 [31merror[39m: [31mAuthentication error: jwt expired[39m
2026-02-08 17:44:12:4412 [31merror[39m: [31mAuthentication error: jwt expired[39m
2026-02-08 17:44:13:4413 [31merror[39m: [31mAuthentication error: jwt expired[39m
2026-02-08 17:44:13:4413 [31merror[39m: [31mAuthentication error: jwt expired[39m
2026-02-08 17:44:13:4413 [31merror[39m: [31mAuthentication error: jwt expired[39m
2026-02-08 17:44:13:4413 [31merror[39m: [31mAuthentication error: jwt expired[39m
2026-02-08 17:44:13:4413 [31merror[39m: [31mAuthentication error: jwt expired[39m
2026-02-08 17:44:13:4413 [31merror[39m: [31mAuthentication error: jwt expired[39m
2026-02-08 17:44:13:4413 [31merror[39m: [31mAuthentication error: jwt expired[39m
2026-02-08 17:44:13:4413 [31merror[39m: [31mAuthentication error: jwt expired[39m
2026-02-08 17:44:13:4413 [31merror[39m: [31mAuthentication error: jwt expired[39m
2026-02-08 17:44:13:4413 [31merror[39m: [31mAuthentication error: jwt expired[39m
2026-02-08 17:44:13:4413 [31merror[39m: [31mAuthentication error: jwt expired[39m
2026-02-08 17:44:13:4413 [31merror[39m: [31mAuthentication error: jwt expired[39m
2026-02-08 17:44:14:4414 [31merror[39m: [31mAuthentication error: jwt expired[39m
2026-02-08 17:44:14:4414 [31merror[39m: [31mAuthentication error: jwt expired[39m
2026-02-08 17:44:14:4414 [31merror[39m: [31mAuthentication error: jwt expired[39m
2026-02-08 17:44:14:4414 [31merror[39m: [31mAuthentication error: jwt expired[39m
2026-02-08 17:44:14:4414 [31merror[39m: [31mAuthentication error: jwt expired[39m
2026-02-08 17:44:14:4414 [31merror[39m: [31mAuthentication error: jwt expired[39m
2026-02-08 17:44:14:4414 [31merror[39m: [31mAuthentication error: jwt expired[39m
2026-02-08 17:44:14:4414 [31merror[39m: [31mAuthentication error: jwt expired[39m
2026-02-08 17:44:14:4414 [31merror[39m: [31mAuthentication error: jwt expired[39m
2026-02-08 17:44:14:4414 [31merror[39m: [31mAuthentication error: jwt expired[39m
2026-02-08 17:44:14:4414 [31merror[39m: [31mAuthentication error: jwt expired[39m
2026-02-08 17:44:14:4414 [31merror[39m: [31mAuthentication error: jwt expired[39m
2026-02-08 17:44:14:4414 [31merror[39m: [31mAuthentication error: jwt expired[39m
2026-02-08 17:44:14:4414 [31merror[39m: [31mAuthentication error: jwt expired[39m
2026-02-08 17:44:15:4415 [31merror[39m: [31mAuthentication error: jwt expired[39m
2026-02-08 17:44:15:4415 [31merror[39m: [31mAuthentication error: jwt expired[39m
2026-02-08 17:44:15:4415 [31merror[39m: [31mAuthentication error: jwt expired[39m
2026-02-08 17:44:15:4415 [31merror[39m: [31mAuthentication error: jwt expired[39m
2026-02-08 17:44:15:4415 [31merror[39m: [31mAuthentication error: jwt expired[39m
2026-02-08 17:44:15:4415 [31merror[39m: [31mAuthentication error: jwt expired[39m
2026-02-08 17:44:15:4415 [31merror[39m: [31mAuthentication error: jwt expired[39m
2026-02-08 17:44:15:4415 [31merror[39m: [31mAuthentication error: jwt expired[39m
2026-02-08 17:44:15:4415 [31merror[39m: [31mAuthentication error: jwt expired[39m
2026-02-08 17:44:15:4415 [31merror[39m: [31mAuthentication error: jwt expired[39m
2026-02-08 17:44:15:4415 [31merror[39m: [31mAuthentication error: jwt expired[39m
2026-02-08 17:44:16:4416 [31merror[39m: [31mAuthentication error: jwt expired[39m
2026-02-08 17:44:16:4416 [31merror[39m: [31mAuthentication error: jwt expired[39m
2026-02-08 17:44:16:4416 [31merror[39m: [31mAuthentication error: jwt expired[39m
2026-02-08 17:44:16:4416 [31merror[39m: [31mAuthentication error: jwt expired[39m
2026-02-08 17:44:16:4416 [31merror[39m: [31mAuthentication error: jwt expired[39m
2026-02-08 17:44:16:4416 [31merror[39m: [31mAuthentication error: jwt expired[39m
2026-02-08 17:44:16:4416 [31merror[39m: [31mAuthentication error: jwt expired[39m
2026-02-08 17:44:16:4416 [31merror[39m: [31mAuthentication error: jwt expired[39m
2026-02-08 17:44:16:4416 [31merror[39m: [31mAuthentication error: jwt expired[39m
2026-02-08 17:44:16:4416 [31merror[39m: [31mAuthentication error: jwt expired[39m
2026-02-08 17:44:16:4416 [31merror[39m: [31mAuthentication error: jwt expired[39m
2026-02-08 17:44:16:4416 [31merror[39m: [31mAuthentication error: jwt expired[39m
2026-02-08 17:44:16:4416 [31merror[39m: [31mAuthentication error: jwt expired[39m
2026-02-08 17:44:16:4416 [31merror[39m: [31mAuthentication error: jwt expired[39m
2026-02-08 17:44:16:4416 [31merror[39m: [31mAuthentication error: jwt expired[39m
2026-02-08 17:44:16:4416 [31merror[39m: [31mAuthentication error: jwt expired[39m
2026-02-08 17:44:16:4416 [31merror[39m: [31mAuthentication error: jwt expired[39m
2026-02-08 17:44:17:4417 [31merror[39m: [31mAuthentication error: jwt expired[39m
2026-02-08 17:44:17:4417 [31merror[39m: [31mAuthentication error: jwt expired[39m
2026-02-08 17:44:17:4417 [31merror[39m: [31mAuthentication error: jwt expired[39m
2026-02-08 17:44:17:4417 [31merror[39m: [31mAuthentication error: jwt expired[39m
2026-02-08 17:44:17:4417 [31merror[39m: [31mAuthentication error: jwt expired[39m
2026-02-08 17:44:17:4417 [31merror[39m: [31mAuthentication error: jwt expired[39m
2026-02-08 17:44:17:4417 [31merror[39m: [31mAuthentication error: jwt expired[39m
2026-02-08 17:44:17:4417 [31merror[39m: [31mAuthentication error: jwt expired[39m
2026-02-08 17:44:17:4417 [31merror[39m: [31mAuthentication error: jwt expired[39m
2026-02-08 17:44:17:4417 [31merror[39m: [31mAuthentication error: jwt expired[39m
2026-02-08 17:44:17:4417 [31merror[39m: [31mAuthentication error: jwt expired[39m
2026-02-08 17:44:17:4417 [31merror[39m: [31mAuthentication error: jwt expired[39m
2026-02-08 17:44:17:4417 [31merror[39m: [31mAuthentication error: jwt expired[39m
2026-02-08 17:44:17:4417 [31merror[39m: [31mAuthentication error: jwt expired[39m
2026-02-08 17:44:17:4417 [31merror[39m: [31mAuthentication error: jwt expired[39m
2026-02-08 17:44:17:4417 [31merror[39m: [31mAuthentication error: jwt expired[39m
2026-02-08 17:44:17:4417 [31merror[39m: [31mAuthentication error: jwt expired[39m
2026-02-08 17:44:18:4418 [31merror[39m: [31mAuthentication error: jwt expired[39m
2026-02-08 17:44:18:4418 [31merror[39m: [31mAuthentication error: jwt expired[39m
2026-02-08 17:44:18:4418 [31merror[39m: [31mAuthentication error: jwt expired[39m
2026-02-08 17:44:18:4418 [31merror[39m: [31mAuthentication error: jwt expired[39m
2026-02-08 17:44:18:4418 [31merror[39m: [31mAuthentication error: jwt expired[39m
2026-02-08 17:44:18:4418 [31merror[39m: [31mAuthentication error: jwt expired[39m
2026-02-08 17:44:18:4418 [31merror[39m: [31mAuthentication error: jwt expired[39m
2026-02-08 17:44:18:4418 [31merror[39m: [31mAuthentication error: jwt expired[39m
2026-02-08 17:44:18:4418 [31merror[39m: [31mAuthentication error: jwt expired[39m
2026-02-08 17:44:18:4418 [31merror[39m: [31mAuthentication error: jwt expired[39m
2026-02-08 17:44:18:4418 [31merror[39m: [31mAuthentication error: jwt expired[39m
2026-02-08 17:44:18:4418 [31merror[39m: [31mAuthentication error: jwt expired[39m
2026-02-08 17:44:18:4418 [31merror[39m: [31mAuthentication error: jwt expired[39m
2026-02-08 17:44:18:4418 [31merror[39m: [31mAuthentication error: jwt expired[39m
2026-02-08 17:44:18:4418 [31merror[39m: [31mAuthentication error: jwt expired[39m
2026-02-08 17:44:18:4418 [31merror[39m: [31mAuthentication error: jwt expired[39m
2026-02-08 17:44:19:4419 [31merror[39m: [31mAuthentication error: jwt expired[39m
2026-02-08 17:44:19:4419 [31merror[39m: [31mAuthentication error: jwt expired[39m
2026-02-08 17:44:19:4419 [31merror[39m: [31mAuthentication error: jwt expired[39m
2026-02-08 17:44:19:4419 [31merror[39m: [31mAuthentication error: jwt expired[39m
2026-02-08 17:44:19:4419 [31merror[39m: [31mAuthentication error: jwt expired[39m
2026-02-08 17:44:19:4419 [31merror[39m: [31mAuthentication error: jwt expired[39m
2026-02-08 17:44:19:4419 [31merror[39m: [31mAuthentication error: jwt expired[39m
2026-02-08 17:44:19:4419 [31merror[39m: [31mAuthentication error: jwt expired[39m
2026-02-08 17:44:19:4419 [31merror[39m: [31mAuthentication error: jwt expired[39m
2026-02-08 17:44:19:4419 [31merror[39m: [31mAuthentication error: jwt expired[39m
2026-02-08 17:44:19:4419 [31merror[39m: [31mAuthentication error: jwt expired[39m
2026-02-08 17:44:19:4419 [31merror[39m: [31mAuthentication error: jwt expired[39m
2026-02-08 17:44:19:4419 [31merror[39m: [31mAuthentication error: jwt expired[39m
2026-02-08 17:44:19:4419 [31merror[39m: [31mAuthentication error: jwt expired[39m
2026-02-08 17:44:19:4419 [31merror[39m: [31mAuthentication error: jwt expired[39m
2026-02-08 17:44:19:4419 [31merror[39m: [31mAuthentication error: jwt expired[39m
2026-02-08 17:44:19:4419 [31merror[39m: [31mAuthentication error: jwt expired[39m
2026-02-08 17:44:20:4420 [31merror[39m: [31mAuthentication error: jwt expired[39m
2026-02-08 17:44:20:4420 [31merror[39m: [31mAuthentication error: jwt expired[39m
2026-02-08 17:44:20:4420 [31merror[39m: [31mAuthentication error: jwt expired[39m
2026-02-08 17:44:20:4420 [31merror[39m: [31mAuthentication error: jwt expired[39m
2026-02-08 17:44:20:4420 [31merror[39m: [31mAuthentication error: jwt expired[39m
2026-02-08 17:44:21:4421 [31merror[39m: [31mAuthentication error: jwt expired[39m
2026-02-08 17:44:21:4421 [31merror[39m: [31mAuthentication error: jwt expired[39m
2026-02-08 17:44:21:4421 [31merror[39m: [31mAuthentication error: jwt expired[39m
2026-02-08 17:44:21:4421 [31merror[39m: [31mAuthentication error: jwt expired[39m
2026-02-08 17:44:21:4421 [31merror[39m: [31mAuthentication error: jwt expired[39m
2026-02-08 17:44:21:4421 [31merror[39m: [31mAuthentication error: jwt expired[39m
2026-02-08 17:44:21:4421 [31merror[39m: [31mAuthentication error: jwt expired[39m
2026-02-08 17:44:21:4421 [31merror[39m: [31mAuthentication error: jwt expired[39m
2026-02-08 17:44:21:4421 [31merror[39m: [31mAuthentication error: jwt expired[39m
2026-02-08 17:44:21:4421 [31merror[39m: [31mAuthentication error: jwt expired[39m
2026-02-08 17:44:21:4421 [31merror[39m: [31mAuthentication error: jwt expired[39m
2026-02-08 17:44:21:4421 [31merror[39m: [31mAuthentication error: jwt expired[39m
2026-02-08 17:44:21:4421 [31merror[39m: [31mAuthentication error: jwt expired[39m
2026-02-08 17:44:21:4421 [31merror[39m: [31mAuthentication error: jwt expired[39m
2026-02-08 17:44:21:4421 [31merror[39m: [31mAuthentication error: jwt expired[39m
2026-02-08 17:44:21:4421 [31merror[39m: [31mAuthentication error: jwt expired[39m
2026-02-08 17:44:21:4421 [31merror[39m: [31mAuthentication error: jwt expired[39m
2026-02-08 17:44:21:4421 [31merror[39m: [31mAuthentication error: jwt expired[39m
2026-02-08 17:44:21:4421 [31merror[39m: [31mAuthentication error: jwt expired[39m
2026-02-08 17:44:22:4422 [31merror[39m: [31mAuthentication error: jwt expired[39m
2026-02-08 17:44:22:4422 [31merror[39m: [31mAuthentication error: jwt expired[39m
2026-02-08 17:44:22:4422 [31merror[39m: [31mAuthentication error: jwt expired[39m
2026-02-08 17:44:22:4422 [31merror[39m: [31mAuthentication error: jwt expired[39m
2026-02-08 17:44:22:4422 [31merror[39m: [31mAuthentication error: jwt expired[39m
2026-02-08 17:44:22:4422 [31merror[39m: [31mAuthentication error: jwt expired[39m
2026-02-08 17:44:22:4422 [31merror[39m: [31mAuthentication error: jwt expired[39m
2026-02-08 17:44:22:4422 [31merror[39m: [31mAuthentication error: jwt expired[39m
2026-02-08 17:44:22:4422 [31merror[39m: [31mAuthentication error: jwt expired[39m
2026-02-08 17:44:22:4422 [31merror[39m: [31mAuthentication error: jwt expired[39m
2026-02-08 17:44:22:4422 [31merror[39m: [31mAuthentication error: jwt expired[39m
2026-02-08 17:44:22:4422 [31merror[39m: [31mAuthentication error: jwt expired[39m
2026-02-08 17:44:22:4422 [31merror[39m: [31mAuthentication error: jwt expired[39m
2026-02-08 17:44:22:4422 [31merror[39m: [31mAuthentication error: jwt expired[39m
2026-02-08 17:44:22:4422 [31merror[39m: [31mAuthentication error: jwt expired[39m
2026-02-08 17:44:22:4422 [31merror[39m: [31mAuthentication error: jwt expired[39m
2026-02-08 17:44:22:4422 [31merror[39m: [31mAuthentication error: jwt expired[39m
2026-02-08 17:44:22:4422 [31merror[39m: [31mAuthentication error: jwt expired[39m
2026-02-08 17:44:22:4422 [31merror[39m: [31mAuthentication error: jwt expired[39m
2026-02-08 17:44:22:4422 [31merror[39m: [31mAuthentication error: jwt expired[39m
2026-02-08 17:44:22:4422 [31merror[39m: [31mAuthentication error: jwt expired[39m
2026-02-08 17:44:23:4423 [31merror[39m: [31mAuthentication error: jwt expired[39m
2026-02-08 17:44:23:4423 [31merror[39m: [31mAuthentication error: jwt expired[39m
2026-02-08 17:44:23:4423 [31merror[39m: [31mAuthentication error: jwt expired[39m
2026-02-08 17:44:23:4423 [31merror[39m: [31mAuthentication error: jwt expired[39m
2026-02-08 17:44:23:4423 [31merror[39m: [31mAuthentication error: jwt expired[39m
2026-02-08 17:44:23:4423 [31merror[39m: [31mAuthentication error: jwt expired[39m
2026-02-08 17:44:23:4423 [31merror[39m: [31mAuthentication error: jwt expired[39m
2026-02-08 17:44:23:4423 [31merror[39m: [31mAuthentication error: jwt expired[39m
2026-02-08 17:44:23:4423 [31merror[39m: [31mAuthentication error: jwt expired[39m
2026-02-08 17:44:23:4423 [31merror[39m: [31mAuthentication error: jwt expired[39m
2026-02-08 17:44:23:4423 [31merror[39m: [31mAuthentication error: jwt expired[39m
2026-02-08 17:44:23:4423 [31merror[39m: [31mAuthentication error: jwt expired[39m
2026-02-08 17:44:23:4423 [31merror[39m: [31mAuthentication error: jwt expired[39m
2026-02-08 17:44:23:4423 [31merror[39m: [31mAuthentication error: jwt expired[39m
2026-02-08 17:44:24:4424 [31merror[39m: [31mAuthentication error: jwt expired[39m
2026-02-08 17:44:24:4424 [31merror[39m: [31mAuthentication error: jwt expired[39m
2026-02-08 17:44:24:4424 [31merror[39m: [31mAuthentication error: jwt expired[39m
2026-02-08 17:44:24:4424 [31merror[39m: [31mAuthentication error: jwt expired[39m
2026-02-08 17:44:24:4424 [31merror[39m: [31mAuthentication error: jwt expired[39m
2026-02-08 17:44:24:4424 [31merror[39m: [31mAuthentication error: jwt expired[39m
2026-02-08 17:44:24:4424 [31merror[39m: [31mAuthentication error: jwt expired[39m
2026-02-08 17:44:24:4424 [31merror[39m: [31mAuthentication error: jwt expired[39m
2026-02-08 17:44:24:4424 [31merror[39m: [31mAuthentication error: jwt expired[39m
2026-02-08 17:44:24:4424 [31merror[39m: [31mAuthentication error: jwt expired[39m
2026-02-08 17:44:24:4424 [31merror[39m: [31mAuthentication error: jwt expired[39m
2026-02-08 17:44:24:4424 [31merror[39m: [31mAuthentication error: jwt expired[39m
2026-02-08 17:44:24:4424 [31merror[39m: [31mAuthentication error: jwt expired[39m
2026-02-08 17:44:25:4425 [31merror[39m: [31mAuthentication error: jwt expired[39m
2026-02-08 17:44:25:4425 [31merror[39m: [31mAuthentication error: jwt expired[39m
2026-02-08 17:44:25:4425 [31merror[39m: [31mAuthentication error: jwt expired[39m
2026-02-08 17:44:25:4425 [31merror[39m: [31mAuthentication error: jwt expired[39m
2026-02-08 17:44:25:4425 [31merror[39m: [31mAuthentication error: jwt expired[39m
2026-02-08 17:44:25:4425 [31merror[39m: [31mAuthentication error: jwt expired[39m
2026-02-08 17:44:25:4425 [31merror[39m: [31mAuthentication error: jwt expired[39m
2026-02-08 17:44:25:4425 [31merror[39m: [31mAuthentication error: jwt expired[39m
2026-02-08 17:44:25:4425 [31merror[39m: [31mAuthentication error: jwt expired[39m
2026-02-08 17:44:25:4425 [31merror[39m: [31mAuthentication error: jwt expired[39m
2026-02-08 17:44:25:4425 [31merror[39m: [31mAuthentication error: jwt expired[39m
2026-02-08 17:44:25:4425 [31merror[39m: [31mAuthentication error: jwt expired[39m
2026-02-08 17:44:25:4425 [31merror[39m: [31mAuthentication error: jwt expired[39m
2026-02-08 17:44:25:4425 [31merror[39m: [31mAuthentication error: jwt expired[39m
2026-02-08 17:44:25:4425 [31merror[39m: [31mAuthentication error: jwt expired[39m
2026-02-08 17:44:25:4425 [31merror[39m: [31mAuthentication error: jwt expired[39m
2026-02-08 17:44:25:4425 [31merror[39m: [31mAuthentication error: jwt expired[39m
2026-02-08 17:44:25:4425 [31merror[39m: [31mAuthentication error: jwt expired[39m
2026-02-08 17:44:25:4425 [31merror[39m: [31mAuthentication error: jwt expired[39m
2026-02-08 17:44:25:4425 [31merror[39m: [31mAuthentication error: jwt expired[39m
2026-02-08 17:44:26:4426 [31merror[39m: [31mAuthentication error: jwt expired[39m
2026-02-08 17:44:26:4426 [31merror[39m: [31mAuthentication error: jwt expired[39m
2026-02-08 17:44:26:4426 [31merror[39m: [31mAuthentication error: jwt expired[39m
2026-02-08 17:44:26:4426 [31merror[39m: [31mAuthentication error: jwt expired[39m
2026-02-08 17:44:26:4426 [31merror[39m: [31mAuthentication error: jwt expired[39m
2026-02-08 17:44:26:4426 [31merror[39m: [31mAuthentication error: jwt expired[39m
2026-02-08 17:44:26:4426 [31merror[39m: [31mAuthentication error: jwt expired[39m
2026-02-08 17:44:26:4426 [31merror[39m: [31mAuthentication error: jwt expired[39m
2026-02-08 17:44:26:4426 [31merror[39m: [31mAuthentication error: jwt expired[39m
2026-02-08 17:44:26:4426 [31merror[39m: [31mAuthentication error: jwt expired[39m
2026-02-08 17:44:26:4426 [31merror[39m: [31mAuthentication error: jwt expired[39m
2026-02-08 17:44:26:4426 [31merror[39m: [31mAuthentication error: jwt expired[39m
2026-02-08 17:44:26:4426 [31merror[39m: [31mAuthentication error: jwt expired[39m
2026-02-08 17:44:26:4426 [31merror[39m: [31mAuthentication error: jwt expired[39m
2026-02-08 17:44:26:4426 [31merror[39m: [31mAuthentication error: jwt expired[39m
2026-02-08 17:44:26:4426 [31merror[39m: [31mAuthentication error: jwt expired[39m
2026-02-08 17:44:26:4426 [31merror[39m: [31mAuthentication error: jwt expired[39m
2026-02-08 17:44:26:4426 [31merror[39m: [31mAuthentication error: jwt expired[39m
2026-02-08 17:44:26:4426 [31merror[39m: [31mAuthentication error: jwt expired[39m
2026-02-08 17:44:27:4427 [31merror[39m: [31mAuthentication error: jwt expired[39m
2026-02-08 17:44:27:4427 [31merror[39m: [31mAuthentication error: jwt expired[39m
2026-02-08 17:44:27:4427 [31merror[39m: [31mAuthentication error: jwt expired[39m
2026-02-08 17:44:27:4427 [31merror[39m: [31mAuthentication error: jwt expired[39m
2026-02-08 17:44:27:4427 [31merror[39m: [31mAuthentication error: jwt expired[39m
2026-02-08 17:44:27:4427 [31merror[39m: [31mAuthentication error: jwt expired[39m
2026-02-08 17:44:27:4427 [31merror[39m: [31mAuthentication error: jwt expired[39m
2026-02-08 17:44:27:4427 [31merror[39m: [31mAuthentication error: jwt expired[39m
2026-02-08 17:44:27:4427 [31merror[39m: [31mAuthentication error: jwt expired[39m
2026-02-08 17:44:27:4427 [31merror[39m: [31mAuthentication error: jwt expired[39m
2026-02-08 17:44:27:4427 [31merror[39m: [31mAuthentication error: jwt expired[39m
2026-02-08 17:44:27:4427 [31merror[39m: [31mAuthentication error: jwt expired[39m
2026-02-08 17:44:27:4427 [31merror[39m: [31mAuthentication error: jwt expired[39m
2026-02-08 17:44:27:4427 [31merror[39m: [31mAuthentication error: jwt expired[39m
2026-02-08 17:44:27:4427 [31merror[39m: [31mAuthentication error: jwt expired[39m
2026-02-08 17:44:27:4427 [31merror[39m: [31mAuthentication error: jwt expired[39m
2026-02-08 17:44:27:4427 [31merror[39m: [31mAuthentication error: jwt expired[39m
2026-02-08 17:44:27:4427 [31merror[39m: [31mAuthentication error: jwt expired[39m
2026-02-08 17:44:27:4427 [31merror[39m: [31mAuthentication error: jwt expired[39m
2026-02-08 17:44:28:4428 [31merror[39m: [31mAuthentication error: jwt expired[39m
2026-02-08 17:44:28:4428 [31merror[39m: [31mAuthentication error: jwt expired[39m
2026-02-08 17:44:28:4428 [31merror[39m: [31mAuthentication error: jwt expired[39m
2026-02-08 17:44:28:4428 [31merror[39m: [31mAuthentication error: jwt expired[39m
2026-02-08 17:44:28:4428 [31merror[39m: [31mAuthentication error: jwt expired[39m
2026-02-08 17:44:28:4428 [31merror[39m: [31mAuthentication error: jwt expired[39m
2026-02-08 17:44:28:4428 [31merror[39m: [31mAuthentication error: jwt expired[39m
2026-02-08 17:44:28:4428 [31merror[39m: [31mAuthentication error: jwt expired[39m
2026-02-08 17:44:28:4428 [31merror[39m: [31mAuthentication error: jwt expired[39m
2026-02-08 17:44:28:4428 [31merror[39m: [31mAuthentication error: jwt expired[39m
2026-02-08 17:44:28:4428 [31merror[39m: [31mAuthentication error: jwt expired[39m
2026-02-08 17:44:28:4428 [31merror[39m: [31mAuthentication error: jwt expired[39m
2026-02-08 17:44:28:4428 [31merror[39m: [31mAuthentication error: jwt expired[39m
2026-02-08 17:44:28:4428 [31merror[39m: [31mAuthentication error: jwt expired[39m
2026-02-08 17:44:28:4428 [31merror[39m: [31mAuthentication error: jwt expired[39m
2026-02-08 17:44:28:4428 [31merror[39m: [31mAuthentication error: jwt expired[39m
2026-02-08 17:44:28:4428 [31merror[39m: [31mAuthentication error: jwt expired[39m
2026-02-08 17:44:29:4429 [31merror[39m: [31mAuthentication error: jwt expired[39m
2026-02-08 17:44:29:4429 [31merror[39m: [31mAuthentication error: jwt expired[39m
2026-02-08 17:44:29:4429 [31merror[39m: [31mAuthentication error: jwt expired[39m
2026-02-08 17:44:29:4429 [31merror[39m: [31mAuthentication error: jwt expired[39m
2026-02-08 17:44:29:4429 [31merror[39m: [31mAuthentication error: jwt expired[39m
2026-02-08 17:44:29:4429 [31merror[39m: [31mAuthentication error: jwt expired[39m
2026-02-08 17:44:29:4429 [31merror[39m: [31mAuthentication error: jwt expired[39m
2026-02-08 17:44:29:4429 [31merror[39m: [31mAuthentication error: jwt expired[39m
2026-02-08 17:44:29:4429 [31merror[39m: [31mAuthentication error: jwt expired[39m
2026-02-08 17:44:29:4429 [31merror[39m: [31mAuthentication error: jwt expired[39m
2026-02-08 17:44:29:4429 [31merror[39m: [31mAuthentication error: jwt expired[39m
2026-02-08 17:44:29:4429 [31merror[39m: [31mAuthentication error: jwt expired[39m
2026-02-08 17:44:29:4429 [31merror[39m: [31mAuthentication error: jwt expired[39m
2026-02-08 17:44:29:4429 [31merror[39m: [31mAuthentication error: jwt expired[39m
2026-02-08 17:44:29:4429 [31merror[39m: [31mAuthentication error: jwt expired[39m
2026-02-08 17:44:29:4429 [31merror[39m: [31mAuthentication error: jwt expired[39m
2026-02-08 17:44:29:4429 [31merror[39m: [31mAuthentication error: jwt expired[39m
2026-02-08 17:44:29:4429 [31merror[39m: [31mAuthentication error: jwt expired[39m
2026-02-08 17:44:29:4429 [31merror[39m: [31mAuthentication error: jwt expired[39m
2026-02-08 17:44:29:4429 [31merror[39m: [31mAuthentication error: jwt expired[39m
2026-02-08 17:44:30:4430 [31merror[39m: [31mAuthentication error: jwt expired[39m
2026-02-08 17:44:30:4430 [31merror[39m: [31mAuthentication error: jwt expired[39m
2026-02-08 17:44:30:4430 [31merror[39m: [31mAuthentication error: jwt expired[39m
2026-02-08 17:44:30:4430 [31merror[39m: [31mAuthentication error: jwt expired[39m
2026-02-08 17:44:30:4430 [31merror[39m: [31mAuthentication error: jwt expired[39m
2026-02-08 17:44:30:4430 [31merror[39m: [31mAuthentication error: jwt expired[39m
2026-02-08 17:44:30:4430 [31merror[39m: [31mAuthentication error: jwt expired[39m
2026-02-08 17:44:30:4430 [31merror[39m: [31mAuthentication error: jwt expired[39m
2026-02-08 17:44:30:4430 [31merror[39m: [31mAuthentication error: jwt expired[39m
2026-02-08 17:44:30:4430 [31merror[39m: [31mAuthentication error: jwt expired[39m
2026-02-08 17:44:30:4430 [31merror[39m: [31mAuthentication error: jwt expired[39m
2026-02-08 17:44:30:4430 [31merror[39m: [31mAuthentication error: jwt expired[39m
2026-02-08 17:44:30:4430 [31merror[39m: [31mAuthentication error: jwt expired[39m
2026-02-08 17:44:30:4430 [31merror[39m: [31mAuthentication error: jwt expired[39m
2026-02-08 17:44:30:4430 [31merror[39m: [31mAuthentication error: jwt expired[39m
2026-02-08 17:44:30:4430 [31merror[39m: [31mAuthentication error: jwt expired[39m
2026-02-08 17:44:30:4430 [31merror[39m: [31mAuthentication error: jwt expired[39m
2026-02-08 17:44:30:4430 [31merror[39m: [31mAuthentication error: jwt expired[39m
2026-02-08 17:44:31:4431 [31merror[39m: [31mAuthentication error: jwt expired[39m
2026-02-08 17:44:31:4431 [31merror[39m: [31mAuthentication error: jwt expired[39m
2026-02-08 17:44:31:4431 [31merror[39m: [31mAuthentication error: jwt expired[39m
2026-02-08 17:44:31:4431 [31merror[39m: [31mAuthentication error: jwt expired[39m
2026-02-08 17:44:31:4431 [31merror[39m: [31mAuthentication error: jwt expired[39m
2026-02-08 17:44:31:4431 [31merror[39m: [31mAuthentication error: jwt expired[39m
2026-02-08 17:44:31:4431 [31merror[39m: [31mAuthentication error: jwt expired[39m
2026-02-08 17:44:31:4431 [31merror[39m: [31mAuthentication error: jwt expired[39m
2026-02-08 17:44:31:4431 [31merror[39m: [31mAuthentication error: jwt expired[39m
2026-02-08 17:44:31:4431 [31merror[39m: [31mAuthentication error: jwt expired[39m
2026-02-08 17:44:31:4431 [31merror[39m: [31mAuthentication error: jwt expired[39m
2026-02-08 17:44:31:4431 [31merror[39m: [31mAuthentication error: jwt expired[39m
2026-02-08 17:44:31:4431 [31merror[39m: [31mAuthentication error: jwt expired[39m
2026-02-08 17:44:31:4431 [31merror[39m: [31mAuthentication error: jwt expired[39m
2026-02-08 17:44:31:4431 [31merror[39m: [31mAuthentication error: jwt expired[39m
2026-02-08 17:44:32:4432 [31merror[39m: [31mAuthentication error: jwt expired[39m
2026-02-08 17:44:32:4432 [31merror[39m: [31mAuthentication error: jwt expired[39m
2026-02-08 17:44:32:4432 [31merror[39m: [31mAuthentication error: jwt expired[39m
2026-02-08 17:44:32:4432 [31merror[39m: [31mAuthentication error: jwt expired[39m
2026-02-08 17:44:32:4432 [31merror[39m: [31mAuthentication error: jwt expired[39m
2026-02-08 17:44:32:4432 [31merror[39m: [31mAuthentication error: jwt expired[39m
2026-02-08 17:44:32:4432 [31merror[39m: [31mAuthentication error: jwt expired[39m
2026-02-08 17:44:32:4432 [31merror[39m: [31mAuthentication error: jwt expired[39m
2026-02-08 17:44:32:4432 [31merror[39m: [31mAuthentication error: jwt expired[39m
2026-02-08 17:44:32:4432 [31merror[39m: [31mAuthentication error: jwt expired[39m
2026-02-08 17:44:32:4432 [31merror[39m: [31mAuthentication error: jwt expired[39m
2026-02-08 17:44:32:4432 [31merror[39m: [31mAuthentication error: jwt expired[39m
2026-02-08 17:44:32:4432 [31merror[39m: [31mAuthentication error: jwt expired[39m
2026-02-08 17:44:32:4432 [31merror[39m: [31mAuthentication error: jwt expired[39m
2026-02-08 17:44:32:4432 [31merror[39m: [31mAuthentication error: jwt expired[39m
2026-02-08 17:44:32:4432 [31merror[39m: [31mAuthentication error: jwt expired[39m
2026-02-08 17:44:32:4432 [31merror[39m: [31mAuthentication error: jwt expired[39m
2026-02-08 17:44:32:4432 [31merror[39m: [31mAuthentication error: jwt expired[39m
2026-02-08 17:44:32:4432 [31merror[39m: [31mAuthentication error: jwt expired[39m
2026-02-08 17:44:33:4433 [31merror[39m: [31mAuthentication error: jwt expired[39m
2026-02-08 17:44:33:4433 [31merror[39m: [31mAuthentication error: jwt expired[39m
2026-02-08 17:44:33:4433 [31merror[39m: [31mAuthentication error: jwt expired[39m
2026-02-08 17:44:33:4433 [31merror[39m: [31mAuthentication error: jwt expired[39m
2026-02-08 17:44:33:4433 [31merror[39m: [31mAuthentication error: jwt expired[39m
2026-02-08 17:44:33:4433 [31merror[39m: [31mAuthentication error: jwt expired[39m
2026-02-08 17:44:33:4433 [31merror[39m: [31mAuthentication error: jwt expired[39m
2026-02-08 17:44:33:4433 [31merror[39m: [31mAuthentication error: jwt expired[39m
2026-02-08 17:44:33:4433 [31merror[39m: [31mAuthentication error: jwt expired[39m
2026-02-08 17:44:33:4433 [31merror[39m: [31mAuthentication error: jwt expired[39m
2026-02-08 17:44:33:4433 [31merror[39m: [31mAuthentication error: jwt expired[39m
2026-02-08 17:44:33:4433 [31merror[39m: [31mAuthentication error: jwt expired[39m
2026-02-08 17:44:33:4433 [31merror[39m: [31mAuthentication error: jwt expired[39m
2026-02-08 17:44:33:4433 [31merror[39m: [31mAuthentication error: jwt expired[39m
2026-02-08 17:44:33:4433 [31merror[39m: [31mAuthentication error: jwt expired[39m
2026-02-08 17:44:33:4433 [31merror[39m: [31mAuthentication error: jwt expired[39m
2026-02-08 17:44:33:4433 [31merror[39m: [31mAuthentication error: jwt expired[39m
2026-02-08 17:44:33:4433 [31merror[39m: [31mAuthentication error: jwt expired[39m
2026-02-08 17:44:34:4434 [31merror[39m: [31mAuthentication error: jwt expired[39m
2026-02-08 17:44:34:4434 [31merror[39m: [31mAuthentication error: jwt expired[39m
2026-02-08 17:44:34:4434 [31merror[39m: [31mAuthentication error: jwt expired[39m
2026-02-08 17:44:34:4434 [31merror[39m: [31mAuthentication error: jwt expired[39m
2026-02-08 17:44:34:4434 [31merror[39m: [31mAuthentication error: jwt expired[39m
2026-02-08 17:44:34:4434 [31merror[39m: [31mAuthentication error: jwt expired[39m
2026-02-08 17:44:34:4434 [31merror[39m: [31mAuthentication error: jwt expired[39m
2026-02-08 17:44:34:4434 [31merror[39m: [31mAuthentication error: jwt expired[39m
2026-02-08 17:44:34:4434 [31merror[39m: [31mAuthentication error: jwt expired[39m
2026-02-08 17:44:34:4434 [31merror[39m: [31mAuthentication error: jwt expired[39m
2026-02-08 17:44:34:4434 [31merror[39m: [31mAuthentication error: jwt expired[39m
2026-02-08 17:44:34:4434 [31merror[39m: [31mAuthentication error: jwt expired[39m
2026-02-08 17:44:34:4434 [31merror[39m: [31mAuthentication error: jwt expired[39m
2026-02-08 17:44:34:4434 [31merror[39m: [31mAuthentication error: jwt expired[39m
2026-02-08 17:44:35:4435 [31merror[39m: [31mAuthentication error: jwt expired[39m
2026-02-08 17:44:35:4435 [31merror[39m: [31mAuthentication error: jwt expired[39m
2026-02-08 17:44:35:4435 [31merror[39m: [31mAuthentication error: jwt expired[39m
2026-02-08 17:44:35:4435 [31merror[39m: [31mAuthentication error: jwt expired[39m
2026-02-08 17:44:35:4435 [31merror[39m: [31mAuthentication error: jwt expired[39m
2026-02-08 17:44:35:4435 [31merror[39m: [31mAuthentication error: jwt expired[39m
2026-02-08 17:44:35:4435 [31merror[39m: [31mAuthentication error: jwt expired[39m
2026-02-08 17:44:35:4435 [31merror[39m: [31mAuthentication error: jwt expired[39m
2026-02-08 17:44:35:4435 [31merror[39m: [31mAuthentication error: jwt expired[39m
2026-02-08 17:44:35:4435 [31merror[39m: [31mAuthentication error: jwt expired[39m
2026-02-08 17:44:35:4435 [31merror[39m: [31mAuthentication error: jwt expired[39m
2026-02-08 17:44:35:4435 [31merror[39m: [31mAuthentication error: jwt expired[39m
2026-02-08 17:44:35:4435 [31merror[39m: [31mAuthentication error: jwt expired[39m
2026-02-08 17:44:35:4435 [31merror[39m: [31mAuthentication error: jwt expired[39m
2026-02-08 17:44:35:4435 [31merror[39m: [31mAuthentication error: jwt expired[39m
2026-02-08 17:44:36:4436 [31merror[39m: [31mAuthentication error: jwt expired[39m
2026-02-08 17:44:36:4436 [31merror[39m: [31mAuthentication error: jwt expired[39m
2026-02-08 17:44:36:4436 [31merror[39m: [31mAuthentication error: jwt expired[39m
2026-02-08 17:44:36:4436 [31merror[39m: [31mAuthentication error: jwt expired[39m
2026-02-08 17:44:36:4436 [31merror[39m: [31mAuthentication error: jwt expired[39m
2026-02-08 17:44:36:4436 [31merror[39m: [31mAuthentication error: jwt expired[39m
2026-02-08 17:44:36:4436 [31merror[39m: [31mAuthentication error: jwt expired[39m
2026-02-08 17:44:36:4436 [31merror[39m: [31mAuthentication error: jwt expired[39m
2026-02-08 17:44:36:4436 [31merror[39m: [31mAuthentication error: jwt expired[39m
2026-02-08 17:44:36:4436 [31merror[39m: [31mAuthentication error: jwt expired[39m
2026-02-08 17:44:36:4436 [31merror[39m: [31mAuthentication error: jwt expired[39m
2026-02-08 17:44:36:4436 [31merror[39m: [31mAuthentication error: jwt expired[39m
2026-02-08 17:44:36:4436 [31merror[39m: [31mAuthentication error: jwt expired[39m
2026-02-08 17:44:37:4437 [31merror[39m: [31mAuthentication error: jwt expired[39m
2026-02-08 17:44:37:4437 [31merror[39m: [31mAuthentication error: jwt expired[39m
2026-02-08 17:44:37:4437 [31merror[39m: [31mAuthentication error: jwt expired[39m
2026-02-08 17:44:37:4437 [31merror[39m: [31mAuthentication error: jwt expired[39m
2026-02-08 17:44:37:4437 [31merror[39m: [31mAuthentication error: jwt expired[39m
2026-02-08 17:44:37:4437 [31merror[39m: [31mAuthentication error: jwt expired[39m
2026-02-08 17:44:37:4437 [31merror[39m: [31mAuthentication error: jwt expired[39m
2026-02-08 17:44:37:4437 [31merror[39m: [31mAuthentication error: jwt expired[39m
2026-02-08 17:44:37:4437 [31merror[39m: [31mAuthentication error: jwt expired[39m
2026-02-08 17:44:37:4437 [31merror[39m: [31mAuthentication error: jwt expired[39m
2026-02-08 17:44:37:4437 [31merror[39m: [31mAuthentication error: jwt expired[39m
2026-02-08 17:44:37:4437 [31merror[39m: [31mAuthentication error: jwt expired[39m
2026-02-08 17:44:37:4437 [31merror[39m: [31mAuthentication error: jwt expired[39m
2026-02-08 17:44:37:4437 [31merror[39m: [31mAuthentication error: jwt expired[39m
2026-02-08 17:44:37:4437 [31merror[39m: [31mAuthentication error: jwt expired[39m
2026-02-08 17:44:38:4438 [31merror[39m: [31mAuthentication error: jwt expired[39m
2026-02-08 17:44:38:4438 [31merror[39m: [31mAuthentication error: jwt expired[39m
2026-02-08 17:44:38:4438 [31merror[39m: [31mAuthentication error: jwt expired[39m
2026-02-08 17:44:38:4438 [31merror[39m: [31mAuthentication error: jwt expired[39m
2026-02-08 17:44:38:4438 [31merror[39m: [31mAuthentication error: jwt expired[39m
2026-02-08 17:44:38:4438 [31merror[39m: [31mAuthentication error: jwt expired[39m
2026-02-08 17:44:38:4438 [31merror[39m: [31mAuthentication error: jwt expired[39m
2026-02-08 17:44:38:4438 [31merror[39m: [31mAuthentication error: jwt expired[39m
2026-02-08 17:44:38:4438 [31merror[39m: [31mAuthentication error: jwt expired[39m
2026-02-08 17:44:38:4438 [31merror[39m: [31mAuthentication error: jwt expired[39m
2026-02-08 17:44:38:4438 [31merror[39m: [31mAuthentication error: jwt expired[39m
2026-02-08 17:44:38:4438 [31merror[39m: [31mAuthentication error: jwt expired[39m
2026-02-08 17:44:38:4438 [31merror[39m: [31mAuthentication error: jwt expired[39m
2026-02-08 17:44:38:4438 [31merror[39m: [31mAuthentication error: jwt expired[39m
2026-02-08 17:44:39:4439 [31merror[39m: [31mAuthentication error: jwt expired[39m
2026-02-08 17:44:39:4439 [31merror[39m: [31mAuthentication error: jwt expired[39m
2026-02-08 17:44:39:4439 [31merror[39m: [31mAuthentication error: jwt expired[39m
2026-02-08 17:44:39:4439 [31merror[39m: [31mAuthentication error: jwt expired[39m
2026-02-08 17:44:39:4439 [31merror[39m: [31mAuthentication error: jwt expired[39m
2026-02-08 17:44:39:4439 [31merror[39m: [31mAuthentication error: jwt expired[39m
2026-02-08 17:44:39:4439 [31merror[39m: [31mAuthentication error: jwt expired[39m
2026-02-08 17:44:39:4439 [31merror[39m: [31mAuthentication error: jwt expired[39m
2026-02-08 17:44:39:4439 [31merror[39m: [31mAuthentication error: jwt expired[39m
2026-02-08 17:44:39:4439 [31merror[39m: [31mAuthentication error: jwt expired[39m
2026-02-08 17:44:39:4439 [31merror[39m: [31mAuthentication error: jwt expired[39m
2026-02-08 17:44:39:4439 [31merror[39m: [31mAuthentication error: jwt expired[39m
2026-02-08 17:44:39:4439 [31merror[39m: [31mAuthentication error: jwt expired[39m
2026-02-08 17:44:39:4439 [31merror[39m: [31mAuthentication error: jwt expired[39m
2026-02-08 17:44:39:4439 [31merror[39m: [31mAuthentication error: jwt expired[39m
2026-02-08 17:44:40:4440 [31merror[39m: [31mAuthentication error: jwt expired[39m
2026-02-08 17:44:40:4440 [31merror[39m: [31mAuthentication error: jwt expired[39m
2026-02-08 17:44:40:4440 [31merror[39m: [31mAuthentication error: jwt expired[39m
2026-02-08 17:44:40:4440 [31merror[39m: [31mAuthentication error: jwt expired[39m
2026-02-08 17:44:40:4440 [31merror[39m: [31mAuthentication error: jwt expired[39m
2026-02-08 17:44:40:4440 [31merror[39m: [31mAuthentication error: jwt expired[39m
2026-02-08 17:44:40:4440 [31merror[39m: [31mAuthentication error: jwt expired[39m
2026-02-08 17:44:40:4440 [31merror[39m: [31mAuthentication error: jwt expired[39m
2026-02-08 17:44:40:4440 [31merror[39m: [31mAuthentication error: jwt expired[39m
2026-02-08 17:44:40:4440 [31merror[39m: [31mAuthentication error: jwt expired[39m
2026-02-08 17:44:40:4440 [31merror[39m: [31mAuthentication error: jwt expired[39m
2026-02-08 17:44:40:4440 [31merror[39m: [31mAuthentication error: jwt expired[39m
2026-02-08 17:44:40:4440 [31merror[39m: [31mAuthentication error: jwt expired[39m
2026-02-08 17:44:40:4440 [31merror[39m: [31mAuthentication error: jwt expired[39m
2026-02-08 17:44:41:4441 [31merror[39m: [31mAuthentication error: jwt expired[39m
2026-02-08 17:44:41:4441 [31merror[39m: [31mAuthentication error: jwt expired[39m
2026-02-08 17:44:41:4441 [31merror[39m: [31mAuthentication error: jwt expired[39m
2026-02-08 17:44:41:4441 [31merror[39m: [31mAuthentication error: jwt expired[39m
2026-02-08 17:44:41:4441 [31merror[39m: [31mAuthentication error: jwt expired[39m
2026-02-08 17:44:41:4441 [31merror[39m: [31mAuthentication error: jwt expired[39m
2026-02-08 17:44:41:4441 [31merror[39m: [31mAuthentication error: jwt expired[39m
2026-02-08 17:44:41:4441 [31merror[39m: [31mAuthentication error: jwt expired[39m
2026-02-08 17:44:41:4441 [31merror[39m: [31mAuthentication error: jwt expired[39m
2026-02-08 17:44:41:4441 [31merror[39m: [31mAuthentication error: jwt expired[39m
2026-02-08 17:44:41:4441 [31merror[39m: [31mAuthentication error: jwt expired[39m
2026-02-08 17:44:41:4441 [31merror[39m: [31mAuthentication error: jwt expired[39m
2026-02-08 17:44:41:4441 [31merror[39m: [31mAuthentication error: jwt expired[39m
2026-02-08 17:44:41:4441 [31merror[39m: [31mAuthentication error: jwt expired[39m
2026-02-08 17:44:41:4441 [31merror[39m: [31mAuthentication error: jwt expired[39m
2026-02-08 17:44:41:4441 [31merror[39m: [31mAuthentication error: jwt expired[39m
2026-02-08 17:44:42:4442 [31merror[39m: [31mAuthentication error: jwt expired[39m
2026-02-08 17:44:42:4442 [31merror[39m: [31mAuthentication error: jwt expired[39m
2026-02-08 17:44:42:4442 [31merror[39m: [31mAuthentication error: jwt expired[39m
2026-02-08 17:44:42:4442 [31merror[39m: [31mAuthentication error: jwt expired[39m
2026-02-08 17:44:42:4442 [31merror[39m: [31mAuthentication error: jwt expired[39m
2026-02-08 17:44:42:4442 [31merror[39m: [31mAuthentication error: jwt expired[39m
2026-02-08 17:44:42:4442 [31merror[39m: [31mAuthentication error: jwt expired[39m
2026-02-08 17:44:42:4442 [31merror[39m: [31mAuthentication error: jwt expired[39m
2026-02-08 17:44:42:4442 [31merror[39m: [31mAuthentication error: jwt expired[39m
2026-02-08 17:44:42:4442 [31merror[39m: [31mAuthentication error: jwt expired[39m
2026-02-08 17:44:42:4442 [31merror[39m: [31mAuthentication error: jwt expired[39m
2026-02-08 17:44:42:4442 [31merror[39m: [31mAuthentication error: jwt expired[39m
2026-02-08 17:44:42:4442 [31merror[39m: [31mAuthentication error: jwt expired[39m
2026-02-08 17:44:42:4442 [31merror[39m: [31mAuthentication error: jwt expired[39m
2026-02-08 17:44:42:4442 [31merror[39m: [31mAuthentication error: jwt expired[39m
2026-02-08 17:44:43:4443 [31merror[39m: [31mAuthentication error: jwt expired[39m
2026-02-08 17:44:43:4443 [31merror[39m: [31mAuthentication error: jwt expired[39m
2026-02-08 17:44:43:4443 [31merror[39m: [31mAuthentication error: jwt expired[39m
2026-02-08 17:44:43:4443 [31merror[39m: [31mAuthentication error: jwt expired[39m
2026-02-08 17:44:43:4443 [31merror[39m: [31mAuthentication error: jwt expired[39m
2026-02-08 17:44:43:4443 [31merror[39m: [31mAuthentication error: jwt expired[39m
2026-02-08 17:44:43:4443 [31merror[39m: [31mAuthentication error: jwt expired[39m
2026-02-08 17:44:43:4443 [31merror[39m: [31mAuthentication error: jwt expired[39m
2026-02-08 17:44:43:4443 [31merror[39m: [31mAuthentication error: jwt expired[39m
2026-02-08 17:44:43:4443 [31merror[39m: [31mAuthentication error: jwt expired[39m
2026-02-08 17:44:43:4443 [31merror[39m: [31mAuthentication error: jwt expired[39m
2026-02-08 17:44:43:4443 [31merror[39m: [31mAuthentication error: jwt expired[39m
2026-02-08 17:44:43:4443 [31merror[39m: [31mAuthentication error: jwt expired[39m
2026-02-08 17:44:43:4443 [31merror[39m: [31mAuthentication error: jwt expired[39m
2026-02-08 17:44:43:4443 [31merror[39m: [31mAuthentication error: jwt expired[39m
2026-02-08 17:44:44:4444 [31merror[39m: [31mAuthentication error: jwt expired[39m
2026-02-08 17:44:44:4444 [31merror[39m: [31mAuthentication error: jwt expired[39m
2026-02-08 17:44:44:4444 [31merror[39m: [31mAuthentication error: jwt expired[39m
2026-02-08 17:44:44:4444 [31merror[39m: [31mAuthentication error: jwt expired[39m
2026-02-08 17:44:44:4444 [31merror[39m: [31mAuthentication error: jwt expired[39m
2026-02-08 17:44:44:4444 [31merror[39m: [31mAuthentication error: jwt expired[39m
2026-02-08 17:44:44:4444 [31merror[39m: [31mAuthentication error: jwt expired[39m
2026-02-08 17:44:44:4444 [31merror[39m: [31mAuthentication error: jwt expired[39m
2026-02-08 17:44:44:4444 [31merror[39m: [31mAuthentication error: jwt expired[39m
2026-02-08 17:44:44:4444 [31merror[39m: [31mAuthentication error: jwt expired[39m
2026-02-08 17:44:45:4445 [31merror[39m: [31mAuthentication error: jwt expired[39m
2026-02-08 17:44:45:4445 [31merror[39m: [31mAuthentication error: jwt expired[39m
2026-02-08 17:44:45:4445 [31merror[39m: [31mAuthentication error: jwt expired[39m
2026-02-08 17:44:45:4445 [31merror[39m: [31mAuthentication error: jwt expired[39m
2026-02-08 17:44:45:4445 [31merror[39m: [31mAuthentication error: jwt expired[39m
2026-02-08 17:44:45:4445 [31merror[39m: [31mAuthentication error: jwt expired[39m
2026-02-08 17:44:45:4445 [31merror[39m: [31mAuthentication error: jwt expired[39m
2026-02-08 17:44:45:4445 [31merror[39m: [31mAuthentication error: jwt expired[39m
2026-02-08 17:44:45:4445 [31merror[39m: [31mAuthentication error: jwt expired[39m
2026-02-08 17:44:45:4445 [31merror[39m: [31mAuthentication error: jwt expired[39m
2026-02-08 17:44:45:4445 [31merror[39m: [31mAuthentication error: jwt expired[39m
2026-02-08 17:44:45:4445 [31merror[39m: [31mAuthentication error: jwt expired[39m
2026-02-08 17:44:45:4445 [31merror[39m: [31mAuthentication error: jwt expired[39m
2026-02-08 17:44:46:4446 [31merror[39m: [31mAuthentication error: jwt expired[39m
2026-02-08 17:44:46:4446 [31merror[39m: [31mAuthentication error: jwt expired[39m
2026-02-08 17:44:46:4446 [31merror[39m: [31mAuthentication error: jwt expired[39m
2026-02-08 17:44:46:4446 [31merror[39m: [31mAuthentication error: jwt expired[39m
2026-02-08 17:44:46:4446 [31merror[39m: [31mAuthentication error: jwt expired[39m
2026-02-08 17:44:46:4446 [31merror[39m: [31mAuthentication error: jwt expired[39m
2026-02-08 17:44:46:4446 [31merror[39m: [31mAuthentication error: jwt expired[39m
2026-02-08 17:44:46:4446 [31merror[39m: [31mAuthentication error: jwt expired[39m
2026-02-08 17:44:46:4446 [31merror[39m: [31mAuthentication error: jwt expired[39m
2026-02-08 17:44:46:4446 [31merror[39m: [31mAuthentication error: jwt expired[39m
2026-02-08 17:44:46:4446 [31merror[39m: [31mAuthentication error: jwt expired[39m
2026-02-08 17:44:46:4446 [31merror[39m: [31mAuthentication error: jwt expired[39m
2026-02-08 17:44:46:4446 [31merror[39m: [31mAuthentication error: jwt expired[39m
2026-02-08 17:44:46:4446 [31merror[39m: [31mAuthentication error: jwt expired[39m
2026-02-08 17:44:47:4447 [31merror[39m: [31mAuthentication error: jwt expired[39m
2026-02-08 17:44:47:4447 [31merror[39m: [31mAuthentication error: jwt expired[39m
2026-02-08 17:44:47:4447 [31merror[39m: [31mAuthentication error: jwt expired[39m
2026-02-08 17:44:47:4447 [31merror[39m: [31mAuthentication error: jwt expired[39m
2026-02-08 17:44:47:4447 [31merror[39m: [31mAuthentication error: jwt expired[39m
2026-02-08 17:44:47:4447 [31merror[39m: [31mAuthentication error: jwt expired[39m
2026-02-08 17:44:47:4447 [31merror[39m: [31mAuthentication error: jwt expired[39m
2026-02-08 17:44:47:4447 [31merror[39m: [31mAuthentication error: jwt expired[39m
2026-02-08 17:44:47:4447 [31merror[39m: [31mAuthentication error: jwt expired[39m
2026-02-08 17:44:47:4447 [31merror[39m: [31mAuthentication error: jwt expired[39m
2026-02-08 17:44:47:4447 [31merror[39m: [31mAuthentication error: jwt expired[39m
2026-02-08 17:44:47:4447 [31merror[39m: [31mAuthentication error: jwt expired[39m
2026-02-08 17:44:47:4447 [31merror[39m: [31mAuthentication error: jwt expired[39m
2026-02-08 17:44:48:4448 [31merror[39m: [31mAuthentication error: jwt expired[39m
2026-02-08 17:44:48:4448 [31merror[39m: [31mAuthentication error: jwt expired[39m
2026-02-08 17:44:48:4448 [31merror[39m: [31mAuthentication error: jwt expired[39m
2026-02-08 17:44:48:4448 [31merror[39m: [31mAuthentication error: jwt expired[39m
2026-02-08 17:44:48:4448 [31merror[39m: [31mAuthentication error: jwt expired[39m
2026-02-08 17:44:48:4448 [31merror[39m: [31mAuthentication error: jwt expired[39m
2026-02-08 17:44:48:4448 [31merror[39m: [31mAuthentication error: jwt expired[39m
2026-02-08 17:44:48:4448 [31merror[39m: [31mAuthentication error: jwt expired[39m
2026-02-08 17:44:48:4448 [31merror[39m: [31mAuthentication error: jwt expired[39m
2026-02-08 17:44:48:4448 [31merror[39m: [31mAuthentication error: jwt expired[39m
2026-02-08 17:44:48:4448 [31merror[39m: [31mAuthentication error: jwt expired[39m
2026-02-08 17:44:48:4448 [31merror[39m: [31mAuthentication error: jwt expired[39m
2026-02-08 17:44:48:4448 [31merror[39m: [31mAuthentication error: jwt expired[39m
2026-02-08 17:44:48:4448 [31merror[39m: [31mAuthentication error: jwt expired[39m
2026-02-08 17:44:48:4448 [31merror[39m: [31mAuthentication error: jwt expired[39m
2026-02-08 17:44:49:4449 [31merror[39m: [31mAuthentication error: jwt expired[39m
2026-02-08 17:44:49:4449 [31merror[39m: [31mAuthentication error: jwt expired[39m
2026-02-08 17:44:49:4449 [31merror[39m: [31mAuthentication error: jwt expired[39m
2026-02-08 17:44:49:4449 [31merror[39m: [31mAuthentication error: jwt expired[39m
2026-02-08 17:44:49:4449 [31merror[39m: [31mAuthentication error: jwt expired[39m
2026-02-08 17:44:49:4449 [31merror[39m: [31mAuthentication error: jwt expired[39m
2026-02-08 17:44:49:4449 [31merror[39m: [31mAuthentication error: jwt expired[39m
2026-02-08 17:44:49:4449 [31merror[39m: [31mAuthentication error: jwt expired[39m
2026-02-08 17:44:49:4449 [31merror[39m: [31mAuthentication error: jwt expired[39m
2026-02-08 17:44:49:4449 [31merror[39m: [31mAuthentication error: jwt expired[39m
2026-02-08 17:44:49:4449 [31merror[39m: [31mAuthentication error: jwt expired[39m
2026-02-08 17:44:49:4449 [31merror[39m: [31mAuthentication error: jwt expired[39m
2026-02-08 17:44:49:4449 [31merror[39m: [31mAuthentication error: jwt expired[39m
2026-02-08 17:44:49:4449 [31merror[39m: [31mAuthentication error: jwt expired[39m
2026-02-08 17:44:49:4449 [31merror[39m: [31mAuthentication error: jwt expired[39m
2026-02-08 17:44:50:4450 [31merror[39m: [31mAuthentication error: jwt expired[39m
2026-02-08 17:44:50:4450 [31merror[39m: [31mAuthentication error: jwt expired[39m
2026-02-08 17:44:50:4450 [31merror[39m: [31mAuthentication error: jwt expired[39m
2026-02-08 17:44:50:4450 [31merror[39m: [31mAuthentication error: jwt expired[39m
2026-02-08 17:44:50:4450 [31merror[39m: [31mAuthentication error: jwt expired[39m
2026-02-08 17:44:50:4450 [31merror[39m: [31mAuthentication error: jwt expired[39m
2026-02-08 17:44:50:4450 [31merror[39m: [31mAuthentication error: jwt expired[39m
2026-02-08 17:44:50:4450 [31merror[39m: [31mAuthentication error: jwt expired[39m
2026-02-08 17:44:50:4450 [31merror[39m: [31mAuthentication error: jwt expired[39m
2026-02-08 17:44:50:4450 [31merror[39m: [31mAuthentication error: jwt expired[39m
2026-02-08 17:44:50:4450 [31merror[39m: [31mAuthentication error: jwt expired[39m
2026-02-08 17:44:50:4450 [31merror[39m: [31mAuthentication error: jwt expired[39m
2026-02-08 17:44:50:4450 [31merror[39m: [31mAuthentication error: jwt expired[39m
2026-02-08 17:44:50:4450 [31merror[39m: [31mAuthentication error: jwt expired[39m
2026-02-08 17:44:50:4450 [31merror[39m: [31mAuthentication error: jwt expired[39m
2026-02-08 17:44:51:4451 [31merror[39m: [31mAuthentication error: jwt expired[39m
2026-02-08 17:44:51:4451 [31merror[39m: [31mAuthentication error: jwt expired[39m
2026-02-08 17:44:51:4451 [31merror[39m: [31mAuthentication error: jwt expired[39m
2026-02-08 17:44:51:4451 [31merror[39m: [31mAuthentication error: jwt expired[39m
2026-02-08 17:44:51:4451 [31merror[39m: [31mAuthentication error: jwt expired[39m
2026-02-08 17:44:51:4451 [31merror[39m: [31mAuthentication error: jwt expired[39m
2026-02-08 17:44:51:4451 [31merror[39m: [31mAuthentication error: jwt expired[39m
2026-02-08 17:44:51:4451 [31merror[39m: [31mAuthentication error: jwt expired[39m
2026-02-08 17:44:51:4451 [31merror[39m: [31mAuthentication error: jwt expired[39m
2026-02-08 17:44:51:4451 [31merror[39m: [31mAuthentication error: jwt expired[39m
2026-02-08 17:44:51:4451 [31merror[39m: [31mAuthentication error: jwt expired[39m
2026-02-08 17:44:51:4451 [31merror[39m: [31mAuthentication error: jwt expired[39m
2026-02-08 17:44:51:4451 [31merror[39m: [31mAuthentication error: jwt expired[39m
2026-02-08 17:44:51:4451 [31merror[39m: [31mAuthentication error: jwt expired[39m
2026-02-11 21:32:12:3212 [31merror[39m: [31mRegistration error: User validation failed: phone: Please provide a valid phone number[39m
2026-02-11 21:33:06:336 [31merror[39m: [31mRegistration error: User validation failed: phone: Please provide a valid phone number[39m
2026-02-11 22:28:57:2857 [31merror[39m: [31mCreate property error: Property validation failed: createdBy: Path `createdBy` is required.[39m
2026-02-11 22:31:34:3134 [31merror[39m: [31mCreate property error: Property validation failed: createdBy: Path `createdBy` is required.[39m
2026-02-11 22:41:35:4135 [31merror[39m: [31mCreate property error: Property validation failed: createdBy: Path `createdBy` is required.[39m
2026-02-11 22:42:32:4232 [31merror[39m: [31mCreate property error: Property validation failed: createdBy: Path `createdBy` is required.[39m
2026-02-11 22:42:36:4236 [31merror[39m: [31mCreate property error: Property validation failed: createdBy: Path `createdBy` is required.[39m
